unsigned char figtree_ttf[] = {
  0x00, 0x01, 0x00, 0x00, 0x00, 0x14, 0x01, 0x00, 0x00, 0x04, 0x00, 0x40,
  0x47, 0x44, 0x45, 0x46, 0x6b, 0x8f, 0xc0, 0x08, 0x00, 0x00, 0x03, 0x6c,
  0x00, 0x00, 0x01, 0x72, 0x47, 0x50, 0x4f, 0x53, 0xfd, 0x52, 0xd0, 0x91,
  0x00, 0x00, 0x31, 0x74, 0x00, 0x00, 0x2b, 0xd6, 0x47, 0x53, 0x55, 0x42,
  0x3d, 0xfd, 0xd1, 0x74, 0x00, 0x00, 0x1e, 0x4c, 0x00, 0x00, 0x07, 0x46,
  0x48, 0x56, 0x41, 0x52, 0x7f, 0x33, 0x61, 0x81, 0x00, 0x00, 0x0c, 0xcc,
  0x00, 0x00, 0x04, 0x74, 0x4f, 0x53, 0x2f, 0x32, 0x5f, 0xf6, 0x1d, 0xa1,
  0x00, 0x00, 0x02, 0x04, 0x00, 0x00, 0x00, 0x60, 0x53, 0x54, 0x41, 0x54,
  0xf7, 0x37, 0xd1, 0x81, 0x00, 0x00, 0x02, 0xd0, 0x00, 0x00, 0x00, 0x9c,
  0x61, 0x76, 0x61, 0x72, 0x92, 0x2c, 0xa0, 0x01, 0x00, 0x00, 0x01, 0xa0,
  0x00, 0x00, 0x00, 0x2a, 0x63, 0x6d, 0x61, 0x70, 0xb7, 0xcb, 0xec, 0xfa,
  0x00, 0x00, 0x08, 0x78, 0x00, 0x00, 0x04, 0x52, 0x66, 0x76, 0x61, 0x72,
  0x8f, 0x30, 0x76, 0xf3, 0x00, 0x00, 0x02, 0x64, 0x00, 0x00, 0x00, 0x6a,
  0x67, 0x61, 0x73, 0x70, 0x00, 0x00, 0x00, 0x10, 0x00, 0x00, 0x01, 0x54,
  0x00, 0x00, 0x00, 0x08, 0x67, 0x6c, 0x79, 0x66, 0x61, 0x08, 0x96, 0xe1,
  0x00, 0x00, 0xa0, 0x58, 0x00, 0x00, 0x53, 0x72, 0x67, 0x76, 0x61, 0x72,
  0xe9, 0x09, 0xd1, 0x80, 0x00, 0x00, 0x5d, 0x4c, 0x00, 0x00, 0x43, 0x0a,
  0x68, 0x65, 0x61, 0x64, 0x23, 0x63, 0x88, 0xbd, 0x00, 0x00, 0x01, 0xcc,
  0x00, 0x00, 0x00, 0x36, 0x68, 0x68, 0x65, 0x61, 0x07, 0x5b, 0x07, 0x7d,
  0x00, 0x00, 0x01, 0x7c, 0x00, 0x00, 0x00, 0x24, 0x68, 0x6d, 0x74, 0x78,
  0x8c, 0x34, 0x56, 0xf8, 0x00, 0x00, 0x17, 0x24, 0x00, 0x00, 0x07, 0x28,
  0x6c, 0x6f, 0x63, 0x61, 0xa6, 0x23, 0x90, 0xb9, 0x00, 0x00, 0x04, 0xe0,
  0x00, 0x00, 0x03, 0x96, 0x6d, 0x61, 0x78, 0x70, 0x01, 0xdb, 0x00, 0xbd,
  0x00, 0x00, 0x01, 0x5c, 0x00, 0x00, 0x00, 0x20, 0x6e, 0x61, 0x6d, 0x65,
  0xb3, 0x28, 0xf5, 0x83, 0x00, 0x00, 0x11, 0x40, 0x00, 0x00, 0x05, 0xe2,
  0x70, 0x6f, 0x73, 0x74, 0x0f, 0x9d, 0xa1, 0x25, 0x00, 0x00, 0x25, 0x94,
  0x00, 0x00, 0x0b, 0xdf, 0x70, 0x72, 0x65, 0x70, 0x68, 0x06, 0x8c, 0x85,
  0x00, 0x00, 0x01, 0x4c, 0x00, 0x00, 0x00, 0x07, 0xb8, 0x01, 0xff, 0x85,
  0xb0, 0x04, 0x8d, 0x00, 0x00, 0x01, 0x00, 0x01, 0xff, 0xff, 0x00, 0x0f,
  0x00, 0x01, 0x00, 0x00, 0x01, 0xca, 0x00, 0x55, 0x00, 0x06, 0x00, 0x66,
  0x00, 0x07, 0x00, 0x01, 0x00, 0x00, 0x00, 0x00, 0x00, 0x00, 0x00, 0x00,
  0x00, 0x00, 0x00, 0x00, 0x00, 0x03, 0x00, 0x01, 0x00, 0x01, 0x00, 0x00,
  0x03, 0xb6, 0xff, 0x06, 0x00, 0x00, 0x04, 0x74, 0xff, 0x56, 0xfe, 0x51,
  0x04, 0x4c, 0x03, 0xe8, 0x00, 0x00, 0x00, 0x00, 0x00, 0x00, 0x00, 0x00,
  0x00, 0x00, 0x00, 0x00, 0x00, 0x00, 0x01, 0xca, 0x00, 0x01, 0x00, 0x00,
  0x00, 0x00, 0x00, 0x01, 0x00, 0x08, 0xc0, 0x00, 0xc0, 0x00, 0x00, 0x00,
  0x00, 0x00, 0x0a, 0xab, 0x0a, 0xab, 0x15, 0x55, 0x12, 0x59, 0x20, 0x00,
  0x1b, 0x85, 0x2a, 0xab, 0x26, 0x66, 0x35, 0x55, 0x33, 0x33, 0x40, 0x00,
  0x40, 0x00, 0x00, 0x00, 0x00, 0x01, 0x00, 0x00, 0x00, 0x02, 0x00, 0x83,
  0xd8, 0x4a, 0x11, 0x9c, 0x5f, 0x0f, 0x3c, 0xf5, 0x00, 0x03, 0x03, 0xe8,
  0x00, 0x00, 0x00, 0x00, 0xdc, 0x8d, 0x35, 0x68, 0x00, 0x00, 0x00, 0x00,
  0xe4, 0x1c, 0x0f, 0x3b, 0xff, 0x56, 0xff, 0x24, 0x04, 0x4c, 0x03, 0x90,
  0x00, 0x00, 0x00, 0x06, 0x00, 0x02, 0x00, 0x00, 0x00, 0x00, 0x00, 0x00,
  0x00, 0x04, 0x02, 0x12, 0x01, 0x2c, 0x00, 0x05, 0x00, 0x00, 0x02, 0x8a,
  0x02, 0x58, 0x00, 0x00, 0x00, 0x4b, 0x02, 0x8a, 0x02, 0x58, 0x00, 0x00,
  0x01, 0x5e, 0x00, 0x32, 0x01, 0x2c, 0x00, 0x00, 0x00, 0x00, 0x00, 0x00,
  0x00, 0x00, 0x00, 0x00, 0x00, 0x00, 0xa0, 0x00, 0x00, 0x6f, 0x00, 0x00,
  0x00, 0x7b, 0x00, 0x00, 0x00, 0x00, 0x00, 0x00, 0x00, 0x00, 0x4e, 0x4f,
  0x4e, 0x45, 0x00, 0xc0, 0x00, 0x0d, 0x22, 0x65, 0x03, 0xb6, 0xff, 0x06,
  0x00, 0x00, 0x03, 0xd3, 0x00, 0xde, 0x00, 0x00, 0x00, 0x93, 0x00, 0x00,
  0x00, 0x00, 0x01, 0xf4, 0x02, 0xbc, 0x00, 0x00, 0x00, 0x20, 0x00, 0x03,
  0x00, 0x01, 0x00, 0x00, 0x00, 0x10, 0x00, 0x02, 0x00, 0x01, 0x00, 0x14,
  0x00, 0x07, 0x00, 0x0a, 0x77, 0x67, 0x68, 0x74, 0x01, 0x2c, 0x00, 0x00,
  0x01, 0x2c, 0x00, 0x00, 0x03, 0x84, 0x00, 0x00, 0x00, 0x00, 0x01, 0x00,
  0x01, 0x08, 0x00, 0x00, 0x01, 0x2c, 0x00, 0x00, 0x01, 0x09, 0x01, 0x0a,
  0x00, 0x00, 0x01, 0x90, 0x00, 0x00, 0x01, 0x0b, 0x01, 0x0c, 0x00, 0x00,
  0x01, 0xf4, 0x00, 0x00, 0x01, 0x0d, 0x01, 0x0e, 0x00, 0x00, 0x02, 0x58,
  0x00, 0x00, 0x01, 0x0f, 0x01, 0x10, 0x00, 0x00, 0x02, 0xbc, 0x00, 0x00,
  0x01, 0x11, 0x01, 0x12, 0x00, 0x00, 0x03, 0x20, 0x00, 0x00, 0x01, 0x13,
  0x01, 0x14, 0x00, 0x00, 0x03, 0x84, 0x00, 0x00, 0x01, 0x15, 0x00, 0x00,
  0x00, 0x01, 0x00, 0x01, 0x00, 0x08, 0x00, 0x02, 0x00, 0x00, 0x00, 0x14,
  0x00, 0x08, 0x00, 0x00, 0x00, 0x24, 0x00, 0x02, 0x77, 0x67, 0x68, 0x74,
  0x01, 0x00, 0x00, 0x00, 0x69, 0x74, 0x61, 0x6c, 0x01, 0x16, 0x00, 0x01,
  0x00, 0x10, 0x00, 0x1c, 0x00, 0x2c, 0x00, 0x38, 0x00, 0x44, 0x00, 0x50,
  0x00, 0x5c, 0x00, 0x68, 0x00, 0x01, 0x00, 0x00, 0x00, 0x00, 0x00, 0x11,
  0x01, 0x2c, 0x00, 0x00, 0x00, 0x03, 0x00, 0x00, 0x00, 0x02, 0x00, 0x02,
  0x01, 0x90, 0x00, 0x00, 0x02, 0xbc, 0x00, 0x00, 0x00, 0x01, 0x00, 0x00,
  0x00, 0x00, 0x01, 0x0c, 0x01, 0xf4, 0x00, 0x00, 0x00, 0x01, 0x00, 0x00,
  0x00, 0x00, 0x01, 0x0e, 0x02, 0x58, 0x00, 0x00, 0x00, 0x01, 0x00, 0x00,
  0x00, 0x00, 0x01, 0x10, 0x02, 0xbc, 0x00, 0x00, 0x00, 0x01, 0x00, 0x00,
  0x00, 0x00, 0x01, 0x12, 0x03, 0x20, 0x00, 0x00, 0x00, 0x01, 0x00, 0x00,
  0x00, 0x00, 0x01, 0x14, 0x03, 0x84, 0x00, 0x00, 0x00, 0x03, 0x00, 0x01,
  0x00, 0x02, 0x01, 0x17, 0x00, 0x00, 0x00, 0x00, 0x00, 0x01, 0x00, 0x00,
  0x00, 0x01, 0x00, 0x03, 0x00, 0x12, 0x00, 0x00, 0x00, 0x00, 0x00, 0x00,
  0x00, 0xa0, 0x00, 0x00, 0x00, 0xb8, 0x00, 0x02, 0x00, 0x17, 0x00, 0x01,
  0x00, 0x0b, 0x00, 0x01, 0x00, 0x0e, 0x00, 0x20, 0x00, 0x01, 0x00, 0x22,
  0x00, 0x26, 0x00, 0x01, 0x00, 0x2a, 0x00, 0x3c, 0x00, 0x01, 0x00, 0x3e,
  0x00, 0x4d, 0x00, 0x01, 0x00, 0x51, 0x00, 0x5a, 0x00, 0x01, 0x00, 0x5c,
  0x00, 0x68, 0x00, 0x01, 0x00, 0x6a, 0x00, 0x6e, 0x00, 0x01, 0x00, 0x70,
  0x00, 0x8d, 0x00, 0x01, 0x00, 0x8f, 0x00, 0x97, 0x00, 0x01, 0x00, 0x99,
  0x00, 0xa1, 0x00, 0x01, 0x00, 0xa3, 0x00, 0xbf, 0x00, 0x01, 0x00, 0xc1,
  0x00, 0xd0, 0x00, 0x01, 0x00, 0xd4, 0x00, 0xdd, 0x00, 0x01, 0x00, 0xdf,
  0x00, 0xeb, 0x00, 0x01, 0x00, 0xed, 0x00, 0xf1, 0x00, 0x01, 0x00, 0xf3,
  0x01, 0x0d, 0x00, 0x01, 0x01, 0x8a, 0x01, 0x8a, 0x00, 0x01, 0x01, 0xaa,
  0x01, 0xae, 0x00, 0x03, 0x01, 0xb0, 0x01, 0xb9, 0x00, 0x03, 0x01, 0xbc,
  0x01, 0xbc, 0x00, 0x01, 0x01, 0xbe, 0x01, 0xbf, 0x00, 0x01, 0x01, 0xc5,
  0x01, 0xc5, 0x00, 0x01, 0x00, 0x01, 0x00, 0x01, 0x00, 0x00, 0x00, 0x08,
  0x00, 0x02, 0x00, 0x02, 0x01, 0xaa, 0x01, 0xae, 0x00, 0x00, 0x01, 0xb0,
  0x01, 0xb6, 0x00, 0x05, 0x00, 0x01, 0x00, 0x00, 0x00, 0xa4, 0x00, 0x03,
  0x00, 0x00, 0x00, 0x44, 0x00, 0x00, 0x00, 0x34, 0x00, 0x00, 0x00, 0x14,
  0x00, 0x0b, 0x00, 0x00, 0x00, 0x02, 0x00, 0x01, 0x00, 0x02, 0xd8, 0x00,
  0xf2, 0xf8, 0xf9, 0xff, 0x00, 0xff, 0x00, 0x01, 0x04, 0x09, 0x0a, 0x00,
  0x0c, 0x00, 0x12, 0x06, 0x27, 0x4b, 0x32, 0x1e, 0x00, 0x04, 0x00, 0x01,
  0x00, 0x01, 0x00, 0x00, 0xff, 0x60, 0xff, 0x6a, 0x00, 0x91, 0x00, 0xa3,
  0x00, 0x58, 0x00, 0x00, 0x00, 0x01, 0x00, 0x00, 0xa5, 0xb0, 0xba, 0xbd,
  0xc4, 0xce, 0xd3, 0xd8, 0xda, 0xdd, 0xe2, 0xe7, 0xe9, 0xeb, 0xec, 0xee,
  0xf0, 0xf1, 0xf2, 0xf3, 0xf4, 0xf6, 0xf8, 0xf9, 0xfa, 0xfb, 0xfc, 0xfd,
  0xfe, 0xff, 0x01, 0x02, 0x03, 0x05, 0x06, 0x07, 0x09, 0x0a, 0x0b, 0x0c,
  0x0d, 0x0e, 0x11, 0x13, 0x14, 0x15, 0x17, 0x18, 0x1a, 0x1c, 0x1d, 0x1e,
  0x21, 0x22, 0x23, 0x24, 0x25, 0x26, 0x27, 0x28, 0x2b, 0x2c, 0x2d, 0x2e,
  0x30, 0x31, 0x32, 0x34, 0x35, 0x37, 0x3a, 0x3b, 0x3c, 0x3e, 0x3f, 0x40,
  0x41, 0x44, 0x45, 0x46, 0x4b, 0x53, 0x57, 0x5b, 0x64, 0x67, 0x6a, 0x79,
  0x00, 0x01, 0x00, 0x03, 0x00, 0x00, 0x40, 0x00, 0x40, 0x00, 0x00, 0x00,
  0x26, 0x66, 0x40, 0x00, 0x26, 0x66, 0x40, 0x00, 0x40, 0x00, 0x00, 0x00,
  0x00, 0x00, 0x00, 0x15, 0x00, 0x2f, 0x00, 0x50, 0x00, 0x5c, 0x00, 0x68,
  0x00, 0x74, 0x00, 0x80, 0x00, 0x8c, 0x00, 0x98, 0x00, 0xa4, 0x00, 0xb0,
  0x00, 0xbc, 0x00, 0xe0, 0x01, 0x13, 0x01, 0x47, 0x01, 0x53, 0x01, 0x5f,
  0x01, 0x6a, 0x01, 0x76, 0x01, 0x82, 0x01, 0xa7, 0x01, 0xb3, 0x01, 0xbb,
  0x01, 0xe8, 0x01, 0xff, 0x02, 0x1d, 0x02, 0x29, 0x02, 0x35, 0x02, 0x41,
  0x02, 0x4d, 0x02, 0x59, 0x02, 0x65, 0x02, 0x71, 0x02, 0x86, 0x02, 0xbc,
  0x02, 0xc8, 0x02, 0xd4, 0x02, 0xe0, 0x02, 0xec, 0x03, 0x03, 0x03, 0x22,
  0x03, 0x2e, 0x03, 0x3a, 0x03, 0x46, 0x03, 0x59, 0x03, 0x65, 0x03, 0x91,
  0x03, 0x9d, 0x03, 0xa9, 0x03, 0xb5, 0x03, 0xc0, 0x03, 0xe3, 0x03, 0xef,
  0x03, 0xfb, 0x04, 0x16, 0x04, 0x22, 0x04, 0x31, 0x04, 0x3d, 0x04, 0x49,
  0x04, 0x55, 0x04, 0x6c, 0x04, 0x87, 0x04, 0x9d, 0x04, 0xa9, 0x04, 0xb5,
  0x04, 0xc1, 0x04, 0xcd, 0x04, 0xf8, 0x05, 0x2a, 0x05, 0x63, 0x05, 0x6f,
  0x05, 0x7b, 0x05, 0x87, 0x05, 0x93, 0x05, 0xcb, 0x06, 0x05, 0x06, 0x11,
  0x06, 0x54, 0x06, 0x77, 0x06, 0x9b, 0x06, 0xdd, 0x07, 0x09, 0x07, 0x15,
  0x07, 0x21, 0x07, 0x2d, 0x07, 0x70, 0x07, 0x7c, 0x07, 0x88, 0x07, 0x93,
  0x07, 0x9f, 0x07, 0xab, 0x07, 0xe5, 0x07, 0xf6, 0x08, 0x02, 0x08, 0x0e,
  0x08, 0x32, 0x08, 0x5d, 0x08, 0x69, 0x08, 0x75, 0x08, 0x81, 0x08, 0x8d,
  0x08, 0x99, 0x08, 0xa5, 0x08, 0xb1, 0x08, 0xbd, 0x08, 0xd2, 0x08, 0xee,
  0x08, 0xfa, 0x09, 0x06, 0x09, 0x12, 0x09, 0x1e, 0x09, 0x39, 0x09, 0x4f,
  0x09, 0x5b, 0x09, 0x67, 0x09, 0x73, 0x09, 0x7f, 0x09, 0x95, 0x09, 0xa1,
  0x09, 0xad, 0x09, 0xb9, 0x09, 0xce, 0x09, 0xda, 0x09, 0xf6, 0x0a, 0x02,
  0x0a, 0x37, 0x0a, 0x43, 0x0a, 0x4f, 0x0a, 0x5b, 0x0a, 0x66, 0x0a, 0xa1,
  0x0a, 0xac, 0x0a, 0xb7, 0x0a, 0xc2, 0x0a, 0xcd, 0x0a, 0xd8, 0x0a, 0xe3,
  0x0a, 0xee, 0x0a, 0xfa, 0x0b, 0x05, 0x0b, 0x10, 0x0b, 0x76, 0x0b, 0xac,
  0x0b, 0xdb, 0x0b, 0xe6, 0x0b, 0xf1, 0x0b, 0xfc, 0x0c, 0x07, 0x0c, 0x13,
  0x0c, 0x4a, 0x0c, 0x56, 0x0c, 0x95, 0x0c, 0xe0, 0x0d, 0x15, 0x0d, 0x20,
  0x0d, 0x2b, 0x0d, 0x36, 0x0d, 0x42, 0x0d, 0x4e, 0x0d, 0x59, 0x0d, 0x65,
  0x0d, 0x71, 0x0d, 0x95, 0x0d, 0xe0, 0x0d, 0xeb, 0x0d, 0xf6, 0x0e, 0x02,
  0x0e, 0x0e, 0x0e, 0x32, 0x0e, 0x5d, 0x0e, 0x69, 0x0e, 0x74, 0x0e, 0x80,
  0x0e, 0x8c, 0x0e, 0x97, 0x0e, 0xc3, 0x0e, 0xce, 0x0e, 0xda, 0x0e, 0xe5,
  0x0e, 0xf3, 0x0f, 0x02, 0x0f, 0x2c, 0x0f, 0x45, 0x0f, 0x51, 0x0f, 0x5c,
  0x0f, 0x74, 0x0f, 0x80, 0x0f, 0x8c, 0x0f, 0x98, 0x0f, 0xa4, 0x0f, 0xaf,
  0x0f, 0xc3, 0x0f, 0xfa, 0x10, 0x1e, 0x10, 0x29, 0x10, 0x34, 0x10, 0x40,
  0x10, 0x4b, 0x10, 0x7c, 0x10, 0xae, 0x10, 0xb9, 0x10, 0xc4, 0x10, 0xd0,
  0x10, 0xdb, 0x10, 0xe7, 0x10, 0xf3, 0x11, 0x2c, 0x11, 0x37, 0x11, 0x43,
  0x11, 0x79, 0x11, 0xaf, 0x11, 0xe5, 0x11, 0xfc, 0x12, 0x08, 0x12, 0x13,
  0x12, 0x1e, 0x12, 0x5f, 0x12, 0x6a, 0x12, 0x75, 0x12, 0x80, 0x12, 0x8b,
  0x12, 0x97, 0x12, 0xd2, 0x12, 0xf7, 0x13, 0x23, 0x13, 0x2e, 0x13, 0x52,
  0x13, 0x5d, 0x13, 0x68, 0x13, 0x73, 0x13, 0x7f, 0x13, 0x8a, 0x13, 0x96,
  0x13, 0xa1, 0x13, 0xad, 0x13, 0xb9, 0x13, 0xcb, 0x13, 0xe7, 0x13, 0xf2,
  0x13, 0xfe, 0x14, 0x0a, 0x14, 0x16, 0x14, 0x2e, 0x14, 0x54, 0x14, 0x5f,
  0x14, 0x6a, 0x14, 0x75, 0x14, 0x80, 0x14, 0x96, 0x14, 0xa1, 0x14, 0xac,
  0x14, 0xb8, 0x14, 0xef, 0x14, 0xfa, 0x15, 0x05, 0x15, 0x10, 0x15, 0x1b,
  0x15, 0x27, 0x15, 0x32, 0x15, 0x3e, 0x15, 0x4a, 0x15, 0x56, 0x15, 0x61,
  0x15, 0x7d, 0x15, 0x89, 0x15, 0x95, 0x15, 0xa0, 0x15, 0xc3, 0x15, 0xfa,
  0x16, 0x24, 0x16, 0x56, 0x16, 0x6d, 0x16, 0xa4, 0x16, 0xea, 0x17, 0x05,
  0x17, 0x3a, 0x17, 0x81, 0x17, 0x93, 0x17, 0xe2, 0x18, 0x29, 0x18, 0x64,
  0x18, 0x6c, 0x18, 0x88, 0x18, 0x90, 0x18, 0x98, 0x18, 0xb6, 0x18, 0xbe,
  0x18, 0xc6, 0x18, 0xce, 0x18, 0xd6, 0x18, 0xde, 0x19, 0x18, 0x19, 0x21,
  0x19, 0x2a, 0x19, 0x33, 0x19, 0x3c, 0x19, 0x45, 0x19, 0x4e, 0x19, 0x57,
  0x19, 0x60, 0x19, 0x69, 0x19, 0x72, 0x19, 0x9e, 0x19, 0xb9, 0x19, 0xf1,
  0x1a, 0x38, 0x1a, 0x56, 0x1a, 0x8c, 0x1a, 0xca, 0x1a, 0xe1, 0x1b, 0x26,
  0x1b, 0x64, 0x1b, 0x72, 0x1b, 0x82, 0x1b, 0x92, 0x1b, 0xa2, 0x1b, 0xb2,
  0x1b, 0xc2, 0x1b, 0xd2, 0x1b, 0xe2, 0x1b, 0xeb, 0x1b, 0xf4, 0x1b, 0xfd,
  0x1c, 0x06, 0x1c, 0x0f, 0x1c, 0x18, 0x1c, 0x21, 0x1c, 0x2a, 0x1c, 0x33,
  0x1c, 0x3c, 0x1c, 0x44, 0x1c, 0x4c, 0x1c, 0x54, 0x1c, 0x5c, 0x1c, 0x64,
  0x1c, 0x6c, 0x1c, 0x74, 0x1c, 0x7c, 0x1c, 0x84, 0x1c, 0x8c, 0x1c, 0x8c,
  0x1c, 0x8c, 0x1c, 0x8c, 0x1c, 0xa2, 0x1c, 0xaf, 0x1c, 0xd5, 0x1c, 0xf2,
  0x1d, 0x02, 0x1d, 0x1e, 0x1d, 0x3b, 0x1d, 0x71, 0x1d, 0xa8, 0x1d, 0xb1,
  0x1d, 0xcd, 0x1d, 0xf7, 0x1e, 0x1c, 0x1e, 0x2b, 0x1e, 0x39, 0x1e, 0x42,
  0x1e, 0x4b, 0x1e, 0x58, 0x1e, 0x64, 0x1e, 0x70, 0x1e, 0x7c, 0x1e, 0x9b,
  0x1e, 0xb9, 0x1e, 0xf2, 0x1f, 0x2c, 0x1f, 0x3d, 0x1f, 0x4d, 0x1f, 0x55,
  0x1f, 0x68, 0x1f, 0x7b, 0x1f, 0x8e, 0x1f, 0x9b, 0x1f, 0xa4, 0x1f, 0xb0,
  0x1f, 0xc8, 0x1f, 0xd8, 0x1f, 0xe7, 0x1f, 0xf2, 0x1f, 0xff, 0x20, 0x71,
  0x20, 0xc8, 0x20, 0xf1, 0x21, 0x6a, 0x21, 0xcb, 0x22, 0x1e, 0x22, 0x42,
  0x22, 0x6e, 0x22, 0x7b, 0x22, 0x8f, 0x22, 0xa9, 0x22, 0xd1, 0x23, 0x06,
  0x23, 0x4e, 0x23, 0x96, 0x23, 0xd8, 0x24, 0x08, 0x24, 0x37, 0x24, 0x60,
  0x24, 0x6e, 0x24, 0x81, 0x24, 0x8e, 0x24, 0xa6, 0x24, 0xd2, 0x24, 0xe5,
  0x25, 0x00, 0x25, 0x12, 0x25, 0x25, 0x25, 0x3d, 0x25, 0x56, 0x25, 0x70,
  0x25, 0x82, 0x25, 0xb0, 0x25, 0xc6, 0x25, 0xf3, 0x26, 0x4d, 0x26, 0x6a,
  0x26, 0x87, 0x26, 0xa4, 0x26, 0xc1, 0x26, 0xdf, 0x26, 0xfd, 0x27, 0x1b,
  0x27, 0x38, 0x27, 0x5e, 0x27, 0x74, 0x27, 0x82, 0x27, 0x8f, 0x27, 0xa2,
  0x27, 0xaf, 0x27, 0xc5, 0x27, 0xda, 0x27, 0xf5, 0x28, 0x1b, 0x28, 0x43,
  0x28, 0x4f, 0x28, 0x5c, 0x28, 0x69, 0x28, 0x8e, 0x28, 0xb1, 0x28, 0xd7,
  0x28, 0xe3, 0x28, 0xeb, 0x28, 0xf3, 0x28, 0xfc, 0x29, 0x05, 0x29, 0x0d,
  0x29, 0x15, 0x29, 0x1d, 0x29, 0x25, 0x29, 0x4b, 0x29, 0x53, 0x29, 0x5b,
  0x29, 0x64, 0x29, 0x6c, 0x29, 0xb9, 0x00, 0x00, 0x00, 0x00, 0x00, 0x02,
  0x00, 0x00, 0x00, 0x03, 0x00, 0x00, 0x00, 0x14, 0x00, 0x03, 0x00, 0x01,
  0x00, 0x00, 0x00, 0x14, 0x00, 0x04, 0x04, 0x3e, 0x00, 0x00, 0x00, 0x62,
  0x00, 0x40, 0x00, 0x05, 0x00, 0x22, 0x00, 0x0d, 0x00, 0x2f, 0x00, 0x39,
  0x00, 0x7e, 0x00, 0xac, 0x01, 0x13, 0x01, 0x27, 0x01, 0x2b, 0x01, 0x37,
  0x01, 0x3e, 0x01, 0x48, 0x01, 0x4d, 0x01, 0x61, 0x01, 0x65, 0x01, 0x7e,
  0x01, 0xce, 0x02, 0x1b, 0x02, 0x37, 0x02, 0xc7, 0x02, 0xdd, 0x03, 0x04,
  0x03, 0x08, 0x03, 0x0c, 0x03, 0x12, 0x03, 0x28, 0x1e, 0x85, 0x1e, 0x9e,
  0x1e, 0xf3, 0x20, 0x14, 0x20, 0x1a, 0x20, 0x1e, 0x20, 0x22, 0x20, 0x26,
  0x20, 0x3a, 0x20, 0x44, 0x20, 0x70, 0x20, 0x79, 0x20, 0x89, 0x20, 0xac,
  0x20, 0xb9, 0x21, 0x22, 0x21, 0x5e, 0x21, 0x93, 0x21, 0x99, 0x22, 0x12,
  0x22, 0x15, 0x22, 0x60, 0x22, 0x65, 0xff, 0xff, 0x00, 0x00, 0x00, 0x0d,
  0x00, 0x20, 0x00, 0x30, 0x00, 0x3a, 0x00, 0xa0, 0x00, 0xae, 0x01, 0x16,
  0x01, 0x2a, 0x01, 0x2e, 0x01, 0x39, 0x01, 0x41, 0x01, 0x4a, 0x01, 0x50,
  0x01, 0x64, 0x01, 0x6a, 0x01, 0xcd, 0x02, 0x18, 0x02, 0x37, 0x02, 0xc6,
  0x02, 0xd8, 0x03, 0x00, 0x03, 0x06, 0x03, 0x0a, 0x03, 0x12, 0x03, 0x26,
  0x1e, 0x80, 0x1e, 0x9e, 0x1e, 0xf2, 0x20, 0x13, 0x20, 0x18, 0x20, 0x1c,
  0x20, 0x20, 0x20, 0x26, 0x20, 0x39, 0x20, 0x44, 0x20, 0x70, 0x20, 0x74,
  0x20, 0x80, 0x20, 0xac, 0x20, 0xb9, 0x21, 0x22, 0x21, 0x5b, 0x21, 0x90,
  0x21, 0x96, 0x22, 0x12, 0x22, 0x15, 0x22, 0x60, 0x22, 0x64, 0xff, 0xff,
  0x01, 0x49, 0x00, 0x00, 0x00, 0xde, 0x00, 0x00, 0x00, 0x00, 0x00, 0x00,
  0x00, 0x00, 0x00, 0x00, 0x00, 0x00, 0x00, 0x00, 0x00, 0x00, 0x00, 0x00,
  0x00, 0x00, 0x00, 0x00, 0x00, 0x00, 0x00, 0x00, 0x00, 0x00, 0xfe, 0x7f,
  0xfe, 0xfb, 0x00, 0x00, 0x00, 0x00, 0x00, 0x00, 0x00, 0x00, 0xfe, 0xa4,
  0xfe, 0x91, 0x00, 0x00, 0xe1, 0xbd, 0x00, 0x00, 0xe1, 0x56, 0x00, 0x00,
  0x00, 0x00, 0x00, 0x00, 0xe1, 0x35, 0xe1, 0x41, 0xe0, 0xf4, 0xe0, 0xda,
  0xe0, 0xda, 0xe0, 0xc0, 0xe0, 0xe1, 0xe0, 0xd5, 0xe0, 0x62, 0xdf, 0xe1,
  0x00, 0x00, 0x00, 0x00, 0xdf, 0x81, 0xdf, 0x7c, 0xdf, 0x37, 0x00, 0x00,
  0x00, 0x01, 0x00, 0x00, 0x00, 0x60, 0x00, 0x00, 0x00, 0x7c, 0x01, 0x04,
  0x01, 0x1c, 0x01, 0xe6, 0x02, 0x08, 0x02, 0x0a, 0x02, 0x1c, 0x02, 0x26,
  0x02, 0x34, 0x02, 0x3a, 0x02, 0x5c, 0x02, 0x5e, 0x02, 0x86, 0x02, 0x88,
  0x00, 0x00, 0x00, 0x00, 0x02, 0x8a, 0x02, 0x94, 0x02, 0x9c, 0x02, 0xa0,
  0x00, 0x00, 0x00, 0x00, 0x02, 0xa0, 0x00, 0x00, 0x02, 0xa8, 0x00, 0x00,
  0x02, 0xa8, 0x02, 0xac, 0x02, 0xb0, 0x00, 0x00, 0x00, 0x00, 0x00, 0x00,
  0x00, 0x00, 0x00, 0x00, 0x00, 0x00, 0x00, 0x00, 0x00, 0x00, 0x00, 0x00,
  0x00, 0x00, 0x02, 0xa0, 0x02, 0xa6, 0x00, 0x00, 0x00, 0x00, 0x00, 0x00,
  0x02, 0xa6, 0x00, 0x00, 0x01, 0x54, 0x01, 0x5c, 0x01, 0x7c, 0x01, 0x63,
  0x01, 0x8c, 0x01, 0xa1, 0x01, 0x7f, 0x01, 0x7d, 0x01, 0x6c, 0x01, 0x6d,
  0x01, 0x62, 0x01, 0x92, 0x01, 0x58, 0x01, 0x68, 0x01, 0x57, 0x01, 0x64,
  0x01, 0x59, 0x01, 0x5a, 0x01, 0x99, 0x01, 0x96, 0x01, 0x98, 0x01, 0x5e,
  0x01, 0x7e, 0x00, 0x01, 0x00, 0x0d, 0x00, 0x0e, 0x00, 0x14, 0x00, 0x18,
  0x00, 0x21, 0x00, 0x22, 0x00, 0x27, 0x00, 0x2a, 0x00, 0x33, 0x00, 0x36,
  0x00, 0x38, 0x00, 0x3d, 0x00, 0x3e, 0x00, 0x44, 0x00, 0x4e, 0x00, 0x50,
  0x00, 0x51, 0x00, 0x55, 0x00, 0x5c, 0x00, 0x5f, 0x00, 0x69, 0x00, 0x6a,
  0x00, 0x6f, 0x00, 0x70, 0x00, 0x75, 0x01, 0x70, 0x01, 0x65, 0x01, 0x71,
  0x01, 0x9f, 0x01, 0x6b, 0x01, 0xbe, 0x00, 0x82, 0x00, 0x8e, 0x00, 0x8f,
  0x00, 0x95, 0x00, 0x99, 0x00, 0xa2, 0x00, 0xa3, 0x00, 0xa8, 0x00, 0xab,
  0x00, 0xb5, 0x00, 0xb9, 0x00, 0xbb, 0x00, 0xc0, 0x00, 0xc1, 0x00, 0xc7,
  0x00, 0xd1, 0x00, 0xd3, 0x00, 0xd4, 0x00, 0xd8, 0x00, 0xdf, 0x00, 0xe2,
  0x00, 0xec, 0x00, 0xed, 0x00, 0xf2, 0x00, 0xf3, 0x00, 0xf8, 0x01, 0x6e,
  0x01, 0x86, 0x01, 0x6f, 0x01, 0x9e, 0x01, 0x55, 0x01, 0x5d, 0x01, 0x8a,
  0x01, 0x8f, 0x01, 0x8b, 0x01, 0x90, 0x01, 0x87, 0x01, 0x81, 0x01, 0xbc,
  0x01, 0x82, 0x01, 0x0c, 0x01, 0x78, 0x01, 0x9d, 0x01, 0x83, 0x01, 0xc6,
  0x01, 0x85, 0x01, 0x9c, 0x01, 0x4c, 0x01, 0x4d, 0x01, 0xbf, 0x01, 0xa0,
  0x01, 0x80, 0x01, 0x60, 0x01, 0xc7, 0x01, 0x4b, 0x01, 0x0d, 0x01, 0x79,
  0x01, 0x3a, 0x01, 0x39, 0x01, 0x3b, 0x01, 0x5f, 0x00, 0x07, 0x00, 0x02,
  0x00, 0x05, 0x00, 0x0b, 0x00, 0x06, 0x00, 0x0a, 0x00, 0x0c, 0x00, 0x11,
  0x00, 0x1e, 0x00, 0x19, 0x00, 0x1b, 0x00, 0x1c, 0x00, 0x30, 0x00, 0x2c,
  0x00, 0x2d, 0x00, 0x2e, 0x00, 0x17, 0x00, 0x42, 0x00, 0x48, 0x00, 0x45,
  0x00, 0x46, 0x00, 0x4c, 0x00, 0x47, 0x01, 0x94, 0x00, 0x4b, 0x00, 0x64,
  0x00, 0x60, 0x00, 0x62, 0x00, 0x63, 0x00, 0x71, 0x00, 0x4f, 0x00, 0xde,
  0x00, 0x88, 0x00, 0x83, 0x00, 0x86, 0x00, 0x8c, 0x00, 0x87, 0x00, 0x8b,
  0x00, 0x8d, 0x00, 0x92, 0x00, 0x9f, 0x00, 0x9a, 0x00, 0x9c, 0x00, 0x9d,
  0x00, 0xb1, 0x00, 0xad, 0x00, 0xae, 0x00, 0xaf, 0x00, 0x98, 0x00, 0xc5,
  0x00, 0xcb, 0x00, 0xc8, 0x00, 0xc9, 0x00, 0xcf, 0x00, 0xca, 0x01, 0x95,
  0x00, 0xce, 0x00, 0xe7, 0x00, 0xe3, 0x00, 0xe5, 0x00, 0xe6, 0x00, 0xf4,
  0x00, 0xd2, 0x00, 0xf6, 0x00, 0x08, 0x00, 0x89, 0x00, 0x03, 0x00, 0x84,
  0x00, 0x09, 0x00, 0x8a, 0x00, 0x0f, 0x00, 0x90, 0x00, 0x12, 0x00, 0x93,
  0x00, 0x13, 0x00, 0x94, 0x00, 0x10, 0x00, 0x91, 0x00, 0x15, 0x00, 0x96,
  0x00, 0x16, 0x00, 0x97, 0x00, 0x1f, 0x00, 0xa0, 0x00, 0x1d, 0x00, 0x9e,
  0x00, 0x20, 0x00, 0xa1, 0x00, 0x1a, 0x00, 0x9b, 0x00, 0x24, 0x00, 0xa5,
  0x00, 0x23, 0x00, 0xa4, 0x00, 0x26, 0x00, 0xa7, 0x00, 0x25, 0x00, 0xa6,
  0x00, 0x29, 0x00, 0xaa, 0x00, 0x28, 0x00, 0xa9, 0x00, 0x31, 0x00, 0xb2,
  0x00, 0x32, 0x00, 0xb3, 0x00, 0x2f, 0x00, 0xac, 0x00, 0x2b, 0x00, 0xb4,
  0x00, 0x35, 0x00, 0xb8, 0x00, 0x37, 0x00, 0xba, 0x00, 0x39, 0x00, 0xbc,
  0x00, 0x3b, 0x00, 0xbe, 0x00, 0x3a, 0x00, 0xbd, 0x00, 0x3c, 0x00, 0xbf,
  0x00, 0x3f, 0x00, 0xc2, 0x00, 0x41, 0x00, 0xc4, 0x00, 0x40, 0x00, 0xc3,
  0x00, 0x43, 0x00, 0xc6, 0x00, 0x4a, 0x00, 0xcd, 0x00, 0x49, 0x00, 0xcc,
  0x00, 0x4d, 0x00, 0xd0, 0x00, 0x52, 0x00, 0xd5, 0x00, 0x54, 0x00, 0xd7,
  0x00, 0x53, 0x00, 0xd6, 0x00, 0x56, 0x00, 0xd9, 0x00, 0x59, 0x00, 0xdc,
  0x00, 0x58, 0x00, 0xdb, 0x00, 0x57, 0x00, 0xda, 0x00, 0x5d, 0x00, 0xe0,
  0x00, 0x66, 0x00, 0xe9, 0x00, 0x61, 0x00, 0xe4, 0x00, 0x68, 0x00, 0xeb,
  0x00, 0x65, 0x00, 0xe8, 0x00, 0x67, 0x00, 0xea, 0x00, 0x6c, 0x00, 0xef,
  0x00, 0x72, 0x00, 0xf5, 0x00, 0x73, 0x00, 0x76, 0x00, 0xf9, 0x00, 0x78,
  0x00, 0xfb, 0x00, 0x77, 0x00, 0xfa, 0x00, 0x04, 0x00, 0x85, 0x00, 0x5a,
  0x00, 0xdd, 0x00, 0x5e, 0x00, 0xe1, 0x01, 0xc3, 0x01, 0xbd, 0x01, 0xc4,
  0x01, 0xc8, 0x01, 0xc5, 0x01, 0xc0, 0x01, 0xac, 0x01, 0xad, 0x01, 0xb0,
  0x01, 0xb4, 0x01, 0xb5, 0x01, 0xb2, 0x01, 0xab, 0x01, 0xaa, 0x01, 0xb3,
  0x01, 0xae, 0x01, 0xb1, 0x00, 0x6e, 0x00, 0xf1, 0x00, 0x6b, 0x00, 0xee,
  0x00, 0x6d, 0x00, 0xf0, 0x00, 0x74, 0x00, 0xf7, 0x01, 0x76, 0x01, 0x77,
  0x01, 0x72, 0x01, 0x74, 0x01, 0x75, 0x01, 0x73, 0x01, 0x88, 0x01, 0x89,
  0x01, 0x61, 0x01, 0xa8, 0x01, 0xa2, 0x01, 0xa4, 0x01, 0xa6, 0x01, 0xa9,
  0x01, 0xa3, 0x01, 0xa5, 0x01, 0xa7, 0x01, 0x9b, 0x01, 0x9a, 0x00, 0x00,
  0x00, 0x01, 0x00, 0x00, 0x00, 0x00, 0x03, 0xac, 0x00, 0x00, 0x00, 0x14,
  0x00, 0x00, 0x00, 0x00, 0x00, 0x00, 0x00, 0x00, 0x00, 0x16, 0x01, 0xca,
  0x00, 0x17, 0x00, 0x4d, 0x00, 0x4d, 0x00, 0x4d, 0x00, 0x4d, 0x00, 0x4d,
  0x00, 0x4d, 0x00, 0x4d, 0x00, 0x4d, 0x00, 0x4d, 0x00, 0x4d, 0x00, 0x4d,
  0x00, 0x33, 0x00, 0x19, 0x00, 0x1e, 0x00, 0x1e, 0x00, 0x1e, 0x00, 0x1e,
  0x00, 0x1e, 0x00, 0x1e, 0x00, 0x2e, 0x00, 0x2e, 0x00, 0x0e, 0x00, 0x0e,
  0x00, 0x12, 0x00, 0x12, 0x00, 0x12, 0x00, 0x12, 0x00, 0x12, 0x00, 0x12,
  0x00, 0x12, 0x00, 0x12, 0x00, 0x12, 0x00, 0x2b, 0x00, 0x06, 0x00, 0x06,
  0x00, 0x06, 0x00, 0x06, 0x00, 0x06, 0x00, 0x14, 0x00, 0x14, 0x00, 0x14,
  0x00, 0x35, 0x00, 0x80, 0x00, 0x35, 0x00, 0x35, 0x00, 0x42, 0x00, 0x35,
  0x00, 0x35, 0x00, 0x35, 0x00, 0x35, 0x00, 0x4d, 0x00, 0x4d, 0x00, 0x4d,
  0x00, 0x81, 0x00, 0x81, 0x00, 0x34, 0x00, 0x34, 0x00, 0x34, 0x00, 0x34,
  0x00, 0x34, 0x00, 0x2d, 0x00, 0x16, 0x00, 0x16, 0x00, 0x16, 0x00, 0x16,
  0x00, 0x16, 0x00, 0x16, 0x00, 0x2b, 0x00, 0x2b, 0x00, 0x2b, 0x00, 0x2b,
  0x00, 0x2b, 0x00, 0x2b, 0x00, 0x2b, 0x00, 0x22, 0x00, 0x2b, 0x00, 0x05,
  0x00, 0x3d, 0x00, 0x47, 0x00, 0x27, 0x00, 0x38, 0x00, 0x38, 0x00, 0x38,
  0x00, 0x38, 0x00, 0x0c, 0x00, 0x0c, 0x00, 0x0c, 0x00, 0x0c, 0x00, 0x0c,
  0x00, 0x0c, 0x00, 0x61, 0x00, 0x46, 0x00, 0x46, 0x00, 0x46, 0x00, 0x10,
  0x00, 0x10, 0x00, 0x10, 0x00, 0x10, 0x00, 0x10, 0x00, 0x10, 0x00, 0x10,
  0x00, 0x10, 0x00, 0x10, 0x00, 0x10, 0x00, 0x43, 0x00, 0x3f, 0x00, 0x3f,
  0x00, 0x3f, 0x00, 0x3f, 0x00, 0x3f, 0x00, 0x83, 0x00, 0x54, 0x00, 0x54,
  0x00, 0x54, 0x00, 0x54, 0x00, 0x54, 0x00, 0x0a, 0x00, 0x0a, 0x00, 0x0a,
  0x00, 0x0a, 0x00, 0x56, 0x00, 0x86, 0x00, 0x56, 0x00, 0x56, 0x00, 0x56,
  0x00, 0x56, 0x00, 0x56, 0x00, 0x56, 0x00, 0x56, 0x01, 0x03, 0x00, 0x38,
  0x00, 0x38, 0x00, 0x38, 0x00, 0x38, 0x00, 0x38, 0x00, 0x38, 0x00, 0x38,
  0x00, 0x38, 0x00, 0x38, 0x00, 0x38, 0x01, 0x00, 0x00, 0x29, 0x00, 0x1f,
  0x00, 0x1f, 0x00, 0x1f, 0x00, 0x1f, 0x00, 0x1f, 0x00, 0x1f, 0x00, 0x28,
  0x00, 0x28, 0x00, 0x28, 0x00, 0x08, 0x01, 0x02, 0x00, 0x29, 0x00, 0x29,
  0x00, 0x29, 0x00, 0x29, 0x00, 0x29, 0x00, 0x29, 0x00, 0x29, 0x00, 0x29,
  0x00, 0x3d, 0x00, 0x30, 0x00, 0x30, 0x00, 0x30, 0x00, 0x30, 0x00, 0x30,
  0x00, 0x2c, 0x00, 0x2c, 0x00, 0x2c, 0x00, 0x44, 0x00, 0x44, 0x00, 0x44,
  0x00, 0x44, 0x00, 0x44, 0x00, 0x44, 0x00, 0x44, 0x00, 0x44, 0x00, 0x44,
  0x00, 0x5f, 0x00, 0x3b, 0x00, 0x3a, 0x00, 0x3a, 0x00, 0x3a, 0x00, 0x5f,
  0x00, 0x5f, 0x00, 0x40, 0x00, 0x40, 0x00, 0x40, 0x00, 0x40, 0x00, 0x1e,
  0x00, 0x3a, 0x00, 0x2a, 0x00, 0x2a, 0x00, 0x2a, 0x00, 0x2a, 0x00, 0x2a,
  0x00, 0x2a, 0x00, 0x19, 0x00, 0x19, 0x00, 0x19, 0x00, 0x19, 0x00, 0x19,
  0x00, 0x19, 0x00, 0x19, 0x00, 0x16, 0x00, 0x19, 0x00, 0x2c, 0x00, 0x29,
  0x00, 0x29, 0x00, 0x31, 0x00, 0x52, 0x00, 0x52, 0x00, 0x52, 0x00, 0x52,
  0x01, 0x01, 0x00, 0x2b, 0x00, 0x2b, 0x00, 0x2b, 0x00, 0x2b, 0x00, 0x2b,
  0x00, 0x3c, 0x00, 0x3e, 0x00, 0x4c, 0x00, 0x3e, 0x00, 0x2a, 0x00, 0x2a,
  0x00, 0x2a, 0x00, 0x2a, 0x00, 0x2a, 0x00, 0x2a, 0x00, 0x2a, 0x00, 0x2a,
  0x00, 0x2a, 0x00, 0x2a, 0x00, 0x4b, 0x00, 0x5d, 0x00, 0x5d, 0x00, 0x5d,
  0x00, 0x5d, 0x00, 0x5d, 0x00, 0x82, 0x00, 0x5c, 0x00, 0x5c, 0x00, 0x5c,
  0x00, 0x5c, 0x00, 0x5c, 0x00, 0x07, 0x00, 0x07, 0x00, 0x07, 0x00, 0x07,
  0x00, 0x28, 0x00, 0x28, 0x00, 0x28, 0x00, 0x28, 0x00, 0x28, 0x00, 0x28,
  0x00, 0x28, 0x00, 0x28, 0x00, 0x28, 0x00, 0x28, 0x00, 0x28, 0x00, 0x3b,
  0x00, 0x3b, 0x00, 0x3b, 0x00, 0x3b, 0x00, 0x30, 0x00, 0x21, 0x00, 0x12,
  0x00, 0x24, 0x00, 0x26, 0x00, 0x39, 0x00, 0x2e, 0x00, 0x2f, 0x00, 0x22,
  0x00, 0x31, 0x00, 0x36, 0x00, 0x13, 0x00, 0x31, 0x00, 0x24, 0x00, 0x26,
  0x00, 0x26, 0x00, 0x26, 0x00, 0x26, 0x00, 0x26, 0x00, 0x26, 0x00, 0x26,
  0x00, 0x26, 0x00, 0x26, 0x00, 0x26, 0x00, 0x26, 0x00, 0x17, 0x00, 0x15,
  0x00, 0x20, 0x00, 0x18, 0x00, 0x1c, 0x00, 0x14, 0x00, 0x20, 0x00, 0x25,
  0x00, 0x0d, 0x00, 0x20, 0x00, 0x17, 0x00, 0x15, 0x00, 0x20, 0x00, 0x18,
  0x00, 0x1c, 0x00, 0x14, 0x00, 0x20, 0x00, 0x25, 0x00, 0x0d, 0x00, 0x20,
  0x00, 0x1e, 0x00, 0x26, 0x00, 0x2a, 0x00, 0x2e, 0x00, 0x12, 0x00, 0x15,
  0x00, 0x11, 0x00, 0x32, 0x00, 0x17, 0x00, 0x15, 0x00, 0x20, 0x00, 0x18,
  0x00, 0x1c, 0x00, 0x14, 0x00, 0x20, 0x00, 0x25, 0x00, 0x0d, 0x00, 0x20,
  0x00, 0x17, 0x00, 0x15, 0x00, 0x20, 0x00, 0x18, 0x00, 0x1c, 0x00, 0x14,
  0x00, 0x20, 0x00, 0x25, 0x00, 0x0d, 0x00, 0x20, 0x00, 0x0a, 0x00, 0x0a,
  0x00, 0x17, 0x00, 0x51, 0x00, 0x45, 0x00, 0x5b, 0x00, 0x59, 0x00, 0x8a,
  0x00, 0x32, 0x00, 0x21, 0x00, 0x28, 0x00, 0x23, 0x00, 0x21, 0x00, 0x04,
  0x00, 0x23, 0x00, 0x1a, 0x00, 0x55, 0x00, 0x55, 0x00, 0x46, 0x00, 0x17,
  0x00, 0x0a, 0x00, 0x17, 0x00, 0x17, 0x00, 0x0f, 0x00, 0x44, 0x00, 0x44,
  0x00, 0x26, 0x00, 0x26, 0x00, 0x39, 0x00, 0x39, 0x00, 0x4f, 0x00, 0x89,
  0x00, 0x87, 0x00, 0x87, 0x00, 0x4e, 0x00, 0x4e, 0x00, 0x85, 0x00, 0x85,
  0x00, 0x52, 0x00, 0x52, 0x00, 0x88, 0x00, 0x58, 0x00, 0x1b, 0x00, 0x1d,
  0x00, 0x50, 0x00, 0x00, 0x00, 0x03, 0x00, 0x0b, 0x00, 0x3b, 0x00, 0x28,
  0x00, 0x15, 0x00, 0x49, 0x00, 0x23, 0x00, 0x23, 0x00, 0x1f, 0x00, 0x55,
  0x00, 0x09, 0x00, 0x48, 0x00, 0x03, 0x00, 0x37, 0x00, 0x60, 0x00, 0x26,
  0x00, 0x26, 0x00, 0x26, 0x00, 0x26, 0x00, 0x26, 0x00, 0x26, 0x00, 0x26,
  0x00, 0x26, 0x00, 0x26, 0x00, 0x26, 0x00, 0x26, 0x00, 0x26, 0x00, 0x26,
  0x00, 0x8b, 0x00, 0x44, 0x00, 0x2a, 0x00, 0x41, 0x00, 0x49, 0x00, 0x01,
  0x00, 0x25, 0x00, 0x02, 0x00, 0x49, 0x00, 0x01, 0x00, 0x25, 0x00, 0x02,
  0x00, 0x17, 0x00, 0x17, 0x00, 0x17, 0x00, 0x17, 0x00, 0x17, 0x00, 0x17,
  0x00, 0x17, 0x00, 0x17, 0x00, 0x17, 0x00, 0x17, 0x00, 0x17, 0x00, 0x17,
  0x00, 0x17, 0x00, 0x17, 0x00, 0x17, 0x00, 0x17, 0x00, 0x17, 0x00, 0x17,
  0x00, 0x57, 0x00, 0x5e, 0x00, 0x53, 0x00, 0x53, 0x00, 0x84, 0x00, 0x55,
  0x00, 0x55, 0x00, 0x4a, 0x00, 0x8c, 0x00, 0x5a, 0x00, 0x17, 0x00, 0x3a,
  0x00, 0x1e, 0x00, 0x09, 0x00, 0x01, 0x00, 0x00, 0x00, 0xb2, 0x00, 0x03,
  0x00, 0x00, 0x00, 0x48, 0x00, 0x00, 0x00, 0x26, 0x00, 0x00, 0x00, 0x14,
  0x00, 0x04, 0x00, 0x00, 0x00, 0x02, 0x00, 0x01, 0x00, 0x02, 0xfc, 0xf9,
  0x00, 0x19, 0x0b, 0x17, 0x20, 0x2d, 0x00, 0x0d, 0x00, 0x01, 0x00, 0x01,
  0x00, 0x00, 0x00, 0x80, 0x00, 0x82, 0x00, 0x8c, 0x00, 0x96, 0x00, 0x9c,
  0x00, 0xba, 0x00, 0xbc, 0x00, 0xc4, 0x00, 0xd5, 0x00, 0xd8, 0x00, 0xde,
  0x00, 0xe6, 0x01, 0x45, 0x00, 0x62, 0x00, 0x00, 0x00, 0x01, 0x00, 0x00,
  0x96, 0xa0, 0xa2, 0xce, 0xd0, 0xd4, 0xd8, 0xdf, 0xe3, 0xeb, 0xec, 0xee,
  0xef, 0xf2, 0xf4, 0xf6, 0xf7, 0xf8, 0xf9, 0xfb, 0xfc, 0xfd, 0xff, 0x00,
  0x01, 0x04, 0x05, 0x06, 0x07, 0x09, 0x0a, 0x0b, 0x0d, 0x0e, 0x0f, 0x10,
  0x11, 0x12, 0x14, 0x15, 0x16, 0x17, 0x18, 0x19, 0x1a, 0x1b, 0x1c, 0x1d,
  0x20, 0x21, 0x22, 0x26, 0x28, 0x29, 0x2b, 0x2c, 0x2d, 0x2e, 0x30, 0x33,
  0x36, 0x37, 0x39, 0x3a, 0x3c, 0x3f, 0x42, 0x45, 0x46, 0x48, 0x4a, 0x4b,
  0x4c, 0x4d, 0x50, 0x54, 0x56, 0x57, 0x58, 0x59, 0x5a, 0x5e, 0x5f, 0x61,
  0x62, 0x64, 0x65, 0x68, 0x69, 0x6a, 0x6f, 0x70, 0x73, 0x77, 0x78, 0x79,
  0x7c, 0x7d, 0x00, 0x01, 0x00, 0x03, 0x00, 0x00, 0x40, 0x00, 0x40, 0x00,
  0x00, 0x00, 0x26, 0x66, 0x40, 0x00, 0x26, 0x66, 0x40, 0x00, 0x40, 0x00,
  0x00, 0x00, 0x00, 0x23, 0x01, 0xaa, 0x00, 0x03, 0x00, 0x01, 0x04, 0x09,
  0x00, 0x00, 0x00, 0xa8, 0x03, 0x90, 0x00, 0x03, 0x00, 0x01, 0x04, 0x09,
  0x00, 0x01, 0x00, 0x1a, 0x03, 0x76, 0x00, 0x03, 0x00, 0x01, 0x04, 0x09,
  0x00, 0x02, 0x00, 0x0e, 0x03, 0x68, 0x00, 0x03, 0x00, 0x01, 0x04, 0x09,
  0x00, 0x03, 0x00, 0x30, 0x03, 0x38, 0x00, 0x03, 0x00, 0x01, 0x04, 0x09,
  0x00, 0x04, 0x00, 0x1a, 0x03, 0x76, 0x00, 0x03, 0x00, 0x01, 0x04, 0x09,
  0x00, 0x05, 0x00, 0x1a, 0x03, 0x1e, 0x00, 0x03, 0x00, 0x01, 0x04, 0x09,
  0x00, 0x06, 0x00, 0x1a, 0x03, 0x04, 0x00, 0x03, 0x00, 0x01, 0x04, 0x09,
  0x00, 0x08, 0x00, 0x18, 0x02, 0xec, 0x00, 0x03, 0x00, 0x01, 0x04, 0x09,
  0x00, 0x09, 0x00, 0x18, 0x02, 0xec, 0x00, 0x03, 0x00, 0x01, 0x04, 0x09,
  0x00, 0x0b, 0x00, 0x32, 0x02, 0xba, 0x00, 0x03, 0x00, 0x01, 0x04, 0x09,
  0x00, 0x0c, 0x00, 0x32, 0x02, 0xba, 0x00, 0x03, 0x00, 0x01, 0x04, 0x09,
  0x00, 0x0d, 0x01, 0x22, 0x01, 0x98, 0x00, 0x03, 0x00, 0x01, 0x04, 0x09,
  0x00, 0x0e, 0x00, 0x36, 0x01, 0x62, 0x00, 0x03, 0x00, 0x01, 0x04, 0x09,
  0x00, 0x10, 0x00, 0x0e, 0x01, 0x54, 0x00, 0x03, 0x00, 0x01, 0x04, 0x09,
  0x00, 0x11, 0x00, 0x0a, 0x01, 0x4a, 0x00, 0x03, 0x00, 0x01, 0x04, 0x09,
  0x00, 0x19, 0x00, 0x0e, 0x01, 0x54, 0x00, 0x03, 0x00, 0x01, 0x04, 0x09,
  0x01, 0x00, 0x00, 0x0c, 0x01, 0x3e, 0x00, 0x03, 0x00, 0x01, 0x04, 0x09,
  0x01, 0x06, 0x00, 0x1e, 0x01, 0x20, 0x00, 0x03, 0x00, 0x01, 0x04, 0x09,
  0x01, 0x07, 0x00, 0x1c, 0x01, 0x04, 0x00, 0x03, 0x00, 0x01, 0x04, 0x09,
  0x01, 0x08, 0x00, 0x0a, 0x01, 0x4a, 0x00, 0x03, 0x00, 0x01, 0x04, 0x09,
  0x01, 0x09, 0x00, 0x1a, 0x03, 0x04, 0x00, 0x03, 0x00, 0x01, 0x04, 0x09,
  0x01, 0x0a, 0x00, 0x0e, 0x03, 0x68, 0x00, 0x03, 0x00, 0x01, 0x04, 0x09,
  0x01, 0x0b, 0x00, 0x1e, 0x00, 0xe6, 0x00, 0x03, 0x00, 0x01, 0x04, 0x09,
  0x01, 0x0c, 0x00, 0x0c, 0x00, 0xda, 0x00, 0x03, 0x00, 0x01, 0x04, 0x09,
  0x01, 0x0d, 0x00, 0x1c, 0x00, 0xbe, 0x00, 0x03, 0x00, 0x01, 0x04, 0x09,
  0x01, 0x0e, 0x00, 0x10, 0x00, 0xae, 0x00, 0x03, 0x00, 0x01, 0x04, 0x09,
  0x01, 0x0f, 0x00, 0x20, 0x00, 0x8e, 0x00, 0x03, 0x00, 0x01, 0x04, 0x09,
  0x01, 0x10, 0x00, 0x08, 0x00, 0x86, 0x00, 0x03, 0x00, 0x01, 0x04, 0x09,
  0x01, 0x11, 0x00, 0x18, 0x00, 0x6e, 0x00, 0x03, 0x00, 0x01, 0x04, 0x09,
  0x01, 0x12, 0x00, 0x12, 0x00, 0x5c, 0x00, 0x03, 0x00, 0x01, 0x04, 0x09,
  0x01, 0x13, 0x00, 0x22, 0x00, 0x3a, 0x00, 0x03, 0x00, 0x01, 0x04, 0x09,
  0x01, 0x14, 0x00, 0x0a, 0x00, 0x30, 0x00, 0x03, 0x00, 0x01, 0x04, 0x09,
  0x01, 0x15, 0x00, 0x1a, 0x00, 0x16, 0x00, 0x03, 0x00, 0x01, 0x04, 0x09,
  0x01, 0x16, 0x00, 0x0c, 0x00, 0x0a, 0x00, 0x03, 0x00, 0x01, 0x04, 0x09,
  0x01, 0x17, 0x00, 0x0a, 0x00, 0x00, 0x00, 0x52, 0x00, 0x6f, 0x00, 0x6d,
  0x00, 0x61, 0x00, 0x6e, 0x00, 0x49, 0x00, 0x74, 0x00, 0x61, 0x00, 0x6c,
  0x00, 0x69, 0x00, 0x63, 0x00, 0x46, 0x00, 0x69, 0x00, 0x67, 0x00, 0x74,
  0x00, 0x72, 0x00, 0x65, 0x00, 0x65, 0x00, 0x2d, 0x00, 0x42, 0x00, 0x6c,
  0x00, 0x61, 0x00, 0x63, 0x00, 0x6b, 0x00, 0x42, 0x00, 0x6c, 0x00, 0x61,
  0x00, 0x63, 0x00, 0x6b, 0x00, 0x46, 0x00, 0x69, 0x00, 0x67, 0x00, 0x74,
  0x00, 0x72, 0x00, 0x65, 0x00, 0x65, 0x00, 0x2d, 0x00, 0x45, 0x00, 0x78,
  0x00, 0x74, 0x00, 0x72, 0x00, 0x61, 0x00, 0x42, 0x00, 0x6f, 0x00, 0x6c,
  0x00, 0x64, 0x00, 0x45, 0x00, 0x78, 0x00, 0x74, 0x00, 0x72, 0x00, 0x61,
  0x00, 0x42, 0x00, 0x6f, 0x00, 0x6c, 0x00, 0x64, 0x00, 0x46, 0x00, 0x69,
  0x00, 0x67, 0x00, 0x74, 0x00, 0x72, 0x00, 0x65, 0x00, 0x65, 0x00, 0x2d,
  0x00, 0x42, 0x00, 0x6f, 0x00, 0x6c, 0x00, 0x64, 0x00, 0x42, 0x00, 0x6f,
  0x00, 0x6c, 0x00, 0x64, 0x00, 0x46, 0x00, 0x69, 0x00, 0x67, 0x00, 0x74,
  0x00, 0x72, 0x00, 0x65, 0x00, 0x65, 0x00, 0x2d, 0x00, 0x53, 0x00, 0x65,
  0x00, 0x6d, 0x00, 0x69, 0x00, 0x42, 0x00, 0x6f, 0x00, 0x6c, 0x00, 0x64,
  0x00, 0x53, 0x00, 0x65, 0x00, 0x6d, 0x00, 0x69, 0x00, 0x42, 0x00, 0x6f,
  0x00, 0x6c, 0x00, 0x64, 0x00, 0x46, 0x00, 0x69, 0x00, 0x67, 0x00, 0x74,
  0x00, 0x72, 0x00, 0x65, 0x00, 0x65, 0x00, 0x2d, 0x00, 0x4d, 0x00, 0x65,
  0x00, 0x64, 0x00, 0x69, 0x00, 0x75, 0x00, 0x6d, 0x00, 0x4d, 0x00, 0x65,
  0x00, 0x64, 0x00, 0x69, 0x00, 0x75, 0x00, 0x6d, 0x00, 0x46, 0x00, 0x69,
  0x00, 0x67, 0x00, 0x74, 0x00, 0x72, 0x00, 0x65, 0x00, 0x65, 0x00, 0x2d,
  0x00, 0x52, 0x00, 0x65, 0x00, 0x67, 0x00, 0x75, 0x00, 0x6c, 0x00, 0x61,
  0x00, 0x72, 0x00, 0x44, 0x00, 0x69, 0x00, 0x73, 0x00, 0x61, 0x00, 0x6d,
  0x00, 0x62, 0x00, 0x69, 0x00, 0x67, 0x00, 0x75, 0x00, 0x61, 0x00, 0x74,
  0x00, 0x69, 0x00, 0x6f, 0x00, 0x6e, 0x00, 0x53, 0x00, 0x69, 0x00, 0x6e,
  0x00, 0x67, 0x00, 0x6c, 0x00, 0x65, 0x00, 0x2d, 0x00, 0x73, 0x00, 0x74,
  0x00, 0x6f, 0x00, 0x72, 0x00, 0x65, 0x00, 0x79, 0x00, 0x20, 0x00, 0x61,
  0x00, 0x57, 0x00, 0x65, 0x00, 0x69, 0x00, 0x67, 0x00, 0x68, 0x00, 0x74,
  0x00, 0x4c, 0x00, 0x69, 0x00, 0x67, 0x00, 0x68, 0x00, 0x74, 0x00, 0x46,
  0x00, 0x69, 0x00, 0x67, 0x00, 0x74, 0x00, 0x72, 0x00, 0x65, 0x00, 0x65,
  0x00, 0x68, 0x00, 0x74, 0x00, 0x74, 0x00, 0x70, 0x00, 0x73, 0x00, 0x3a,
  0x00, 0x2f, 0x00, 0x2f, 0x00, 0x6f, 0x00, 0x70, 0x00, 0x65, 0x00, 0x6e,
  0x00, 0x66, 0x00, 0x6f, 0x00, 0x6e, 0x00, 0x74, 0x00, 0x6c, 0x00, 0x69,
  0x00, 0x63, 0x00, 0x65, 0x00, 0x6e, 0x00, 0x73, 0x00, 0x65, 0x00, 0x2e,
  0x00, 0x6f, 0x00, 0x72, 0x00, 0x67, 0x00, 0x54, 0x00, 0x68, 0x00, 0x69,
  0x00, 0x73, 0x00, 0x20, 0x00, 0x46, 0x00, 0x6f, 0x00, 0x6e, 0x00, 0x74,
  0x00, 0x20, 0x00, 0x53, 0x00, 0x6f, 0x00, 0x66, 0x00, 0x74, 0x00, 0x77,
  0x00, 0x61, 0x00, 0x72, 0x00, 0x65, 0x00, 0x20, 0x00, 0x69, 0x00, 0x73,
  0x00, 0x20, 0x00, 0x6c, 0x00, 0x69, 0x00, 0x63, 0x00, 0x65, 0x00, 0x6e,
  0x00, 0x73, 0x00, 0x65, 0x00, 0x64, 0x00, 0x20, 0x00, 0x75, 0x00, 0x6e,
  0x00, 0x64, 0x00, 0x65, 0x00, 0x72, 0x00, 0x20, 0x00, 0x74, 0x00, 0x68,
  0x00, 0x65, 0x00, 0x20, 0x00, 0x53, 0x00, 0x49, 0x00, 0x4c, 0x00, 0x20,
  0x00, 0x4f, 0x00, 0x70, 0x00, 0x65, 0x00, 0x6e, 0x00, 0x20, 0x00, 0x46,
  0x00, 0x6f, 0x00, 0x6e, 0x00, 0x74, 0x00, 0x20, 0x00, 0x4c, 0x00, 0x69,
  0x00, 0x63, 0x00, 0x65, 0x00, 0x6e, 0x00, 0x73, 0x00, 0x65, 0x00, 0x2c,
  0x00, 0x20, 0x00, 0x56, 0x00, 0x65, 0x00, 0x72, 0x00, 0x73, 0x00, 0x69,
  0x00, 0x6f, 0x00, 0x6e, 0x00, 0x20, 0x00, 0x31, 0x00, 0x2e, 0x00, 0x31,
  0x00, 0x2e, 0x00, 0x20, 0x00, 0x54, 0x00, 0x68, 0x00, 0x69, 0x00, 0x73,
  0x00, 0x20, 0x00, 0x6c, 0x00, 0x69, 0x00, 0x63, 0x00, 0x65, 0x00, 0x6e,
  0x00, 0x73, 0x00, 0x65, 0x00, 0x20, 0x00, 0x69, 0x00, 0x73, 0x00, 0x20,
  0x00, 0x61, 0x00, 0x76, 0x00, 0x61, 0x00, 0x69, 0x00, 0x6c, 0x00, 0x61,
  0x00, 0x62, 0x00, 0x6c, 0x00, 0x65, 0x00, 0x20, 0x00, 0x77, 0x00, 0x69,
  0x00, 0x74, 0x00, 0x68, 0x00, 0x20, 0x00, 0x61, 0x00, 0x20, 0x00, 0x46,
  0x00, 0x41, 0x00, 0x51, 0x00, 0x20, 0x00, 0x61, 0x00, 0x74, 0x00, 0x3a,
  0x00, 0x20, 0x00, 0x68, 0x00, 0x74, 0x00, 0x74, 0x00, 0x70, 0x00, 0x73,
  0x00, 0x3a, 0x00, 0x2f, 0x00, 0x2f, 0x00, 0x6f, 0x00, 0x70, 0x00, 0x65,
  0x00, 0x6e, 0x00, 0x66, 0x00, 0x6f, 0x00, 0x6e, 0x00, 0x74, 0x00, 0x6c,
  0x00, 0x69, 0x00, 0x63, 0x00, 0x65, 0x00, 0x6e, 0x00, 0x73, 0x00, 0x65,
  0x00, 0x2e, 0x00, 0x6f, 0x00, 0x72, 0x00, 0x67, 0x00, 0x68, 0x00, 0x74,
  0x00, 0x74, 0x00, 0x70, 0x00, 0x73, 0x00, 0x3a, 0x00, 0x2f, 0x00, 0x2f,
  0x00, 0x65, 0x00, 0x72, 0x00, 0x69, 0x00, 0x6b, 0x00, 0x64, 0x00, 0x6b,
  0x00, 0x65, 0x00, 0x6e, 0x00, 0x6e, 0x00, 0x65, 0x00, 0x64, 0x00, 0x79,
  0x00, 0x2e, 0x00, 0x63, 0x00, 0x6f, 0x00, 0x6d, 0x00, 0x2f, 0x00, 0x45,
  0x00, 0x72, 0x00, 0x69, 0x00, 0x6b, 0x00, 0x20, 0x00, 0x4b, 0x00, 0x65,
  0x00, 0x6e, 0x00, 0x6e, 0x00, 0x65, 0x00, 0x64, 0x00, 0x79, 0x00, 0x46,
  0x00, 0x69, 0x00, 0x67, 0x00, 0x74, 0x00, 0x72, 0x00, 0x65, 0x00, 0x65,
  0x00, 0x2d, 0x00, 0x4c, 0x00, 0x69, 0x00, 0x67, 0x00, 0x68, 0x00, 0x74,
  0x00, 0x56, 0x00, 0x65, 0x00, 0x72, 0x00, 0x73, 0x00, 0x69, 0x00, 0x6f,
  0x00, 0x6e, 0x00, 0x20, 0x00, 0x32, 0x00, 0x2e, 0x00, 0x30, 0x00, 0x30,
  0x00, 0x32, 0x00, 0x32, 0x00, 0x2e, 0x00, 0x30, 0x00, 0x30, 0x00, 0x32,
  0x00, 0x3b, 0x00, 0x4e, 0x00, 0x4f, 0x00, 0x4e, 0x00, 0x45, 0x00, 0x3b,
  0x00, 0x46, 0x00, 0x69, 0x00, 0x67, 0x00, 0x74, 0x00, 0x72, 0x00, 0x65,
  0x00, 0x65, 0x00, 0x2d, 0x00, 0x4c, 0x00, 0x69, 0x00, 0x67, 0x00, 0x68,
  0x00, 0x74, 0x00, 0x52, 0x00, 0x65, 0x00, 0x67, 0x00, 0x75, 0x00, 0x6c,
  0x00, 0x61, 0x00, 0x72, 0x00, 0x46, 0x00, 0x69, 0x00, 0x67, 0x00, 0x74,
  0x00, 0x72, 0x00, 0x65, 0x00, 0x65, 0x00, 0x20, 0x00, 0x4c, 0x00, 0x69,
  0x00, 0x67, 0x00, 0x68, 0x00, 0x74, 0x00, 0x43, 0x00, 0x6f, 0x00, 0x70,
  0x00, 0x79, 0x00, 0x72, 0x00, 0x69, 0x00, 0x67, 0x00, 0x68, 0x00, 0x74,
  0x00, 0x20, 0x00, 0x32, 0x00, 0x30, 0x00, 0x32, 0x00, 0x32, 0x00, 0x20,
  0x00, 0x54, 0x00, 0x68, 0x00, 0x65, 0x00, 0x20, 0x00, 0x46, 0x00, 0x69,
  0x00, 0x67, 0x00, 0x74, 0x00, 0x72, 0x00, 0x65, 0x00, 0x65, 0x00, 0x20,
  0x00, 0x50, 0x00, 0x72, 0x00, 0x6f, 0x00, 0x6a, 0x00, 0x65, 0x00, 0x63,
  0x00, 0x74, 0x00, 0x20, 0x00, 0x41, 0x00, 0x75, 0x00, 0x74, 0x00, 0x68,
  0x00, 0x6f, 0x00, 0x72, 0x00, 0x73, 0x00, 0x20, 0x00, 0x28, 0x00, 0x68,
  0x00, 0x74, 0x00, 0x74, 0x00, 0x70, 0x00, 0x73, 0x00, 0x3a, 0x00, 0x2f,
  0x00, 0x2f, 0x00, 0x67, 0x00, 0x69, 0x00, 0x74, 0x00, 0x68, 0x00, 0x75,
  0x00, 0x62, 0x00, 0x2e, 0x00, 0x63, 0x00, 0x6f, 0x00, 0x6d, 0x00, 0x2f,
  0x00, 0x65, 0x00, 0x72, 0x00, 0x69, 0x00, 0x6b, 0x00, 0x64, 0x00, 0x6b,
  0x00, 0x65, 0x00, 0x6e, 0x00, 0x6e, 0x00, 0x65, 0x00, 0x64, 0x00, 0x79,
  0x00, 0x2f, 0x00, 0x66, 0x00, 0x69, 0x00, 0x67, 0x00, 0x74, 0x00, 0x72,
  0x00, 0x65, 0x00, 0x65, 0x00, 0x29, 0x00, 0x00, 0x02, 0xc4, 0x00, 0x64,
  0x02, 0x96, 0x00, 0x0a, 0x02, 0x96, 0x00, 0x0a, 0x02, 0x96, 0x00, 0x0a,
  0x02, 0x96, 0x00, 0x0a, 0x02, 0x96, 0x00, 0x0a, 0x02, 0x96, 0x00, 0x0a,
  0x02, 0x96, 0x00, 0x0a, 0x02, 0x96, 0x00, 0x0a, 0x02, 0x96, 0x00, 0x0a,
  0x02, 0x96, 0x00, 0x0a, 0x02, 0x96, 0x00, 0x0a, 0x03, 0xe3, 0x00, 0x0a,
  0x02, 0x62, 0x00, 0x64, 0x02, 0xcf, 0x00, 0x32, 0x02, 0xcf, 0x00, 0x32,
  0x02, 0xcf, 0x00, 0x32, 0x02, 0xcf, 0x00, 0x32, 0x02, 0xcf, 0x00, 0x32,
  0x02, 0xcf, 0x00, 0x32, 0x02, 0xab, 0x00, 0x64, 0x02, 0xab, 0x00, 0x64,
  0x02, 0xf1, 0x00, 0x50, 0x02, 0xf1, 0x00, 0x50, 0x02, 0x51, 0x00, 0x64,
  0x02, 0x51, 0x00, 0x64, 0x02, 0x51, 0x00, 0x64, 0x02, 0x51, 0x00, 0x64,
  0x02, 0x51, 0x00, 0x64, 0x02, 0x51, 0x00, 0x64, 0x02, 0x51, 0x00, 0x64,
  0x02, 0x51, 0x00, 0x64, 0x02, 0x51, 0x00, 0x64, 0x02, 0x1b, 0x00, 0x64,
  0x02, 0xff, 0x00, 0x32, 0x02, 0xff, 0x00, 0x32, 0x02, 0xff, 0x00, 0x32,
  0x02, 0xff, 0x00, 0x32, 0x02, 0xff, 0x00, 0x32, 0x02, 0xf0, 0x00, 0x64,
  0x02, 0xf0, 0x00, 0x05, 0x02, 0xf0, 0x00, 0x64, 0x01, 0x08, 0x00, 0x64,
  0x02, 0xfc, 0x00, 0x64, 0x01, 0x08, 0x00, 0x46, 0x01, 0x08, 0xff, 0xe1,
  0x01, 0x08, 0x00, 0x20, 0x01, 0x08, 0x00, 0x5c, 0x01, 0x08, 0x00, 0x1d,
  0x01, 0x08, 0xff, 0xee, 0x01, 0x08, 0x00, 0x08, 0x01, 0xf4, 0x00, 0x06,
  0x01, 0xf4, 0x00, 0x06, 0x01, 0xf4, 0x00, 0x06, 0x02, 0x4c, 0x00, 0x64,
  0x02, 0x4c, 0x00, 0x64, 0x02, 0x01, 0x00, 0x64, 0x02, 0x01, 0x00, 0x46,
  0x02, 0x01, 0x00, 0x64, 0x02, 0x01, 0x00, 0x64, 0x02, 0x01, 0x00, 0x04,
  0x03, 0x49, 0x00, 0x64, 0x03, 0x06, 0x00, 0x64, 0x03, 0x06, 0x00, 0x64,
  0x03, 0x06, 0x00, 0x64, 0x03, 0x06, 0x00, 0x64, 0x03, 0x06, 0x00, 0x64,
  0x03, 0x06, 0x00, 0x64, 0x03, 0x04, 0x00, 0x32, 0x03, 0x04, 0x00, 0x32,
  0x03, 0x04, 0x00, 0x32, 0x03, 0x04, 0x00, 0x32, 0x03, 0x04, 0x00, 0x32,
  0x03, 0x04, 0x00, 0x32, 0x03, 0x04, 0x00, 0x32, 0x03, 0x0d, 0x00, 0x2d,
  0x03, 0x04, 0x00, 0x32, 0x04, 0x74, 0x00, 0x32, 0x02, 0x3a, 0x00, 0x64,
  0x02, 0x3a, 0x00, 0x64, 0x03, 0x08, 0x00, 0x32, 0x02, 0x6a, 0x00, 0x64,
  0x02, 0x6a, 0x00, 0x64, 0x02, 0x6a, 0x00, 0x64, 0x02, 0x6a, 0x00, 0x64,
  0x02, 0x69, 0x00, 0x37, 0x02, 0x69, 0x00, 0x37, 0x02, 0x69, 0x00, 0x37,
  0x02, 0x69, 0x00, 0x37, 0x02, 0x69, 0x00, 0x37, 0x02, 0x69, 0x00, 0x37,
  0x02, 0x2f, 0x00, 0x64, 0x02, 0x1c, 0x00, 0x0a, 0x02, 0x1c, 0x00, 0x0a,
  0x02, 0x1c, 0x00, 0x0a, 0x02, 0xc5, 0x00, 0x5a, 0x02, 0xc5, 0x00, 0x5a,
  0x02, 0xc5, 0x00, 0x5a, 0x02, 0xc5, 0x00, 0x5a, 0x02, 0xc5, 0x00, 0x5a,
  0x02, 0xc5, 0x00, 0x5a, 0x02, 0xc5, 0x00, 0x5a, 0x02, 0xc5, 0x00, 0x5a,
  0x02, 0xc5, 0x00, 0x5a, 0x02, 0xc5, 0x00, 0x5a, 0x02, 0xa9, 0x00, 0x0a,
  0x03, 0xb6, 0x00, 0x0a, 0x03, 0xb6, 0x00, 0x0a, 0x03, 0xb6, 0x00, 0x0a,
  0x03, 0xb6, 0x00, 0x0a, 0x03, 0xb6, 0x00, 0x0a, 0x02, 0x4d, 0x00, 0x0a,
  0x02, 0x4c, 0x00, 0x0a, 0x02, 0x4c, 0x00, 0x0a, 0x02, 0x4c, 0x00, 0x0a,
  0x02, 0x4c, 0x00, 0x0a, 0x02, 0x4c, 0x00, 0x0a, 0x02, 0x84, 0x00, 0x32,
  0x02, 0x84, 0x00, 0x32, 0x02, 0x84, 0x00, 0x32, 0x02, 0x84, 0x00, 0x32,
  0x01, 0x6c, 0x00, 0x32, 0x03, 0x60, 0x00, 0x32, 0x01, 0x6c, 0x00, 0x32,
  0x01, 0x6c, 0x00, 0x13, 0x01, 0x6c, 0x00, 0x32, 0x01, 0x6c, 0x00, 0x32,
  0x01, 0x6c, 0x00, 0x32, 0x01, 0x6c, 0x00, 0x20, 0x01, 0x6c, 0x00, 0x32,
  0x01, 0xf5, 0x00, 0x2d, 0x01, 0xf5, 0x00, 0x2d, 0x01, 0xf5, 0x00, 0x2d,
  0x01, 0xf5, 0x00, 0x2d, 0x01, 0xf5, 0x00, 0x2d, 0x01, 0xf5, 0x00, 0x2d,
  0x01, 0xf5, 0x00, 0x2d, 0x01, 0xf5, 0x00, 0x2d, 0x01, 0xf5, 0x00, 0x2d,
  0x01, 0xf5, 0x00, 0x2d, 0x01, 0xf5, 0x00, 0x2d, 0x03, 0x6f, 0x00, 0x2d,
  0x02, 0x46, 0x00, 0x4b, 0x02, 0x1b, 0x00, 0x2d, 0x02, 0x1b, 0x00, 0x2d,
  0x02, 0x1b, 0x00, 0x2d, 0x02, 0x1b, 0x00, 0x2d, 0x02, 0x1b, 0x00, 0x2d,
  0x02, 0x1b, 0x00, 0x2d, 0x02, 0x46, 0x00, 0x2d, 0x02, 0x46, 0x00, 0x2d,
  0x02, 0x46, 0x00, 0x2d, 0x02, 0x4d, 0x00, 0x2d, 0x02, 0x1f, 0x00, 0x2d,
  0x02, 0x1f, 0x00, 0x2d, 0x02, 0x1f, 0x00, 0x2d, 0x02, 0x1f, 0x00, 0x2d,
  0x02, 0x1f, 0x00, 0x2d, 0x02, 0x1f, 0x00, 0x2d, 0x02, 0x1f, 0x00, 0x2d,
  0x02, 0x1f, 0x00, 0x2d, 0x02, 0x1f, 0x00, 0x2d, 0x01, 0x68, 0x00, 0x1e,
  0x02, 0x46, 0x00, 0x2d, 0x02, 0x46, 0x00, 0x2d, 0x02, 0x46, 0x00, 0x2d,
  0x02, 0x46, 0x00, 0x2d, 0x02, 0x46, 0x00, 0x2d, 0x02, 0x2a, 0x00, 0x4b,
  0x02, 0x2a, 0x00, 0x00, 0x02, 0x2a, 0xff, 0xc6, 0x00, 0xdc, 0x00, 0x46,
  0x00, 0xdc, 0x00, 0x4f, 0x00, 0xdc, 0x00, 0x30, 0x00, 0xdc, 0xff, 0xcb,
  0x00, 0xdc, 0x00, 0x0a, 0x00, 0xdc, 0x00, 0x46, 0x00, 0xdc, 0x00, 0x07,
  0x00, 0xdc, 0xff, 0xf1, 0x00, 0xdc, 0xff, 0xef, 0x01, 0xe0, 0x00, 0x46,
  0x01, 0x04, 0xff, 0xce, 0x00, 0xfa, 0xff, 0xce, 0x00, 0xfa, 0xff, 0xce,
  0x00, 0xfa, 0xff, 0xce, 0x01, 0xd1, 0x00, 0x4b, 0x01, 0xd1, 0x00, 0x4b,
  0x00, 0xd2, 0x00, 0x4b, 0x00, 0xd2, 0x00, 0x2b, 0x00, 0xd2, 0x00, 0x4b,
  0x00, 0xd2, 0x00, 0x1c, 0x01, 0x18, 0x00, 0x14, 0x03, 0x4b, 0x00, 0x4b,
  0x02, 0x2a, 0x00, 0x4b, 0x02, 0x2a, 0x00, 0x4b, 0x02, 0x2a, 0x00, 0x4b,
  0x02, 0x2a, 0x00, 0x4b, 0x02, 0x2a, 0x00, 0x4b, 0x02, 0x2a, 0x00, 0x4b,
  0x02, 0x43, 0x00, 0x2d, 0x02, 0x43, 0x00, 0x2d, 0x02, 0x43, 0x00, 0x2d,
  0x02, 0x43, 0x00, 0x2d, 0x02, 0x43, 0x00, 0x2d, 0x02, 0x43, 0x00, 0x2d,
  0x02, 0x43, 0x00, 0x2d, 0x02, 0x43, 0x00, 0x20, 0x02, 0x43, 0x00, 0x2d,
  0x03, 0xd6, 0x00, 0x2d, 0x02, 0x4b, 0x00, 0x50, 0x02, 0x46, 0x00, 0x4b,
  0x02, 0x3c, 0x00, 0x2d, 0x01, 0x42, 0x00, 0x4b, 0x01, 0x42, 0x00, 0x4b,
  0x01, 0x42, 0xff, 0xf8, 0x01, 0x42, 0x00, 0x32, 0x01, 0xd2, 0x00, 0x2d,
  0x01, 0xd2, 0x00, 0x2d, 0x01, 0xd2, 0x00, 0x2d, 0x01, 0xd2, 0x00, 0x2d,
  0x01, 0xd2, 0x00, 0x2d, 0x01, 0xd2, 0x00, 0x2d, 0x02, 0x2b, 0x00, 0x4b,
  0x01, 0x70, 0x00, 0x14, 0x01, 0x70, 0x00, 0x14, 0x01, 0x70, 0x00, 0x14,
  0x02, 0x2a, 0x00, 0x3c, 0x02, 0x2a, 0x00, 0x3c, 0x02, 0x2a, 0x00, 0x3c,
  0x02, 0x2a, 0x00, 0x3c, 0x02, 0x2a, 0x00, 0x3c, 0x02, 0x2a, 0x00, 0x3c,
  0x02, 0x2a, 0x00, 0x3c, 0x02, 0x2a, 0x00, 0x3c, 0x02, 0x2a, 0x00, 0x3c,
  0x02, 0x2a, 0x00, 0x3c, 0x01, 0xfa, 0x00, 0x0a, 0x02, 0xfc, 0x00, 0x0a,
  0x02, 0xfc, 0x00, 0x0a, 0x02, 0xfc, 0x00, 0x0a, 0x02, 0xfc, 0x00, 0x0a,
  0x02, 0xfc, 0x00, 0x0a, 0x01, 0xc4, 0x00, 0x0a, 0x01, 0xfb, 0x00, 0x0a,
  0x01, 0xfb, 0x00, 0x0a, 0x01, 0xfb, 0x00, 0x0a, 0x01, 0xfb, 0x00, 0x0a,
  0x01, 0xfb, 0x00, 0x0a, 0x01, 0xf1, 0x00, 0x32, 0x01, 0xf1, 0x00, 0x32,
  0x01, 0xf1, 0x00, 0x32, 0x01, 0xf1, 0x00, 0x32, 0x02, 0x46, 0x00, 0x2d,
  0x02, 0x46, 0x00, 0x2d, 0x02, 0x46, 0x00, 0x2d, 0x02, 0x46, 0x00, 0x2d,
  0x02, 0x46, 0x00, 0x2d, 0x02, 0x46, 0x00, 0x2d, 0x02, 0x46, 0x00, 0x2d,
  0x02, 0x46, 0x00, 0x2d, 0x02, 0x46, 0x00, 0x2d, 0x02, 0x46, 0x00, 0x2d,
  0x02, 0x46, 0x00, 0x2d, 0x01, 0x1c, 0x00, 0x4b, 0x01, 0x1c, 0x00, 0x2b,
  0x01, 0x1c, 0x00, 0x4b, 0x01, 0x1c, 0x00, 0x4b, 0x01, 0x3e, 0x00, 0x14,
  0x01, 0x49, 0x00, 0x1f, 0x01, 0x6e, 0x00, 0x1f, 0x02, 0x7e, 0x00, 0x32,
  0x01, 0x9a, 0x00, 0x41, 0x02, 0x27, 0x00, 0x1e, 0x02, 0x1b, 0x00, 0x43,
  0x02, 0x68, 0x00, 0x32, 0x02, 0x3c, 0x00, 0x41, 0x02, 0x30, 0x00, 0x30,
  0x02, 0x12, 0x00, 0x2d, 0x02, 0x67, 0x00, 0x3c, 0x02, 0x30, 0x00, 0x1e,
  0x02, 0x7e, 0x00, 0x32, 0x02, 0x6c, 0x00, 0x29, 0x02, 0x6c, 0x00, 0x96,
  0x02, 0x6c, 0x00, 0x48, 0x02, 0x6c, 0x00, 0x67, 0x02, 0x6c, 0x00, 0x34,
  0x02, 0x6c, 0x00, 0x59, 0x02, 0x6c, 0x00, 0x4e, 0x02, 0x6c, 0x00, 0x5a,
  0x02, 0x6c, 0x00, 0x3e, 0x02, 0x6c, 0x00, 0x3c, 0x02, 0x6c, 0x00, 0x29,
  0x01, 0x96, 0x00, 0x23, 0x01, 0x1a, 0x00, 0x2d, 0x01, 0x67, 0x00, 0x15,
  0x01, 0x62, 0x00, 0x2f, 0x01, 0x87, 0x00, 0x23, 0x01, 0x71, 0x00, 0x2e,
  0x01, 0x62, 0x00, 0x22, 0x01, 0x52, 0x00, 0x1f, 0x01, 0x88, 0x00, 0x2a,
  0x01, 0x62, 0x00, 0x15, 0x01, 0x96, 0x00, 0x23, 0x01, 0x1a, 0x00, 0x2d,
  0x01, 0x67, 0x00, 0x15, 0x01, 0x62, 0x00, 0x2f, 0x01, 0x87, 0x00, 0x23,
  0x01, 0x71, 0x00, 0x2e, 0x01, 0x62, 0x00, 0x22, 0x01, 0x52, 0x00, 0x1f,
  0x01, 0x88, 0x00, 0x2a, 0x01, 0x62, 0x00, 0x15, 0x00, 0xd8, 0xff, 0x56,
  0x03, 0x59, 0x00, 0x2d, 0x03, 0x38, 0x00, 0x2d, 0x03, 0x80, 0x00, 0x2f,
  0x03, 0x7a, 0x00, 0x2d, 0x03, 0xc2, 0x00, 0x2f, 0x03, 0xd1, 0x00, 0x2e,
  0x03, 0x8a, 0x00, 0x1f, 0x01, 0x96, 0x00, 0x23, 0x01, 0x1a, 0x00, 0x2d,
  0x01, 0x67, 0x00, 0x15, 0x01, 0x62, 0x00, 0x2f, 0x01, 0x87, 0x00, 0x23,
  0x01, 0x71, 0x00, 0x2e, 0x01, 0x62, 0x00, 0x22, 0x01, 0x52, 0x00, 0x1f,
  0x01, 0x88, 0x00, 0x2a, 0x01, 0x62, 0x00, 0x15, 0x01, 0x96, 0x00, 0x23,
  0x01, 0x1a, 0x00, 0x2d, 0x01, 0x67, 0x00, 0x15, 0x01, 0x62, 0x00, 0x2f,
  0x01, 0x87, 0x00, 0x23, 0x01, 0x71, 0x00, 0x2e, 0x01, 0x62, 0x00, 0x22,
  0x01, 0x52, 0x00, 0x1f, 0x01, 0x88, 0x00, 0x2a, 0x01, 0x62, 0x00, 0x15,
  0x00, 0xfa, 0x00, 0x00, 0x00, 0xfa, 0x00, 0x00, 0x02, 0x58, 0x00, 0x00,
  0x00, 0xc0, 0x00, 0x32, 0x00, 0xd6, 0x00, 0x2d, 0x00, 0xea, 0x00, 0x46,
  0x00, 0xf1, 0x00, 0x2d, 0x02, 0x40, 0x00, 0x32, 0x01, 0x24, 0x00, 0x64,
  0x01, 0x24, 0x00, 0x64, 0x01, 0xf4, 0x00, 0x23, 0x01, 0xcc, 0x00, 0x14,
  0x00, 0xfc, 0x00, 0x50, 0x01, 0xf1, 0x00, 0x96, 0x01, 0xde, 0x00, 0x46,
  0x02, 0x74, 0x00, 0x0a, 0x01, 0x74, 0x00, 0x0f, 0x01, 0x74, 0x00, 0x0f,
  0x00, 0x5c, 0x00, 0x00, 0x00, 0x00, 0xff, 0xa4, 0x01, 0xa4, 0x00, 0x3c,
  0x02, 0x26, 0x00, 0x00, 0x04, 0x4c, 0x00, 0x00, 0x01, 0xb8, 0x00, 0x14,
  0x01, 0x54, 0x00, 0x3c, 0x01, 0x54, 0x00, 0x32, 0x01, 0x7e, 0x00, 0x3c,
  0x01, 0x7e, 0x00, 0x3c, 0x01, 0x3c, 0x00, 0x64, 0x01, 0x3c, 0x00, 0x50,
  0x00, 0xc5, 0x00, 0x2d, 0x01, 0x15, 0x00, 0x14, 0x01, 0x29, 0x00, 0x14,
  0x01, 0x29, 0x00, 0x14, 0x00, 0xa6, 0x00, 0x14, 0x00, 0xa6, 0x00, 0x14,
  0x02, 0x08, 0x00, 0x32, 0x02, 0x08, 0x00, 0x3c, 0x01, 0x57, 0x00, 0x32,
  0x01, 0x57, 0x00, 0x3c, 0x01, 0x1c, 0x00, 0x3c, 0x00, 0xb6, 0x00, 0x3c,
  0x03, 0xdc, 0x00, 0x32, 0x02, 0x82, 0x00, 0x3c, 0x02, 0x13, 0x00, 0x1e,
  0x02, 0x4c, 0x00, 0x64, 0x03, 0x37, 0x00, 0x32, 0x02, 0x72, 0x00, 0x2d,
  0x03, 0x50, 0x00, 0x07, 0x01, 0x6d, 0x00, 0x32, 0x01, 0x02, 0x00, 0x64,
  0x01, 0x02, 0x00, 0x64, 0x01, 0xde, 0x00, 0x18, 0x01, 0xde, 0x00, 0x19,
  0x02, 0x16, 0x00, 0x2d, 0x02, 0x1a, 0x00, 0x50, 0x02, 0x37, 0x00, 0x37,
  0x02, 0x89, 0x00, 0x14, 0x02, 0x76, 0x00, 0x64, 0x02, 0x39, 0x00, 0x32,
  0x02, 0x0a, 0x00, 0x0a, 0x02, 0x6c, 0x00, 0x23, 0x02, 0x6c, 0x00, 0x55,
  0x02, 0x6c, 0x00, 0x78, 0x02, 0x6c, 0x00, 0x79, 0x02, 0x6c, 0x00, 0x78,
  0x02, 0x6c, 0x00, 0x6e, 0x02, 0x6c, 0x00, 0x6e, 0x02, 0x6c, 0x00, 0x96,
  0x02, 0x6c, 0x00, 0x8b, 0x02, 0x6c, 0x00, 0x96, 0x02, 0x6c, 0x00, 0x8b,
  0x02, 0x6c, 0x00, 0x55, 0x02, 0x6c, 0x00, 0x82, 0x02, 0x11, 0x00, 0x3c,
  0x02, 0x1b, 0x00, 0x50, 0x02, 0x2a, 0x00, 0x3c, 0x03, 0x07, 0x00, 0x32,
  0x02, 0xaf, 0x00, 0x5a, 0x02, 0xd4, 0x00, 0x64, 0x02, 0xe4, 0x00, 0x46,
  0x02, 0xd3, 0x00, 0x64, 0x02, 0xaf, 0x00, 0x5a, 0x02, 0xd4, 0x00, 0x64,
  0x02, 0xe4, 0x00, 0x3c, 0x02, 0xd3, 0x00, 0x64, 0x00, 0x00, 0xff, 0xe6,
  0x00, 0x00, 0x00, 0x00, 0x00, 0x00, 0x00, 0x92, 0x00, 0x00, 0x00, 0xe3,
  0x00, 0x00, 0x00, 0x00, 0x00, 0x00, 0x00, 0x17, 0x00, 0x00, 0x00, 0x00,
  0x00, 0x00, 0x00, 0x00, 0x00, 0x00, 0x00, 0x00, 0x00, 0x00, 0x00, 0x32,
  0x00, 0x00, 0x00, 0x75, 0x00, 0x00, 0x00, 0x00, 0x00, 0x00, 0x00, 0x00,
  0x00, 0x00, 0x00, 0x09, 0x00, 0x00, 0x00, 0xaf, 0x00, 0x00, 0x00, 0x28,
  0x00, 0x00, 0x00, 0x10, 0x00, 0x00, 0x00, 0x19, 0x01, 0xa6, 0x00, 0x32,
  0x00, 0x50, 0x00, 0x00, 0x00, 0xcd, 0x00, 0x00, 0x00, 0xcd, 0x00, 0x01,
  0x01, 0x70, 0x00, 0x0a, 0x01, 0x59, 0x00, 0x0a, 0x01, 0x59, 0x00, 0x0a,
  0x01, 0x45, 0x00, 0x00, 0x01, 0x13, 0x00, 0x32, 0x01, 0x45, 0x00, 0x0a,
  0x01, 0x2c, 0x00, 0x00, 0x00, 0xce, 0x00, 0x0a, 0x00, 0xf4, 0x00, 0x28,
  0x02, 0x37, 0x00, 0x37, 0x00, 0x01, 0x00, 0x01, 0x00, 0x3e, 0x01, 0x46,
  0x02, 0x38, 0x00, 0x00, 0x00, 0x0e, 0x00, 0x01, 0x00, 0x00, 0x00, 0x00,
  0x00, 0x01, 0x00, 0x00, 0x00, 0x22, 0x00, 0x00, 0x00, 0x10, 0x00, 0x01,
  0x00, 0x00, 0x00, 0x01, 0x00, 0x0c, 0x00, 0x00, 0x00, 0x0c, 0x00, 0x00,
  0x00, 0x01, 0x00, 0x00, 0x00, 0x01, 0x00, 0x00, 0x00, 0x06, 0x00, 0x01,
  0x00, 0x00, 0x1a, 0xab, 0x40, 0x00, 0x00, 0x02, 0x44, 0x46, 0x4c, 0x54,
  0x00, 0xe0, 0x6c, 0x61, 0x74, 0x6e, 0x00, 0x0e, 0x00, 0xd6, 0x00, 0x09,
  0x41, 0x5a, 0x45, 0x20, 0x00, 0xac, 0x43, 0x41, 0x54, 0x20, 0x00, 0x86,
  0x43, 0x52, 0x54, 0x20, 0x00, 0xac, 0x4b, 0x41, 0x5a, 0x20, 0x00, 0xac,
  0x4d, 0x4f, 0x4c, 0x20, 0x00, 0x60, 0x4e, 0x4c, 0x44, 0x20, 0x00, 0x3a,
  0x52, 0x4f, 0x4d, 0x20, 0x00, 0x60, 0x54, 0x41, 0x54, 0x20, 0x00, 0xac,
  0x54, 0x52, 0x4b, 0x20, 0x00, 0xac, 0x00, 0x00, 0xff, 0xff, 0x00, 0x10,
  0x00, 0x00, 0x00, 0x01, 0x00, 0x02, 0x00, 0x03, 0x00, 0x04, 0x00, 0x08,
  0x00, 0x09, 0x00, 0x0a, 0x00, 0x0b, 0x00, 0x0d, 0x00, 0x0e, 0x00, 0x0f,
  0x00, 0x10, 0x00, 0x11, 0x00, 0x12, 0x00, 0x0c, 0x00, 0x00, 0xff, 0xff,
  0x00, 0x10, 0x00, 0x00, 0x00, 0x01, 0x00, 0x02, 0x00, 0x03, 0x00, 0x04,
  0x00, 0x07, 0x00, 0x09, 0x00, 0x0a, 0x00, 0x0b, 0x00, 0x0d, 0x00, 0x0e,
  0x00, 0x0f, 0x00, 0x10, 0x00, 0x11, 0x00, 0x12, 0x00, 0x0c, 0x00, 0x00,
  0xff, 0xff, 0x00, 0x10, 0x00, 0x00, 0x00, 0x01, 0x00, 0x02, 0x00, 0x03,
  0x00, 0x04, 0x00, 0x06, 0x00, 0x09, 0x00, 0x0a, 0x00, 0x0b, 0x00, 0x0d,
  0x00, 0x0e, 0x00, 0x0f, 0x00, 0x10, 0x00, 0x11, 0x00, 0x12, 0x00, 0x0c,
  0x00, 0x00, 0xff, 0xff, 0x00, 0x10, 0x00, 0x00, 0x00, 0x01, 0x00, 0x02,
  0x00, 0x03, 0x00, 0x04, 0x00, 0x05, 0x00, 0x09, 0x00, 0x0a, 0x00, 0x0b,
  0x00, 0x0d, 0x00, 0x0e, 0x00, 0x0f, 0x00, 0x10, 0x00, 0x11, 0x00, 0x12,
  0x00, 0x0c, 0x00, 0x04, 0x00, 0x00, 0x00, 0x00, 0xff, 0xff, 0x00, 0x0f,
  0x00, 0x00, 0x00, 0x01, 0x00, 0x02, 0x00, 0x03, 0x00, 0x04, 0x00, 0x09,
  0x00, 0x0a, 0x00, 0x0b, 0x00, 0x0d, 0x00, 0x0e, 0x00, 0x0f, 0x00, 0x10,
  0x00, 0x11, 0x00, 0x12, 0x00, 0x0c, 0x00, 0x13, 0x61, 0x61, 0x6c, 0x74,
  0x00, 0xea, 0x63, 0x61, 0x73, 0x65, 0x00, 0xe4, 0x63, 0x63, 0x6d, 0x70,
  0x00, 0xde, 0x64, 0x6e, 0x6f, 0x6d, 0x00, 0xd8, 0x66, 0x72, 0x61, 0x63,
  0x00, 0xce, 0x6c, 0x6f, 0x63, 0x6c, 0x00, 0xc8, 0x6c, 0x6f, 0x63, 0x6c,
  0x00, 0xc2, 0x6c, 0x6f, 0x63, 0x6c, 0x00, 0xbc, 0x6c, 0x6f, 0x63, 0x6c,
  0x00, 0xb6, 0x6e, 0x75, 0x6d, 0x72, 0x00, 0xb0, 0x6f, 0x72, 0x64, 0x6e,
  0x00, 0xaa, 0x70, 0x6e, 0x75, 0x6d, 0x00, 0xa4, 0x72, 0x76, 0x72, 0x6e,
  0x00, 0xa0, 0x73, 0x69, 0x6e, 0x66, 0x00, 0x9a, 0x73, 0x73, 0x30, 0x31,
  0x00, 0x90, 0x73, 0x73, 0x30, 0x32, 0x00, 0x86, 0x73, 0x75, 0x62, 0x73,
  0x00, 0x80, 0x73, 0x75, 0x70, 0x73, 0x00, 0x7a, 0x74, 0x6e, 0x75, 0x6d,
  0x00, 0x74, 0x00, 0x00, 0x00, 0x01, 0x00, 0x19, 0x00, 0x00, 0x00, 0x01,
  0x00, 0x0f, 0x00, 0x00, 0x00, 0x01, 0x00, 0x0d, 0x00, 0x06, 0x00, 0x01,
  0x00, 0x1c, 0x00, 0x00, 0x01, 0x07, 0x00, 0x06, 0x00, 0x01, 0x00, 0x1b,
  0x00, 0x00, 0x01, 0x06, 0x00, 0x00, 0x00, 0x01, 0x00, 0x0e, 0x00, 0x00,
  0x00, 0x00, 0x00, 0x00, 0x00, 0x01, 0x00, 0x18, 0x00, 0x00, 0x00, 0x01,
  0x00, 0x16, 0x00, 0x00, 0x00, 0x01, 0x00, 0x10, 0x00, 0x00, 0x00, 0x01,
  0x00, 0x0b, 0x00, 0x00, 0x00, 0x01, 0x00, 0x07, 0x00, 0x00, 0x00, 0x01,
  0x00, 0x08, 0x00, 0x00, 0x00, 0x01, 0x00, 0x06, 0x00, 0x00, 0x00, 0x03,
  0x00, 0x12, 0x00, 0x13, 0x00, 0x14, 0x00, 0x00, 0x00, 0x01, 0x00, 0x11,
  0x00, 0x00, 0x00, 0x01, 0x00, 0x03, 0x00, 0x00, 0x00, 0x01, 0x00, 0x1a,
  0x00, 0x00, 0x00, 0x02, 0x00, 0x01, 0x00, 0x02, 0x00, 0x1d, 0x04, 0xfa,
  0x04, 0x2a, 0x03, 0x5a, 0x02, 0xda, 0x02, 0xcc, 0x02, 0xb6, 0x02, 0xa2,
  0x02, 0x8c, 0x02, 0x50, 0x02, 0x42, 0x02, 0x34, 0x01, 0xf6, 0x01, 0xe4,
  0x01, 0xcc, 0x01, 0xcc, 0x01, 0xbe, 0x01, 0xb0, 0x01, 0xa2, 0x01, 0x8e,
  0x01, 0xb0, 0x01, 0x46, 0x01, 0x38, 0x00, 0xfa, 0x00, 0xd8, 0x00, 0xc0,
  0x00, 0xb2, 0x00, 0x9e, 0x00, 0x86, 0x00, 0x3c, 0x00, 0x01, 0x00, 0x00,
  0x00, 0x01, 0x00, 0x08, 0x00, 0x02, 0x00, 0x26, 0x00, 0x10, 0x00, 0x79,
  0x00, 0x7a, 0x00, 0x7b, 0x00, 0x7c, 0x00, 0x7d, 0x00, 0x7e, 0x00, 0x7f,
  0x00, 0x80, 0x00, 0x81, 0x01, 0x07, 0x01, 0x08, 0x01, 0x09, 0x01, 0x0a,
  0x01, 0x0b, 0x01, 0x18, 0x01, 0x23, 0x00, 0x02, 0x00, 0x04, 0x00, 0x2a,
  0x00, 0x32, 0x00, 0x00, 0x00, 0xbb, 0x00, 0xbf, 0x00, 0x09, 0x01, 0x0e,
  0x01, 0x0e, 0x00, 0x0e, 0x01, 0x19, 0x01, 0x19, 0x00, 0x0f, 0x00, 0x01,
  0x00, 0x00, 0x00, 0x01, 0x00, 0x08, 0x00, 0x01, 0x00, 0x06, 0x00, 0x7a,
  0x00, 0x02, 0x00, 0x01, 0x00, 0x82, 0x00, 0x8c, 0x00, 0x00, 0x00, 0x01,
  0x00, 0x00, 0x00, 0x01, 0x00, 0x08, 0x00, 0x01, 0x00, 0x06, 0x00, 0x01,
  0x00, 0x01, 0x00, 0x01, 0x01, 0x66, 0x00, 0x01, 0x00, 0x00, 0x00, 0x01,
  0x00, 0x08, 0x00, 0x01, 0x01, 0x20, 0x00, 0x0b, 0x00, 0x01, 0x00, 0x00,
  0x00, 0x01, 0x00, 0x08, 0x00, 0x01, 0x00, 0x06, 0xff, 0xf5, 0x00, 0x02,
  0x00, 0x01, 0x01, 0x19, 0x01, 0x22, 0x00, 0x00, 0x00, 0x01, 0x00, 0x00,
  0x00, 0x01, 0x00, 0x08, 0x00, 0x02, 0x00, 0x0e, 0x00, 0x04, 0x01, 0x0c,
  0x01, 0x0d, 0x01, 0x0c, 0x01, 0x0d, 0x00, 0x01, 0x00, 0x04, 0x00, 0x01,
  0x00, 0x44, 0x00, 0x82, 0x00, 0xc7, 0x00, 0x06, 0x00, 0x00, 0x00, 0x02,
  0x00, 0x24, 0x00, 0x0a, 0x00, 0x03, 0x00, 0x01, 0x00, 0xd6, 0x00, 0x01,
  0x00, 0x12, 0x00, 0x00, 0x00, 0x01, 0x00, 0x00, 0x00, 0x17, 0x00, 0x01,
  0x00, 0x02, 0x00, 0x44, 0x00, 0xc7, 0x00, 0x03, 0x00, 0x01, 0x00, 0xbc,
  0x00, 0x01, 0x00, 0x12, 0x00, 0x00, 0x00, 0x01, 0x00, 0x00, 0x00, 0x17,
  0x00, 0x01, 0x00, 0x02, 0x00, 0x01, 0x00, 0x82, 0x00, 0x01, 0x00, 0x00,
  0x00, 0x01, 0x00, 0x08, 0x00, 0x01, 0x00, 0x3e, 0xff, 0xf6, 0x00, 0x06,
  0x00, 0x00, 0x00, 0x02, 0x00, 0x26, 0x00, 0x0a, 0x00, 0x03, 0x00, 0x01,
  0x00, 0x12, 0x00, 0x01, 0x00, 0x2e, 0x00, 0x00, 0x00, 0x01, 0x00, 0x00,
  0x00, 0x15, 0x00, 0x02, 0x00, 0x01, 0x01, 0x24, 0x01, 0x2d, 0x00, 0x00,
  0x00, 0x03, 0x00, 0x01, 0x00, 0x1c, 0x00, 0x01, 0x00, 0x12, 0x00, 0x00,
  0x00, 0x01, 0x00, 0x00, 0x00, 0x15, 0x00, 0x02, 0x00, 0x01, 0x01, 0x2e,
  0x01, 0x37, 0x00, 0x00, 0x00, 0x01, 0x00, 0x01, 0x01, 0x38, 0x00, 0x01,
  0x00, 0x00, 0x00, 0x01, 0x00, 0x08, 0x00, 0x01, 0x00, 0x06, 0xff, 0xd4,
  0x00, 0x01, 0x00, 0x01, 0x01, 0x64, 0x00, 0x01, 0x00, 0x00, 0x00, 0x01,
  0x00, 0x08, 0x00, 0x01, 0x00, 0x30, 0x00, 0x16, 0x00, 0x01, 0x00, 0x00,
  0x00, 0x01, 0x00, 0x08, 0x00, 0x01, 0x00, 0x22, 0x00, 0x20, 0x00, 0x01,
  0x00, 0x00, 0x00, 0x01, 0x00, 0x08, 0x00, 0x01, 0x00, 0x14, 0x00, 0x3c,
  0x00, 0x01, 0x00, 0x00, 0x00, 0x01, 0x00, 0x08, 0x00, 0x01, 0x00, 0x06,
  0x00, 0x32, 0x00, 0x02, 0x00, 0x01, 0x01, 0x0e, 0x01, 0x17, 0x00, 0x00,
  0x00, 0x01, 0x00, 0x00, 0x00, 0x01, 0x00, 0x08, 0x00, 0x02, 0x00, 0x1c,
  0x00, 0x02, 0x00, 0x34, 0x00, 0xb7, 0x00, 0x06, 0x00, 0x00, 0x00, 0x01,
  0x00, 0x08, 0x00, 0x01, 0x00, 0x0a, 0x00, 0x02, 0x00, 0x24, 0x00, 0x12,
  0x00, 0x01, 0x00, 0x02, 0x00, 0x33, 0x00, 0xb5, 0x00, 0x01, 0x00, 0x04,
  0x00, 0x01, 0x00, 0xad, 0x00, 0x01, 0x00, 0x00, 0x00, 0x01, 0x00, 0x00,
  0x00, 0x0c, 0x00, 0x01, 0x00, 0x04, 0x00, 0x01, 0x00, 0x2c, 0x00, 0x01,
  0x00, 0x00, 0x00, 0x01, 0x00, 0x00, 0x00, 0x0c, 0x00, 0x01, 0x00, 0x00,
  0x00, 0x01, 0x00, 0x08, 0x00, 0x01, 0x00, 0x24, 0x00, 0x07, 0x00, 0x01,
  0x00, 0x00, 0x00, 0x01, 0x00, 0x08, 0x00, 0x01, 0x00, 0x16, 0x00, 0x06,
  0x00, 0x06, 0x00, 0x00, 0x00, 0x01, 0x00, 0x08, 0x00, 0x01, 0x00, 0x08,
  0x00, 0x01, 0x00, 0x0e, 0x00, 0x01, 0x00, 0x01, 0x01, 0x60, 0x00, 0x02,
  0x00, 0x16, 0x00, 0x06, 0x00, 0x01, 0x00, 0x38, 0x00, 0x01, 0x00, 0x01,
  0x00, 0x38, 0x00, 0x01, 0x00, 0x00, 0x00, 0x0a, 0x00, 0x01, 0x00, 0xbb,
  0x00, 0x01, 0x00, 0x01, 0x00, 0xbb, 0x00, 0x01, 0x00, 0x00, 0x00, 0x09,
  0x00, 0x01, 0x00, 0x00, 0x00, 0x01, 0x00, 0x08, 0x00, 0x01, 0x00, 0x06,
  0x00, 0x02, 0x00, 0x01, 0x00, 0x02, 0x00, 0x58, 0x00, 0xdb, 0x00, 0x01,
  0x00, 0x00, 0x00, 0x01, 0x00, 0x08, 0x00, 0x01, 0x00, 0x06, 0x00, 0x05,
  0x00, 0x01, 0x00, 0x01, 0x00, 0xab, 0x00, 0x02, 0x00, 0x00, 0x00, 0x01,
  0x00, 0x08, 0x00, 0x01, 0x00, 0x50, 0x00, 0x01, 0x00, 0x08, 0x00, 0x02,
  0x00, 0xac, 0x01, 0xb9, 0x00, 0x01, 0x00, 0x00, 0x00, 0x01, 0x00, 0x08,
  0x00, 0x01, 0x00, 0x7e, 0x00, 0x01, 0x00, 0x06, 0x00, 0x00, 0x00, 0x04,
  0x00, 0x56, 0x00, 0x3a, 0x00, 0x22, 0x00, 0x0e, 0x00, 0x03, 0x00, 0x00,
  0x00, 0x01, 0x00, 0x26, 0x00, 0x02, 0x00, 0x40, 0x00, 0x5a, 0x00, 0x01,
  0x00, 0x00, 0x00, 0x05, 0x00, 0x03, 0x00, 0x00, 0x00, 0x01, 0x00, 0x12,
  0x00, 0x01, 0x00, 0x46, 0x00, 0x01, 0x00, 0x00, 0x00, 0x05, 0x00, 0x01,
  0x00, 0x01, 0x00, 0xb3, 0x00, 0x03, 0x00, 0x00, 0x00, 0x01, 0x00, 0x3e,
  0x00, 0x02, 0x00, 0x14, 0x00, 0x2e, 0x00, 0x01, 0x00, 0x00, 0x00, 0x04,
  0x00, 0x01, 0x00, 0x02, 0x01, 0xb8, 0x01, 0xb9, 0x00, 0x03, 0x00, 0x00,
  0x00, 0x01, 0x00, 0x22, 0x00, 0x01, 0x00, 0x12, 0x00, 0x01, 0x00, 0x00,
  0x00, 0x04, 0x00, 0x02, 0x00, 0x02, 0x01, 0xaa, 0x01, 0xae, 0x00, 0x00,
  0x01, 0xb0, 0x01, 0xb6, 0x00, 0x05, 0x00, 0x01, 0x00, 0x02, 0x00, 0xab,
  0x00, 0xb5, 0x00, 0x03, 0x00, 0x00, 0x00, 0x01, 0x00, 0x08, 0x00, 0x01,
  0x00, 0x20, 0x00, 0x0d, 0x00, 0xc2, 0x00, 0xb4, 0x00, 0xa8, 0x00, 0x9c,
  0x00, 0x90, 0x00, 0x84, 0x00, 0x78, 0x00, 0x6c, 0x00, 0x60, 0x00, 0x54,
  0x00, 0x48, 0x00, 0x42, 0x00, 0x3c, 0x00, 0x02, 0x00, 0x04, 0x00, 0x82,
  0x00, 0x82, 0x00, 0x00, 0x01, 0x0e, 0x01, 0x17, 0x00, 0x01, 0x01, 0x19,
  0x01, 0x19, 0x00, 0x0b, 0x01, 0x60, 0x01, 0x60, 0x00, 0x0c, 0x00, 0x02,
  0x01, 0x66, 0x01, 0x67, 0x00, 0x02, 0x01, 0x0e, 0x01, 0x23, 0x00, 0x05,
  0x01, 0x49, 0x01, 0x53, 0x01, 0x37, 0x01, 0x2d, 0x01, 0x22, 0x00, 0x05,
  0x01, 0x48, 0x01, 0x52, 0x01, 0x36, 0x01, 0x2c, 0x01, 0x21, 0x00, 0x05,
  0x01, 0x47, 0x01, 0x51, 0x01, 0x35, 0x01, 0x2b, 0x01, 0x20, 0x00, 0x05,
  0x01, 0x46, 0x01, 0x50, 0x01, 0x34, 0x01, 0x2a, 0x01, 0x1f, 0x00, 0x05,
  0x01, 0x45, 0x01, 0x4f, 0x01, 0x33, 0x01, 0x29, 0x01, 0x1e, 0x00, 0x05,
  0x01, 0x44, 0x01, 0x4e, 0x01, 0x32, 0x01, 0x28, 0x01, 0x1d, 0x00, 0x05,
  0x01, 0x43, 0x01, 0x4d, 0x01, 0x31, 0x01, 0x27, 0x01, 0x1c, 0x00, 0x05,
  0x01, 0x42, 0x01, 0x4c, 0x01, 0x30, 0x01, 0x26, 0x01, 0x1b, 0x00, 0x05,
  0x01, 0x41, 0x01, 0x4b, 0x01, 0x2f, 0x01, 0x25, 0x01, 0x1a, 0x00, 0x06,
  0x01, 0x40, 0x01, 0x4a, 0x01, 0x2e, 0x01, 0x24, 0x01, 0x19, 0x01, 0x18,
  0x00, 0x02, 0x01, 0x0c, 0x00, 0xfc, 0x00, 0x01, 0x00, 0x00, 0x00, 0x01,
  0x00, 0x08, 0x00, 0x02, 0x00, 0x70, 0x00, 0x35, 0x01, 0x0c, 0x00, 0x79,
  0x00, 0x7a, 0x00, 0x7b, 0x00, 0x7c, 0x00, 0x7d, 0x00, 0x7e, 0x00, 0x7f,
  0x00, 0x80, 0x00, 0x81, 0x00, 0x34, 0x01, 0x0d, 0x00, 0x5a, 0x00, 0xfd,
  0x00, 0xfe, 0x00, 0xff, 0x01, 0x00, 0x01, 0x01, 0x01, 0x02, 0x01, 0x03,
  0x01, 0x04, 0x01, 0x05, 0x01, 0x06, 0x00, 0xb0, 0x00, 0xb7, 0x01, 0x07,
  0x01, 0x08, 0x01, 0x09, 0x01, 0x0a, 0x01, 0x0b, 0x01, 0x0d, 0x00, 0xdd,
  0x01, 0x0f, 0x01, 0x10, 0x01, 0x11, 0x01, 0x12, 0x01, 0x13, 0x01, 0x14,
  0x01, 0x15, 0x01, 0x16, 0x01, 0x17, 0x01, 0x24, 0x01, 0x25, 0x01, 0x26,
  0x01, 0x27, 0x01, 0x28, 0x01, 0x29, 0x01, 0x2a, 0x01, 0x2b, 0x01, 0x2c,
  0x01, 0x2d, 0x01, 0x38, 0x01, 0x67, 0x00, 0x02, 0x00, 0x0e, 0x00, 0x01,
  0x00, 0x01, 0x00, 0x00, 0x00, 0x2a, 0x00, 0x33, 0x00, 0x01, 0x00, 0x44,
  0x00, 0x44, 0x00, 0x0b, 0x00, 0x58, 0x00, 0x58, 0x00, 0x0c, 0x00, 0x83,
  0x00, 0x8c, 0x00, 0x0d, 0x00, 0xab, 0x00, 0xab, 0x00, 0x17, 0x00, 0xb5,
  0x00, 0xb5, 0x00, 0x18, 0x00, 0xbb, 0x00, 0xbf, 0x00, 0x19, 0x00, 0xc7,
  0x00, 0xc7, 0x00, 0x1e, 0x00, 0xdb, 0x00, 0xdb, 0x00, 0x1f, 0x01, 0x1a,
  0x01, 0x22, 0x00, 0x20, 0x01, 0x2e, 0x01, 0x37, 0x00, 0x29, 0x01, 0x64,
  0x01, 0x64, 0x00, 0x33, 0x01, 0x66, 0x01, 0x66, 0x00, 0x34, 0x00, 0x01,
  0x00, 0x00, 0x00, 0x01, 0x00, 0x08, 0x00, 0x01, 0x00, 0x06, 0x00, 0x3d,
  0x00, 0x01, 0x00, 0x01, 0x01, 0x8c, 0x00, 0x00, 0x00, 0x02, 0x00, 0x00,
  0x00, 0x00, 0x00, 0x00, 0xff, 0x9c, 0x00, 0x32, 0x00, 0x00, 0x00, 0x00,
  0x00, 0x00, 0x00, 0x00, 0x00, 0x00, 0x00, 0x00, 0x00, 0x00, 0x00, 0x00,
  0x00, 0x00, 0x00, 0x00, 0x01, 0xca, 0x00, 0x00, 0x00, 0x24, 0x00, 0xc9,
  0x01, 0x02, 0x01, 0x03, 0x00, 0xc7, 0x00, 0x62, 0x00, 0xad, 0x01, 0x04,
  0x01, 0x05, 0x00, 0x63, 0x00, 0xae, 0x00, 0x90, 0x00, 0x25, 0x00, 0x26,
  0x00, 0xfd, 0x00, 0xff, 0x00, 0x64, 0x01, 0x06, 0x01, 0x07, 0x00, 0x27,
  0x01, 0x08, 0x01, 0x09, 0x00, 0xe9, 0x00, 0x28, 0x00, 0x65, 0x01, 0x0a,
  0x00, 0xc8, 0x00, 0xca, 0x01, 0x0b, 0x00, 0xcb, 0x01, 0x0c, 0x01, 0x0d,
  0x00, 0x29, 0x00, 0x2a, 0x00, 0xf8, 0x01, 0x0e, 0x01, 0x0f, 0x01, 0x10,
  0x00, 0x2b, 0x01, 0x11, 0x01, 0x12, 0x00, 0x2c, 0x01, 0x13, 0x00, 0xcc,
  0x00, 0xcd, 0x00, 0xce, 0x00, 0xfa, 0x00, 0xcf, 0x01, 0x14, 0x01, 0x15,
  0x00, 0x2d, 0x01, 0x16, 0x01, 0x17, 0x00, 0x2e, 0x01, 0x18, 0x00, 0x2f,
  0x01, 0x19, 0x01, 0x1a, 0x01, 0x1b, 0x00, 0xe2, 0x00, 0x30, 0x00, 0x31,
  0x01, 0x1c, 0x01, 0x1d, 0x01, 0x1e, 0x00, 0x66, 0x01, 0x1f, 0x00, 0x32,
  0x00, 0xd0, 0x00, 0xd1, 0x00, 0x67, 0x00, 0xd3, 0x01, 0x20, 0x01, 0x21,
  0x00, 0x91, 0x00, 0xaf, 0x00, 0xb0, 0x00, 0x33, 0x00, 0xed, 0x00, 0x34,
  0x00, 0x35, 0x01, 0x22, 0x01, 0x23, 0x01, 0x24, 0x00, 0x36, 0x01, 0x25,
  0x00, 0xe4, 0x00, 0xfb, 0x01, 0x26, 0x01, 0x27, 0x01, 0x28, 0x00, 0x37,
  0x01, 0x29, 0x01, 0x2a, 0x00, 0x38, 0x00, 0xd4, 0x01, 0x2b, 0x00, 0xd5,
  0x00, 0x68, 0x00, 0xd6, 0x01, 0x2c, 0x01, 0x2d, 0x01, 0x2e, 0x01, 0x2f,
  0x00, 0x39, 0x00, 0x3a, 0x01, 0x30, 0x01, 0x31, 0x01, 0x32, 0x01, 0x33,
  0x00, 0x3b, 0x00, 0x3c, 0x00, 0xeb, 0x01, 0x34, 0x00, 0xbb, 0x01, 0x35,
  0x00, 0x3d, 0x01, 0x36, 0x00, 0xe6, 0x01, 0x37, 0x01, 0x38, 0x01, 0x39,
  0x01, 0x3a, 0x01, 0x3b, 0x01, 0x3c, 0x01, 0x3d, 0x01, 0x3e, 0x01, 0x3f,
  0x01, 0x40, 0x00, 0x44, 0x00, 0x69, 0x01, 0x41, 0x01, 0x42, 0x00, 0x6b,
  0x00, 0x6c, 0x00, 0x6a, 0x01, 0x43, 0x01, 0x44, 0x00, 0x6e, 0x00, 0x6d,
  0x00, 0xa0, 0x00, 0x45, 0x00, 0x46, 0x00, 0xfe, 0x01, 0x00, 0x00, 0x6f,
  0x01, 0x45, 0x01, 0x46, 0x00, 0x47, 0x01, 0x47, 0x01, 0x01, 0x00, 0xea,
  0x00, 0x48, 0x00, 0x70, 0x01, 0x48, 0x00, 0x72, 0x00, 0x73, 0x01, 0x49,
  0x00, 0x71, 0x01, 0x4a, 0x01, 0x4b, 0x00, 0x49, 0x00, 0x4a, 0x00, 0xf9,
  0x01, 0x4c, 0x01, 0x4d, 0x01, 0x4e, 0x00, 0x4b, 0x01, 0x4f, 0x01, 0x50,
  0x00, 0x4c, 0x00, 0xd7, 0x00, 0x74, 0x00, 0x76, 0x00, 0x77, 0x01, 0x51,
  0x00, 0x75, 0x01, 0x52, 0x01, 0x53, 0x01, 0x54, 0x00, 0x4d, 0x01, 0x55,
  0x01, 0x56, 0x01, 0x57, 0x00, 0x4e, 0x01, 0x58, 0x00, 0x4f, 0x01, 0x59,
  0x01, 0x5a, 0x01, 0x5b, 0x00, 0xe3, 0x00, 0x50, 0x00, 0x51, 0x01, 0x5c,
  0x01, 0x5d, 0x01, 0x5e, 0x00, 0x78, 0x01, 0x5f, 0x00, 0x52, 0x00, 0x79,
  0x00, 0x7b, 0x00, 0x7c, 0x00, 0x7a, 0x01, 0x60, 0x01, 0x61, 0x00, 0xa1,
  0x00, 0x7d, 0x00, 0xb1, 0x00, 0x53, 0x00, 0xee, 0x00, 0x54, 0x00, 0x55,
  0x01, 0x62, 0x01, 0x63, 0x01, 0x64, 0x00, 0x56, 0x01, 0x65, 0x00, 0xe5,
  0x00, 0xfc, 0x01, 0x66, 0x01, 0x67, 0x00, 0x89, 0x00, 0x57, 0x01, 0x68,
  0x01, 0x69, 0x00, 0x58, 0x00, 0x7e, 0x01, 0x6a, 0x00, 0x80, 0x00, 0x81,
  0x00, 0x7f, 0x01, 0x6b, 0x01, 0x6c, 0x01, 0x6d, 0x01, 0x6e, 0x00, 0x59,
  0x00, 0x5a, 0x01, 0x6f, 0x01, 0x70, 0x01, 0x71, 0x01, 0x72, 0x00, 0x5b,
  0x00, 0x5c, 0x00, 0xec, 0x01, 0x73, 0x00, 0xba, 0x01, 0x74, 0x00, 0x5d,
  0x01, 0x75, 0x00, 0xe7, 0x01, 0x76, 0x01, 0x77, 0x01, 0x78, 0x01, 0x79,
  0x01, 0x7a, 0x01, 0x7b, 0x01, 0x7c, 0x01, 0x7d, 0x01, 0x7e, 0x01, 0x7f,
  0x01, 0x80, 0x01, 0x81, 0x01, 0x82, 0x01, 0x83, 0x01, 0x84, 0x01, 0x85,
  0x01, 0x86, 0x00, 0x9d, 0x00, 0x9e, 0x00, 0x13, 0x00, 0x14, 0x00, 0x15,
  0x00, 0x16, 0x00, 0x17, 0x00, 0x18, 0x00, 0x19, 0x00, 0x1a, 0x00, 0x1b,
  0x00, 0x1c, 0x01, 0x87, 0x01, 0x88, 0x01, 0x89, 0x01, 0x8a, 0x01, 0x8b,
  0x01, 0x8c, 0x01, 0x8d, 0x01, 0x8e, 0x01, 0x8f, 0x01, 0x90, 0x01, 0x91,
  0x01, 0x92, 0x01, 0x93, 0x01, 0x94, 0x01, 0x95, 0x01, 0x96, 0x01, 0x97,
  0x01, 0x98, 0x01, 0x99, 0x01, 0x9a, 0x01, 0x9b, 0x01, 0x9c, 0x01, 0x9d,
  0x01, 0x9e, 0x01, 0x9f, 0x01, 0xa0, 0x01, 0xa1, 0x01, 0xa2, 0x01, 0xa3,
  0x01, 0xa4, 0x01, 0xa5, 0x01, 0xa6, 0x00, 0xbc, 0x00, 0xf4, 0x00, 0xf5,
  0x00, 0xf6, 0x01, 0xa7, 0x01, 0xa8, 0x01, 0xa9, 0x01, 0xaa, 0x01, 0xab,
  0x01, 0xac, 0x01, 0xad, 0x01, 0xae, 0x01, 0xaf, 0x01, 0xb0, 0x01, 0xb1,
  0x01, 0xb2, 0x01, 0xb3, 0x01, 0xb4, 0x01, 0xb5, 0x01, 0xb6, 0x01, 0xb7,
  0x01, 0xb8, 0x01, 0xb9, 0x01, 0xba, 0x01, 0xbb, 0x01, 0xbc, 0x01, 0xbd,
  0x01, 0xbe, 0x00, 0x03, 0x01, 0xbf, 0x01, 0xc0, 0x00, 0x11, 0x00, 0x0f,
  0x00, 0x1d, 0x00, 0x1e, 0x00, 0xab, 0x00, 0x04, 0x00, 0xa3, 0x00, 0x22,
  0x00, 0xa2, 0x00, 0xc3, 0x00, 0x87, 0x00, 0x0d, 0x00, 0x06, 0x00, 0x12,
  0x00, 0x3f, 0x01, 0xc1, 0x01, 0xc2, 0x00, 0x10, 0x00, 0xb2, 0x00, 0xb3,
  0x00, 0x42, 0x00, 0x0b, 0x00, 0x0c, 0x00, 0x5e, 0x00, 0x60, 0x00, 0x3e,
  0x00, 0x40, 0x00, 0xc4, 0x00, 0xc5, 0x00, 0xb4, 0x00, 0xb5, 0x00, 0xb6,
  0x00, 0xb7, 0x00, 0xa9, 0x00, 0xaa, 0x00, 0xbe, 0x00, 0xbf, 0x00, 0x05,
  0x00, 0x0a, 0x00, 0x23, 0x00, 0x09, 0x00, 0x88, 0x00, 0x86, 0x00, 0x8b,
  0x00, 0x8a, 0x00, 0x8c, 0x00, 0x83, 0x00, 0x5f, 0x00, 0xe8, 0x00, 0x82,
  0x00, 0xc2, 0x00, 0x84, 0x00, 0xbd, 0x00, 0x07, 0x01, 0xc3, 0x01, 0xc4,
  0x00, 0x85, 0x00, 0x96, 0x01, 0xc5, 0x00, 0x0e, 0x00, 0xef, 0x00, 0xf0,
  0x00, 0xb8, 0x00, 0x20, 0x00, 0x8f, 0x00, 0x21, 0x00, 0x1f, 0x00, 0x95,
  0x00, 0x94, 0x00, 0x93, 0x00, 0xa4, 0x00, 0x61, 0x00, 0x41, 0x01, 0xc6,
  0x00, 0x08, 0x01, 0xc7, 0x01, 0xc8, 0x01, 0xc9, 0x01, 0xca, 0x01, 0xcb,
  0x01, 0xcc, 0x01, 0xcd, 0x01, 0xce, 0x01, 0xcf, 0x01, 0xd0, 0x01, 0xd1,
  0x01, 0xd2, 0x01, 0xd3, 0x01, 0xd4, 0x01, 0xd5, 0x01, 0xd6, 0x01, 0xd7,
  0x01, 0xd8, 0x01, 0xd9, 0x01, 0xda, 0x01, 0xdb, 0x01, 0xdc, 0x01, 0xdd,
  0x01, 0xde, 0x01, 0xdf, 0x01, 0xe0, 0x00, 0x8e, 0x00, 0xdc, 0x00, 0x43,
  0x00, 0x8d, 0x00, 0xdf, 0x00, 0xd8, 0x00, 0xe1, 0x00, 0xdb, 0x00, 0xdd,
  0x00, 0xd9, 0x00, 0xda, 0x00, 0xde, 0x00, 0xe0, 0x01, 0xe1, 0x06, 0x41,
  0x62, 0x72, 0x65, 0x76, 0x65, 0x07, 0x75, 0x6e, 0x69, 0x30, 0x31, 0x43,
  0x44, 0x07, 0x41, 0x6d, 0x61, 0x63, 0x72, 0x6f, 0x6e, 0x07, 0x41, 0x6f,
  0x67, 0x6f, 0x6e, 0x65, 0x6b, 0x0b, 0x43, 0x63, 0x69, 0x72, 0x63, 0x75,
  0x6d, 0x66, 0x6c, 0x65, 0x78, 0x0a, 0x43, 0x64, 0x6f, 0x74, 0x61, 0x63,
  0x63, 0x65, 0x6e, 0x74, 0x06, 0x44, 0x63, 0x61, 0x72, 0x6f, 0x6e, 0x06,
  0x44, 0x63, 0x72, 0x6f, 0x61, 0x74, 0x06, 0x45, 0x63, 0x61, 0x72, 0x6f,
  0x6e, 0x0a, 0x45, 0x64, 0x6f, 0x74, 0x61, 0x63, 0x63, 0x65, 0x6e, 0x74,
  0x07, 0x45, 0x6d, 0x61, 0x63, 0x72, 0x6f, 0x6e, 0x07, 0x45, 0x6f, 0x67,
  0x6f, 0x6e, 0x65, 0x6b, 0x0b, 0x47, 0x63, 0x69, 0x72, 0x63, 0x75, 0x6d,
  0x66, 0x6c, 0x65, 0x78, 0x07, 0x75, 0x6e, 0x69, 0x30, 0x31, 0x32, 0x32,
  0x0a, 0x47, 0x64, 0x6f, 0x74, 0x61, 0x63, 0x63, 0x65, 0x6e, 0x74, 0x04,
  0x48, 0x62, 0x61, 0x72, 0x0b, 0x48, 0x63, 0x69, 0x72, 0x63, 0x75, 0x6d,
  0x66, 0x6c, 0x65, 0x78, 0x02, 0x49, 0x4a, 0x07, 0x49, 0x6d, 0x61, 0x63,
  0x72, 0x6f, 0x6e, 0x07, 0x49, 0x6f, 0x67, 0x6f, 0x6e, 0x65, 0x6b, 0x0b,
  0x75, 0x6e, 0x69, 0x30, 0x30, 0x34, 0x41, 0x30, 0x33, 0x30, 0x31, 0x0b,
  0x4a, 0x63, 0x69, 0x72, 0x63, 0x75, 0x6d, 0x66, 0x6c, 0x65, 0x78, 0x07,
  0x75, 0x6e, 0x69, 0x30, 0x31, 0x33, 0x36, 0x06, 0x4c, 0x61, 0x63, 0x75,
  0x74, 0x65, 0x06, 0x4c, 0x63, 0x61, 0x72, 0x6f, 0x6e, 0x07, 0x75, 0x6e,
  0x69, 0x30, 0x31, 0x33, 0x42, 0x06, 0x4e, 0x61, 0x63, 0x75, 0x74, 0x65,
  0x06, 0x4e, 0x63, 0x61, 0x72, 0x6f, 0x6e, 0x07, 0x75, 0x6e, 0x69, 0x30,
  0x31, 0x34, 0x35, 0x03, 0x45, 0x6e, 0x67, 0x0d, 0x4f, 0x68, 0x75, 0x6e,
  0x67, 0x61, 0x72, 0x75, 0x6d, 0x6c, 0x61, 0x75, 0x74, 0x07, 0x4f, 0x6d,
  0x61, 0x63, 0x72, 0x6f, 0x6e, 0x06, 0x52, 0x61, 0x63, 0x75, 0x74, 0x65,
  0x06, 0x52, 0x63, 0x61, 0x72, 0x6f, 0x6e, 0x07, 0x75, 0x6e, 0x69, 0x30,
  0x31, 0x35, 0x36, 0x06, 0x53, 0x61, 0x63, 0x75, 0x74, 0x65, 0x0b, 0x53,
  0x63, 0x69, 0x72, 0x63, 0x75, 0x6d, 0x66, 0x6c, 0x65, 0x78, 0x07, 0x75,
  0x6e, 0x69, 0x30, 0x32, 0x31, 0x38, 0x07, 0x75, 0x6e, 0x69, 0x31, 0x45,
  0x39, 0x45, 0x06, 0x54, 0x63, 0x61, 0x72, 0x6f, 0x6e, 0x07, 0x75, 0x6e,
  0x69, 0x30, 0x32, 0x31, 0x41, 0x06, 0x55, 0x62, 0x72, 0x65, 0x76, 0x65,
  0x0d, 0x55, 0x68, 0x75, 0x6e, 0x67, 0x61, 0x72, 0x75, 0x6d, 0x6c, 0x61,
  0x75, 0x74, 0x07, 0x55, 0x6d, 0x61, 0x63, 0x72, 0x6f, 0x6e, 0x07, 0x55,
  0x6f, 0x67, 0x6f, 0x6e, 0x65, 0x6b, 0x05, 0x55, 0x72, 0x69, 0x6e, 0x67,
  0x06, 0x57, 0x61, 0x63, 0x75, 0x74, 0x65, 0x0b, 0x57, 0x63, 0x69, 0x72,
  0x63, 0x75, 0x6d, 0x66, 0x6c, 0x65, 0x78, 0x09, 0x57, 0x64, 0x69, 0x65,
  0x72, 0x65, 0x73, 0x69, 0x73, 0x06, 0x57, 0x67, 0x72, 0x61, 0x76, 0x65,
  0x0b, 0x59, 0x63, 0x69, 0x72, 0x63, 0x75, 0x6d, 0x66, 0x6c, 0x65, 0x78,
  0x06, 0x59, 0x67, 0x72, 0x61, 0x76, 0x65, 0x06, 0x5a, 0x61, 0x63, 0x75,
  0x74, 0x65, 0x0a, 0x5a, 0x64, 0x6f, 0x74, 0x61, 0x63, 0x63, 0x65, 0x6e,
  0x74, 0x06, 0x49, 0x2e, 0x73, 0x73, 0x30, 0x32, 0x07, 0x49, 0x4a, 0x2e,
  0x73, 0x73, 0x30, 0x32, 0x0b, 0x49, 0x61, 0x63, 0x75, 0x74, 0x65, 0x2e,
  0x73, 0x73, 0x30, 0x32, 0x10, 0x49, 0x63, 0x69, 0x72, 0x63, 0x75, 0x6d,
  0x66, 0x6c, 0x65, 0x78, 0x2e, 0x73, 0x73, 0x30, 0x32, 0x0e, 0x49, 0x64,
  0x69, 0x65, 0x72, 0x65, 0x73, 0x69, 0x73, 0x2e, 0x73, 0x73, 0x30, 0x32,
  0x0f, 0x49, 0x64, 0x6f, 0x74, 0x61, 0x63, 0x63, 0x65, 0x6e, 0x74, 0x2e,
  0x73, 0x73, 0x30, 0x32, 0x0b, 0x49, 0x67, 0x72, 0x61, 0x76, 0x65, 0x2e,
  0x73, 0x73, 0x30, 0x32, 0x0c, 0x49, 0x6d, 0x61, 0x63, 0x72, 0x6f, 0x6e,
  0x2e, 0x73, 0x73, 0x30, 0x32, 0x0c, 0x49, 0x6f, 0x67, 0x6f, 0x6e, 0x65,
  0x6b, 0x2e, 0x73, 0x73, 0x30, 0x32, 0x06, 0x61, 0x62, 0x72, 0x65, 0x76,
  0x65, 0x07, 0x75, 0x6e, 0x69, 0x30, 0x31, 0x43, 0x45, 0x07, 0x61, 0x6d,
  0x61, 0x63, 0x72, 0x6f, 0x6e, 0x07, 0x61, 0x6f, 0x67, 0x6f, 0x6e, 0x65,
  0x6b, 0x0b, 0x63, 0x63, 0x69, 0x72, 0x63, 0x75, 0x6d, 0x66, 0x6c, 0x65,
  0x78, 0x0a, 0x63, 0x64, 0x6f, 0x74, 0x61, 0x63, 0x63, 0x65, 0x6e, 0x74,
  0x06, 0x64, 0x63, 0x61, 0x72, 0x6f, 0x6e, 0x06, 0x65, 0x63, 0x61, 0x72,
  0x6f, 0x6e, 0x0a, 0x65, 0x64, 0x6f, 0x74, 0x61, 0x63, 0x63, 0x65, 0x6e,
  0x74, 0x07, 0x65, 0x6d, 0x61, 0x63, 0x72, 0x6f, 0x6e, 0x07, 0x65, 0x6f,
  0x67, 0x6f, 0x6e, 0x65, 0x6b, 0x0b, 0x67, 0x63, 0x69, 0x72, 0x63, 0x75,
  0x6d, 0x66, 0x6c, 0x65, 0x78, 0x07, 0x75, 0x6e, 0x69, 0x30, 0x31, 0x32,
  0x33, 0x0a, 0x67, 0x64, 0x6f, 0x74, 0x61, 0x63, 0x63, 0x65, 0x6e, 0x74,
  0x04, 0x68, 0x62, 0x61, 0x72, 0x0b, 0x68, 0x63, 0x69, 0x72, 0x63, 0x75,
  0x6d, 0x66, 0x6c, 0x65, 0x78, 0x09, 0x69, 0x2e, 0x6c, 0x6f, 0x63, 0x6c,
  0x54, 0x52, 0x4b, 0x07, 0x69, 0x6d, 0x61, 0x63, 0x72, 0x6f, 0x6e, 0x07,
  0x69, 0x6f, 0x67, 0x6f, 0x6e, 0x65, 0x6b, 0x02, 0x69, 0x6a, 0x07, 0x75,
  0x6e, 0x69, 0x30, 0x32, 0x33, 0x37, 0x0b, 0x75, 0x6e, 0x69, 0x30, 0x30,
  0x36, 0x41, 0x30, 0x33, 0x30, 0x31, 0x0b, 0x6a, 0x63, 0x69, 0x72, 0x63,
  0x75, 0x6d, 0x66, 0x6c, 0x65, 0x78, 0x07, 0x75, 0x6e, 0x69, 0x30, 0x31,
  0x33, 0x37, 0x06, 0x6c, 0x61, 0x63, 0x75, 0x74, 0x65, 0x06, 0x6c, 0x63,
  0x61, 0x72, 0x6f, 0x6e, 0x07, 0x75, 0x6e, 0x69, 0x30, 0x31, 0x33, 0x43,
  0x06, 0x6e, 0x61, 0x63, 0x75, 0x74, 0x65, 0x06, 0x6e, 0x63, 0x61, 0x72,
  0x6f, 0x6e, 0x07, 0x75, 0x6e, 0x69, 0x30, 0x31, 0x34, 0x36, 0x03, 0x65,
  0x6e, 0x67, 0x0d, 0x6f, 0x68, 0x75, 0x6e, 0x67, 0x61, 0x72, 0x75, 0x6d,
  0x6c, 0x61, 0x75, 0x74, 0x07, 0x6f, 0x6d, 0x61, 0x63, 0x72, 0x6f, 0x6e,
  0x06, 0x72, 0x61, 0x63, 0x75, 0x74, 0x65, 0x06, 0x72, 0x63, 0x61, 0x72,
  0x6f, 0x6e, 0x07, 0x75, 0x6e, 0x69, 0x30, 0x31, 0x35, 0x37, 0x06, 0x73,
  0x61, 0x63, 0x75, 0x74, 0x65, 0x0b, 0x73, 0x63, 0x69, 0x72, 0x63, 0x75,
  0x6d, 0x66, 0x6c, 0x65, 0x78, 0x07, 0x75, 0x6e, 0x69, 0x30, 0x32, 0x31,
  0x39, 0x06, 0x74, 0x63, 0x61, 0x72, 0x6f, 0x6e, 0x07, 0x75, 0x6e, 0x69,
  0x30, 0x32, 0x31, 0x42, 0x06, 0x75, 0x62, 0x72, 0x65, 0x76, 0x65, 0x0d,
  0x75, 0x68, 0x75, 0x6e, 0x67, 0x61, 0x72, 0x75, 0x6d, 0x6c, 0x61, 0x75,
  0x74, 0x07, 0x75, 0x6d, 0x61, 0x63, 0x72, 0x6f, 0x6e, 0x07, 0x75, 0x6f,
  0x67, 0x6f, 0x6e, 0x65, 0x6b, 0x05, 0x75, 0x72, 0x69, 0x6e, 0x67, 0x06,
  0x77, 0x61, 0x63, 0x75, 0x74, 0x65, 0x0b, 0x77, 0x63, 0x69, 0x72, 0x63,
  0x75, 0x6d, 0x66, 0x6c, 0x65, 0x78, 0x09, 0x77, 0x64, 0x69, 0x65, 0x72,
  0x65, 0x73, 0x69, 0x73, 0x06, 0x77, 0x67, 0x72, 0x61, 0x76, 0x65, 0x0b,
  0x79, 0x63, 0x69, 0x72, 0x63, 0x75, 0x6d, 0x66, 0x6c, 0x65, 0x78, 0x06,
  0x79, 0x67, 0x72, 0x61, 0x76, 0x65, 0x06, 0x7a, 0x61, 0x63, 0x75, 0x74,
  0x65, 0x0a, 0x7a, 0x64, 0x6f, 0x74, 0x61, 0x63, 0x63, 0x65, 0x6e, 0x74,
  0x06, 0x61, 0x2e, 0x73, 0x73, 0x30, 0x31, 0x0b, 0x61, 0x61, 0x63, 0x75,
  0x74, 0x65, 0x2e, 0x73, 0x73, 0x30, 0x31, 0x0b, 0x61, 0x62, 0x72, 0x65,
  0x76, 0x65, 0x2e, 0x73, 0x73, 0x30, 0x31, 0x0c, 0x75, 0x6e, 0x69, 0x30,
  0x31, 0x43, 0x45, 0x2e, 0x73, 0x73, 0x30, 0x31, 0x10, 0x61, 0x63, 0x69,
  0x72, 0x63, 0x75, 0x6d, 0x66, 0x6c, 0x65, 0x78, 0x2e, 0x73, 0x73, 0x30,
  0x31, 0x0e, 0x61, 0x64, 0x69, 0x65, 0x72, 0x65, 0x73, 0x69, 0x73, 0x2e,
  0x73, 0x73, 0x30, 0x31, 0x0b, 0x61, 0x67, 0x72, 0x61, 0x76, 0x65, 0x2e,
  0x73, 0x73, 0x30, 0x31, 0x0c, 0x61, 0x6d, 0x61, 0x63, 0x72, 0x6f, 0x6e,
  0x2e, 0x73, 0x73, 0x30, 0x31, 0x0c, 0x61, 0x6f, 0x67, 0x6f, 0x6e, 0x65,
  0x6b, 0x2e, 0x73, 0x73, 0x30, 0x31, 0x0a, 0x61, 0x72, 0x69, 0x6e, 0x67,
  0x2e, 0x73, 0x73, 0x30, 0x31, 0x0b, 0x61, 0x74, 0x69, 0x6c, 0x64, 0x65,
  0x2e, 0x73, 0x73, 0x30, 0x31, 0x06, 0x6c, 0x2e, 0x73, 0x73, 0x30, 0x32,
  0x0b, 0x6c, 0x61, 0x63, 0x75, 0x74, 0x65, 0x2e, 0x73, 0x73, 0x30, 0x32,
  0x0b, 0x6c, 0x63, 0x61, 0x72, 0x6f, 0x6e, 0x2e, 0x73, 0x73, 0x30, 0x32,
  0x0c, 0x75, 0x6e, 0x69, 0x30, 0x31, 0x33, 0x43, 0x2e, 0x73, 0x73, 0x30,
  0x32, 0x0b, 0x6c, 0x73, 0x6c, 0x61, 0x73, 0x68, 0x2e, 0x73, 0x73, 0x30,
  0x32, 0x09, 0x7a, 0x65, 0x72, 0x6f, 0x2e, 0x73, 0x73, 0x30, 0x32, 0x07,
  0x7a, 0x65, 0x72, 0x6f, 0x2e, 0x74, 0x66, 0x06, 0x6f, 0x6e, 0x65, 0x2e,
  0x74, 0x66, 0x06, 0x74, 0x77, 0x6f, 0x2e, 0x74, 0x66, 0x08, 0x74, 0x68,
  0x72, 0x65, 0x65, 0x2e, 0x74, 0x66, 0x07, 0x66, 0x6f, 0x75, 0x72, 0x2e,
  0x74, 0x66, 0x07, 0x66, 0x69, 0x76, 0x65, 0x2e, 0x74, 0x66, 0x06, 0x73,
  0x69, 0x78, 0x2e, 0x74, 0x66, 0x08, 0x73, 0x65, 0x76, 0x65, 0x6e, 0x2e,
  0x74, 0x66, 0x08, 0x65, 0x69, 0x67, 0x68, 0x74, 0x2e, 0x74, 0x66, 0x07,
  0x6e, 0x69, 0x6e, 0x65, 0x2e, 0x74, 0x66, 0x0c, 0x7a, 0x65, 0x72, 0x6f,
  0x2e, 0x74, 0x66, 0x2e, 0x73, 0x73, 0x30, 0x32, 0x09, 0x7a, 0x65, 0x72,
  0x6f, 0x2e, 0x64, 0x6e, 0x6f, 0x6d, 0x08, 0x6f, 0x6e, 0x65, 0x2e, 0x64,
  0x6e, 0x6f, 0x6d, 0x08, 0x74, 0x77, 0x6f, 0x2e, 0x64, 0x6e, 0x6f, 0x6d,
  0x0a, 0x74, 0x68, 0x72, 0x65, 0x65, 0x2e, 0x64, 0x6e, 0x6f, 0x6d, 0x09,
  0x66, 0x6f, 0x75, 0x72, 0x2e, 0x64, 0x6e, 0x6f, 0x6d, 0x09, 0x66, 0x69,
  0x76, 0x65, 0x2e, 0x64, 0x6e, 0x6f, 0x6d, 0x08, 0x73, 0x69, 0x78, 0x2e,
  0x64, 0x6e, 0x6f, 0x6d, 0x0a, 0x73, 0x65, 0x76, 0x65, 0x6e, 0x2e, 0x64,
  0x6e, 0x6f, 0x6d, 0x0a, 0x65, 0x69, 0x67, 0x68, 0x74, 0x2e, 0x64, 0x6e,
  0x6f, 0x6d, 0x09, 0x6e, 0x69, 0x6e, 0x65, 0x2e, 0x64, 0x6e, 0x6f, 0x6d,
  0x09, 0x7a, 0x65, 0x72, 0x6f, 0x2e, 0x6e, 0x75, 0x6d, 0x72, 0x08, 0x6f,
  0x6e, 0x65, 0x2e, 0x6e, 0x75, 0x6d, 0x72, 0x08, 0x74, 0x77, 0x6f, 0x2e,
  0x6e, 0x75, 0x6d, 0x72, 0x0a, 0x74, 0x68, 0x72, 0x65, 0x65, 0x2e, 0x6e,
  0x75, 0x6d, 0x72, 0x09, 0x66, 0x6f, 0x75, 0x72, 0x2e, 0x6e, 0x75, 0x6d,
  0x72, 0x09, 0x66, 0x69, 0x76, 0x65, 0x2e, 0x6e, 0x75, 0x6d, 0x72, 0x08,
  0x73, 0x69, 0x78, 0x2e, 0x6e, 0x75, 0x6d, 0x72, 0x0a, 0x73, 0x65, 0x76,
  0x65, 0x6e, 0x2e, 0x6e, 0x75, 0x6d, 0x72, 0x0a, 0x65, 0x69, 0x67, 0x68,
  0x74, 0x2e, 0x6e, 0x75, 0x6d, 0x72, 0x09, 0x6e, 0x69, 0x6e, 0x65, 0x2e,
  0x6e, 0x75, 0x6d, 0x72, 0x09, 0x6f, 0x6e, 0x65, 0x65, 0x69, 0x67, 0x68,
  0x74, 0x68, 0x0c, 0x74, 0x68, 0x72, 0x65, 0x65, 0x65, 0x69, 0x67, 0x68,
  0x74, 0x68, 0x73, 0x0b, 0x66, 0x69, 0x76, 0x65, 0x65, 0x69, 0x67, 0x68,
  0x74, 0x68, 0x73, 0x0c, 0x73, 0x65, 0x76, 0x65, 0x6e, 0x65, 0x69, 0x67,
  0x68, 0x74, 0x68, 0x73, 0x07, 0x75, 0x6e, 0x69, 0x32, 0x30, 0x38, 0x30,
  0x07, 0x75, 0x6e, 0x69, 0x32, 0x30, 0x38, 0x31, 0x07, 0x75, 0x6e, 0x69,
  0x32, 0x30, 0x38, 0x32, 0x07, 0x75, 0x6e, 0x69, 0x32, 0x30, 0x38, 0x33,
  0x07, 0x75, 0x6e, 0x69, 0x32, 0x30, 0x38, 0x34, 0x07, 0x75, 0x6e, 0x69,
  0x32, 0x30, 0x38, 0x35, 0x07, 0x75, 0x6e, 0x69, 0x32, 0x30, 0x38, 0x36,
  0x07, 0x75, 0x6e, 0x69, 0x32, 0x30, 0x38, 0x37, 0x07, 0x75, 0x6e, 0x69,
  0x32, 0x30, 0x38, 0x38, 0x07, 0x75, 0x6e, 0x69, 0x32, 0x30, 0x38, 0x39,
  0x07, 0x75, 0x6e, 0x69, 0x32, 0x30, 0x37, 0x30, 0x07, 0x75, 0x6e, 0x69,
  0x30, 0x30, 0x42, 0x39, 0x07, 0x75, 0x6e, 0x69, 0x30, 0x30, 0x42, 0x32,
  0x07, 0x75, 0x6e, 0x69, 0x30, 0x30, 0x42, 0x33, 0x07, 0x75, 0x6e, 0x69,
  0x32, 0x30, 0x37, 0x34, 0x07, 0x75, 0x6e, 0x69, 0x32, 0x30, 0x37, 0x35,
  0x07, 0x75, 0x6e, 0x69, 0x32, 0x30, 0x37, 0x36, 0x07, 0x75, 0x6e, 0x69,
  0x32, 0x30, 0x37, 0x37, 0x07, 0x75, 0x6e, 0x69, 0x32, 0x30, 0x37, 0x38,
  0x07, 0x75, 0x6e, 0x69, 0x32, 0x30, 0x37, 0x39, 0x07, 0x75, 0x6e, 0x69,
  0x30, 0x30, 0x41, 0x30, 0x02, 0x43, 0x52, 0x16, 0x70, 0x65, 0x72, 0x69,
  0x6f, 0x64, 0x63, 0x65, 0x6e, 0x74, 0x65, 0x72, 0x65, 0x64, 0x2e, 0x6c,
  0x6f, 0x63, 0x6c, 0x43, 0x41, 0x54, 0x1b, 0x70, 0x65, 0x72, 0x69, 0x6f,
  0x64, 0x63, 0x65, 0x6e, 0x74, 0x65, 0x72, 0x65, 0x64, 0x2e, 0x6c, 0x6f,
  0x63, 0x6c, 0x43, 0x41, 0x54, 0x2e, 0x63, 0x61, 0x73, 0x65, 0x04, 0x45,
  0x75, 0x72, 0x6f, 0x07, 0x75, 0x6e, 0x69, 0x32, 0x30, 0x42, 0x39, 0x07,
  0x75, 0x6e, 0x69, 0x32, 0x32, 0x31, 0x35, 0x07, 0x75, 0x6e, 0x69, 0x30,
  0x30, 0x42, 0x35, 0x07, 0x61, 0x72, 0x72, 0x6f, 0x77, 0x75, 0x70, 0x07,
  0x75, 0x6e, 0x69, 0x32, 0x31, 0x39, 0x37, 0x0a, 0x61, 0x72, 0x72, 0x6f,
  0x77, 0x72, 0x69, 0x67, 0x68, 0x74, 0x07, 0x75, 0x6e, 0x69, 0x32, 0x31,
  0x39, 0x38, 0x09, 0x61, 0x72, 0x72, 0x6f, 0x77, 0x64, 0x6f, 0x77, 0x6e,
  0x07, 0x75, 0x6e, 0x69, 0x32, 0x31, 0x39, 0x39, 0x09, 0x61, 0x72, 0x72,
  0x6f, 0x77, 0x6c, 0x65, 0x66, 0x74, 0x07, 0x75, 0x6e, 0x69, 0x32, 0x31,
  0x39, 0x36, 0x07, 0x75, 0x6e, 0x69, 0x30, 0x33, 0x30, 0x38, 0x07, 0x75,
  0x6e, 0x69, 0x30, 0x33, 0x30, 0x37, 0x09, 0x67, 0x72, 0x61, 0x76, 0x65,
  0x63, 0x6f, 0x6d, 0x62, 0x09, 0x61, 0x63, 0x75, 0x74, 0x65, 0x63, 0x6f,
  0x6d, 0x62, 0x07, 0x75, 0x6e, 0x69, 0x30, 0x33, 0x30, 0x42, 0x0b, 0x75,
  0x6e, 0x69, 0x30, 0x33, 0x30, 0x43, 0x2e, 0x61, 0x6c, 0x74, 0x07, 0x75,
  0x6e, 0x69, 0x30, 0x33, 0x30, 0x32, 0x07, 0x75, 0x6e, 0x69, 0x30, 0x33,
  0x30, 0x43, 0x07, 0x75, 0x6e, 0x69, 0x30, 0x33, 0x30, 0x36, 0x07, 0x75,
  0x6e, 0x69, 0x30, 0x33, 0x30, 0x41, 0x09, 0x74, 0x69, 0x6c, 0x64, 0x65,
  0x63, 0x6f, 0x6d, 0x62, 0x07, 0x75, 0x6e, 0x69, 0x30, 0x33, 0x30, 0x34,
  0x07, 0x75, 0x6e, 0x69, 0x30, 0x33, 0x31, 0x32, 0x07, 0x75, 0x6e, 0x69,
  0x30, 0x33, 0x32, 0x36, 0x07, 0x75, 0x6e, 0x69, 0x30, 0x33, 0x32, 0x37,
  0x07, 0x75, 0x6e, 0x69, 0x30, 0x33, 0x32, 0x38, 0x0b, 0x75, 0x6e, 0x69,
  0x30, 0x33, 0x32, 0x38, 0x2e, 0x61, 0x6c, 0x74, 0x0e, 0x75, 0x6e, 0x69,
  0x30, 0x33, 0x30, 0x34, 0x2e, 0x6e, 0x61, 0x72, 0x72, 0x6f, 0x77, 0x17,
  0x64, 0x6f, 0x6c, 0x6c, 0x61, 0x72, 0x2e, 0x42, 0x52, 0x41, 0x43, 0x4b,
  0x45, 0x54, 0x2e, 0x76, 0x61, 0x72, 0x41, 0x6c, 0x74, 0x30, 0x31, 0x00,
  0x00, 0x01, 0x00, 0x00, 0x00, 0x0a, 0x00, 0x28, 0x00, 0x54, 0x00, 0x02,
  0x44, 0x46, 0x4c, 0x54, 0x00, 0x0e, 0x6c, 0x61, 0x74, 0x6e, 0x00, 0x0e,
  0x00, 0x04, 0x00, 0x00, 0x00, 0x00, 0xff, 0xff, 0x00, 0x03, 0x00, 0x00,
  0x00, 0x01, 0x00, 0x02, 0x00, 0x03, 0x6b, 0x65, 0x72, 0x6e, 0x00, 0x24,
  0x6d, 0x61, 0x72, 0x6b, 0x00, 0x1a, 0x6d, 0x6b, 0x6d, 0x6b, 0x00, 0x14,
  0x00, 0x00, 0x00, 0x01, 0x00, 0x05, 0x00, 0x00, 0x00, 0x03, 0x00, 0x02,
  0x00, 0x03, 0x00, 0x04, 0x00, 0x00, 0x00, 0x02, 0x00, 0x01, 0x00, 0x00,
  0x00, 0x06, 0x0e, 0xfc, 0x0e, 0xc2, 0x0a, 0x32, 0x07, 0x8c, 0x00, 0x4e,
  0x00, 0x0e, 0x00, 0x06, 0x00, 0x10, 0x00, 0x01, 0x00, 0x0a, 0x00, 0x00,
  0x00, 0x01, 0x07, 0x64, 0x00, 0x2a, 0x00, 0x01, 0x06, 0x94, 0x00, 0x0c,
  0x00, 0x04, 0x00, 0x14, 0x07, 0x28, 0x07, 0x1e, 0x00, 0x0a, 0x00, 0x03,
  0x00, 0xf7, 0x02, 0xd3, 0x17, 0xd6, 0x04, 0x36, 0x00, 0x03, 0x00, 0x87,
  0x02, 0xc6, 0x07, 0x3e, 0x15, 0xc0, 0x00, 0x01, 0x00, 0x04, 0x01, 0xaa,
  0x01, 0xac, 0x01, 0xad, 0x01, 0xb4, 0x00, 0x04, 0x00, 0x00, 0x00, 0x01,
  0x00, 0x08, 0x00, 0x01, 0x07, 0x26, 0x05, 0xd4, 0x00, 0x01, 0x06, 0x56,
  0x00, 0x0c, 0x00, 0xfb, 0x05, 0xbe, 0x05, 0xbe, 0x05, 0xbe, 0x05, 0xbe,
  0x05, 0xbe, 0x05, 0xae, 0x05, 0xbe, 0x05, 0xbe, 0x05, 0xbe, 0x05, 0xbe,
  0x05, 0xa4, 0x05, 0x94, 0x05, 0x94, 0x05, 0x94, 0x05, 0x94, 0x05, 0x94,
  0x05, 0x94, 0x05, 0x8a, 0x05, 0x8a, 0x05, 0x7a, 0x05, 0x7a, 0x05, 0x70,
  0x05, 0x70, 0x05, 0x70, 0x05, 0x70, 0x05, 0x66, 0x05, 0x70, 0x05, 0x70,
  0x05, 0x70, 0x05, 0x70, 0x05, 0x56, 0x05, 0x56, 0x05, 0x56, 0x05, 0x56,
  0x05, 0x56, 0x05, 0x4c, 0x05, 0x3c, 0x05, 0x4c, 0x05, 0x4c, 0x05, 0x32,
  0x05, 0x4c, 0x05, 0x4c, 0x05, 0x4c, 0x05, 0x4c, 0x05, 0x28, 0x05, 0x28,
  0x05, 0x28, 0x05, 0x1e, 0x05, 0x1e, 0x05, 0x14, 0x05, 0x14, 0x05, 0x14,
  0x05, 0x14, 0x05, 0x14, 0x05, 0x0a, 0x05, 0x0a, 0x05, 0x0a, 0x05, 0x0a,
  0x04, 0xfa, 0x04, 0xf0, 0x04, 0xe6, 0x04, 0xe6, 0x04, 0xe6, 0x04, 0xdc,
  0x04, 0xe6, 0x04, 0xe6, 0x04, 0xe6, 0x04, 0xd2, 0x04, 0xc8, 0x04, 0xe6,
  0x04, 0xbe, 0x04, 0xbe, 0x04, 0xbe, 0x04, 0xbe, 0x04, 0xb4, 0x04, 0xb4,
  0x04, 0xb4, 0x04, 0xb4, 0x04, 0xb4, 0x04, 0xb4, 0x04, 0xa4, 0x04, 0xa4,
  0x04, 0xa4, 0x04, 0x9a, 0x04, 0x9a, 0x04, 0x9a, 0x04, 0x9a, 0x04, 0x90,
  0x04, 0x9a, 0x04, 0x9a, 0x04, 0x9a, 0x04, 0x9a, 0x04, 0x9a, 0x04, 0x80,
  0x04, 0x80, 0x04, 0x80, 0x04, 0x76, 0x04, 0x80, 0x04, 0x66, 0x04, 0x66,
  0x04, 0x66, 0x04, 0x5c, 0x04, 0x66, 0x04, 0x52, 0x04, 0x52, 0x04, 0x52,
  0x04, 0x52, 0x04, 0x48, 0x04, 0x38, 0x04, 0x48, 0x04, 0x48, 0x04, 0x28,
  0x04, 0x48, 0x04, 0x48, 0x04, 0x48, 0x04, 0x48, 0x04, 0x18, 0x04, 0x12,
  0x04, 0x12, 0x04, 0x12, 0x04, 0x12, 0x04, 0x08, 0x04, 0x12, 0x04, 0x12,
  0x04, 0x12, 0x04, 0x12, 0x03, 0xf8, 0x03, 0xee, 0x03, 0xe4, 0x03, 0xe4,
  0x03, 0xe4, 0x03, 0xe4, 0x03, 0xe4, 0x03, 0xe4, 0x03, 0xd4, 0x03, 0xd4,
  0x03, 0xd4, 0x03, 0xc4, 0x03, 0xba, 0x03, 0xba, 0x03, 0xba, 0x03, 0xb0,
  0x03, 0xba, 0x03, 0xba, 0x03, 0xba, 0x03, 0xba, 0x03, 0xa0, 0x03, 0xa0,
  0x03, 0xa0, 0x03, 0xa0, 0x03, 0xa0, 0x03, 0x96, 0x03, 0x96, 0x03, 0x96,
  0x03, 0x8c, 0x03, 0x8c, 0x03, 0x8c, 0x03, 0x8c, 0x03, 0x82, 0x03, 0x8c,
  0x03, 0x8c, 0x03, 0x8c, 0x03, 0x8c, 0x03, 0x72, 0x03, 0x68, 0x03, 0x68,
  0x03, 0x68, 0x03, 0x68, 0x03, 0x5e, 0x03, 0x5e, 0x03, 0x54, 0x03, 0x54,
  0x03, 0x54, 0x03, 0x54, 0x03, 0x4a, 0x03, 0x40, 0x03, 0x40, 0x03, 0x40,
  0x03, 0x40, 0x03, 0x36, 0x03, 0x26, 0x03, 0x1c, 0x03, 0x1c, 0x03, 0x1c,
  0x03, 0x12, 0x03, 0x1c, 0x03, 0x1c, 0x03, 0x1c, 0x03, 0x08, 0x02, 0xfe,
  0x02, 0xee, 0x02, 0xe4, 0x02, 0xe4, 0x02, 0xe4, 0x02, 0xe4, 0x02, 0xd4,
  0x02, 0xca, 0x02, 0xca, 0x02, 0xca, 0x02, 0xca, 0x02, 0xca, 0x02, 0xba,
  0x02, 0xba, 0x02, 0xba, 0x02, 0xb0, 0x02, 0xb0, 0x02, 0xb0, 0x02, 0xb0,
  0x02, 0xa6, 0x02, 0xb0, 0x02, 0xb0, 0x02, 0xb0, 0x02, 0xb0, 0x02, 0xb0,
  0x02, 0x9c, 0x02, 0x9c, 0x02, 0x9c, 0x02, 0x92, 0x02, 0x9c, 0x02, 0x82,
  0x02, 0x82, 0x02, 0x82, 0x02, 0x78, 0x02, 0x82, 0x02, 0x6e, 0x02, 0x6e,
  0x02, 0x6e, 0x02, 0x6e, 0x02, 0x64, 0x02, 0x64, 0x02, 0x64, 0x02, 0x64,
  0x02, 0x64, 0x02, 0x5a, 0x02, 0x64, 0x02, 0x64, 0x02, 0x64, 0x02, 0x64,
  0x02, 0x50, 0x03, 0x54, 0x03, 0x54, 0x03, 0x54, 0x03, 0x54, 0x03, 0x4a,
  0x02, 0x46, 0x02, 0x3c, 0x02, 0x32, 0x02, 0x22, 0x02, 0x12, 0x02, 0x08,
  0x01, 0xf8, 0x00, 0x03, 0x00, 0x8c, 0x02, 0xd3, 0x00, 0x0a, 0x02, 0x0a,
  0x00, 0x00, 0x00, 0x4e, 0x80, 0x00, 0x00, 0x03, 0x00, 0x3f, 0x01, 0xf4,
  0x13, 0x8e, 0x00, 0x00, 0x00, 0x03, 0x00, 0x67, 0x01, 0xf4, 0x00, 0x0a,
  0x00, 0x00, 0x00, 0x00, 0x00, 0x52, 0x80, 0x00, 0x00, 0x03, 0x00, 0xd3,
  0x02, 0xc6, 0x00, 0x0a, 0x13, 0x74, 0x00, 0x00, 0x00, 0x43, 0x80, 0x00,
  0x00, 0x03, 0x01, 0x21, 0x02, 0x62, 0x0b, 0x4e, 0x00, 0x00, 0x00, 0x03,
  0x00, 0xb6, 0x02, 0xbc, 0x0b, 0x54, 0x00, 0x00, 0x00, 0x03, 0x00, 0xa0,
  0x02, 0xbc, 0x1b, 0x80, 0x00, 0x00, 0x00, 0x03, 0x01, 0x1a, 0x02, 0xd3,
  0x0a, 0x68, 0x01, 0xb2, 0x00, 0x03, 0x01, 0x1a, 0x02, 0xc6, 0x0a, 0x5e,
  0x13, 0x3c, 0x00, 0x03, 0x01, 0x1a, 0x01, 0xf4, 0x0a, 0x54, 0x00, 0x00,
  0x00, 0x03, 0x00, 0xf7, 0x01, 0xf4, 0x0d, 0xba, 0x00, 0x00, 0x00, 0x03,
  0x00, 0xfd, 0x02, 0xc6, 0x00, 0x14, 0x13, 0x1e, 0x00, 0x03, 0x00, 0xfd,
  0x01, 0xf4, 0x00, 0x0a, 0x00, 0x00, 0x00, 0x00, 0x00, 0x46, 0x80, 0x00,
  0x00, 0x03, 0x01, 0x7f, 0x02, 0xc6, 0x0b, 0xc0, 0x13, 0x04, 0x00, 0x03,
  0x01, 0x7f, 0x01, 0xf4, 0x0b, 0xb6, 0x00, 0x00, 0x00, 0x03, 0x01, 0x15,
  0x02, 0xc6, 0x02, 0xba, 0x12, 0xf0, 0x00, 0x03, 0x01, 0x15, 0x01, 0xf4,
  0x02, 0xb0, 0x00, 0x00, 0x00, 0x03, 0x00, 0xb3, 0x01, 0xf4, 0x00, 0x0a,
  0x00, 0x00, 0x00, 0x00, 0x00, 0x2f, 0x80, 0x00, 0x00, 0x03, 0x00, 0xf8,
  0x01, 0xf4, 0x11, 0xf6, 0x00, 0x00, 0x00, 0x03, 0x00, 0xf8, 0x01, 0xf4,
  0x00, 0x0a, 0x00, 0x00, 0x00, 0x02, 0x00, 0x03, 0x80, 0x00, 0x00, 0x03,
  0x00, 0x9b, 0x01, 0xf4, 0x05, 0x8e, 0x00, 0x00, 0x00, 0x03, 0x02, 0xd5,
  0x01, 0xf4, 0x00, 0x0a, 0x00, 0x00, 0x00, 0x00, 0x00, 0x27, 0x80, 0x00,
  0x00, 0x03, 0x01, 0x22, 0x02, 0xd3, 0x1a, 0xc8, 0x01, 0x04, 0x00, 0x03,
  0x01, 0x21, 0x01, 0xf4, 0x09, 0x76, 0x00, 0x00, 0x00, 0x03, 0x01, 0x22,
  0x02, 0xc6, 0x1a, 0xb4, 0x12, 0x84, 0x00, 0x03, 0x01, 0x22, 0x01, 0xf4,
  0x1a, 0xaa, 0x00, 0x00, 0x00, 0x03, 0x01, 0xd0, 0x01, 0xf4, 0x00, 0x0a,
  0x00, 0x00, 0x00, 0x00, 0x00, 0x10, 0x80, 0x00, 0x00, 0x03, 0x01, 0x15,
  0x02, 0xd3, 0x08, 0xe4, 0x00, 0xcc, 0x00, 0x03, 0x01, 0x15, 0x01, 0xf4,
  0x08, 0xda, 0x00, 0x00, 0x00, 0x03, 0x00, 0x8b, 0x02, 0x9e, 0x09, 0x6e,
  0x08, 0xea, 0x00, 0x03, 0x00, 0x69, 0x02, 0x9e, 0x08, 0xe0, 0x08, 0xe0,
  0x00, 0x03, 0x00, 0xe9, 0x03, 0x20, 0x03, 0xa6, 0x00, 0x00, 0x00, 0x03,
  0x00, 0x96, 0x01, 0xf4, 0x0a, 0xda, 0x00, 0x00, 0x00, 0x03, 0x01, 0x72,
  0x01, 0xf4, 0x00, 0x0a, 0x00, 0x00, 0x00, 0x00, 0x00, 0x51, 0x80, 0x00,
  0x00, 0x03, 0x00, 0x6e, 0x02, 0xc6, 0x08, 0xd2, 0x12, 0x14, 0x00, 0x03,
  0x00, 0x6e, 0x01, 0xf4, 0x08, 0xc8, 0x00, 0x00, 0x00, 0x03, 0x00, 0x69,
  0x02, 0xbc, 0x08, 0x9e, 0x00, 0x00, 0x00, 0x03, 0x01, 0x0f, 0x01, 0xf4,
  0x00, 0x0a, 0x00, 0x00, 0x00, 0x00, 0x00, 0x35, 0x80, 0x00, 0x00, 0x03,
  0x01, 0x1e, 0x02, 0xc6, 0x01, 0xb0, 0x11, 0xe6, 0x00, 0x03, 0x01, 0x1e,
  0x01, 0xf4, 0x01, 0xa6, 0x00, 0x00, 0x00, 0x03, 0x01, 0x1e, 0x01, 0xf4,
  0x00, 0x0a, 0x00, 0x00, 0x00, 0x02, 0x00, 0x05, 0x80, 0x00, 0x00, 0x03,
  0x01, 0xdd, 0x02, 0xbc, 0x00, 0x0a, 0x00, 0x00, 0x00, 0x00, 0x00, 0x0f,
  0x80, 0x00, 0x00, 0x03, 0x01, 0x21, 0x01, 0xf4, 0x09, 0x9c, 0x00, 0x00,
  0x00, 0x03, 0x02, 0x6e, 0x01, 0xf4, 0x03, 0x06, 0x00, 0x00, 0x00, 0x03,
  0x00, 0xfc, 0x02, 0xd3, 0x00, 0x00, 0x00, 0x0a, 0x00, 0x00, 0x00, 0x0c,
  0x80, 0x00, 0x00, 0x03, 0x00, 0xfc, 0x02, 0xc6, 0x00, 0x00, 0x11, 0x8e,
  0x00, 0x01, 0x00, 0xfc, 0x01, 0xf4, 0x00, 0x03, 0x00, 0xfc, 0x01, 0xf4,
  0x00, 0x0a, 0x00, 0x00, 0x00, 0x02, 0x00, 0x07, 0x80, 0x00, 0x00, 0x03,
  0x00, 0xb6, 0x03, 0x70, 0x00, 0x0a, 0x01, 0x90, 0x00, 0x00, 0x00, 0x4a,
  0x80, 0x00, 0x00, 0x03, 0x02, 0xe6, 0x02, 0x9e, 0x00, 0x0a, 0x00, 0x00,
  0x00, 0x01, 0x00, 0x03, 0x80, 0x00, 0x00, 0x03, 0x00, 0xb6, 0x02, 0x9e,
  0x08, 0x90, 0x07, 0xec, 0x00, 0x03, 0x01, 0x43, 0x02, 0x9e, 0x23, 0xb6,
  0x07, 0xe2, 0x00, 0x03, 0x01, 0x26, 0x03, 0x70, 0x00, 0x14, 0x11, 0x3a,
  0x00, 0x03, 0x01, 0x26, 0x02, 0x9e, 0x00, 0x0a, 0x00, 0x00, 0x00, 0x00,
  0x00, 0x41, 0x80, 0x00, 0x00, 0x03, 0x01, 0xdb, 0x03, 0x70, 0x00, 0x14,
  0x11, 0x20, 0x00, 0x03, 0x01, 0xdb, 0x02, 0x9e, 0x00, 0x0a, 0x00, 0x00,
  0x00, 0x00, 0x00, 0x31, 0x80, 0x00, 0x00, 0x03, 0x01, 0x63, 0x03, 0x70,
  0x21, 0xe2, 0x01, 0x28, 0x00, 0x03, 0x01, 0x63, 0x02, 0x9e, 0x21, 0xd8,
  0x07, 0x9a, 0x00, 0x03, 0x01, 0x0e, 0x02, 0x9e, 0x00, 0x0a, 0x07, 0x90,
  0x00, 0x00, 0x00, 0x37, 0x80, 0x00, 0x00, 0x03, 0x01, 0x40, 0x02, 0x9e,
  0x0b, 0x74, 0x07, 0x80, 0x00, 0x03, 0x01, 0x20, 0x02, 0x9e, 0x09, 0x84,
  0x07, 0x76, 0x00, 0x03, 0x01, 0x82, 0x03, 0x7d, 0x09, 0x7a, 0x07, 0x52,
  0x00, 0x03, 0x01, 0x87, 0x02, 0x9e, 0x08, 0x7a, 0x07, 0x62, 0x00, 0x03,
  0x01, 0x82, 0x03, 0x70, 0x09, 0x66, 0x00, 0xdc, 0x00, 0x03, 0x01, 0x82,
  0x02, 0x9e, 0x09, 0x5c, 0x07, 0x4e, 0x00, 0x03, 0x02, 0x84, 0x01, 0xf7,
  0x02, 0x04, 0x00, 0xae, 0x00, 0x03, 0x01, 0x7d, 0x03, 0x7d, 0x07, 0xbe,
  0x00, 0x0a, 0x00, 0x00, 0x00, 0x13, 0x80, 0x00, 0x00, 0x03, 0x01, 0x7d,
  0x02, 0x9e, 0x07, 0xae, 0x1d, 0x66, 0x00, 0x03, 0x00, 0x84, 0x02, 0x9e,
  0x07, 0x5a, 0x07, 0x20, 0x00, 0x03, 0x01, 0x26, 0x02, 0xbc, 0x08, 0x3e,
  0x00, 0x00, 0x00, 0x03, 0x01, 0x7a, 0x02, 0x9e, 0x03, 0x2a, 0x00, 0x00,
  0x00, 0x03, 0x00, 0x84, 0x03, 0x70, 0x03, 0x40, 0x00, 0x86, 0x00, 0x03,
  0x02, 0x82, 0x02, 0x9e, 0x00, 0x0a, 0x00, 0x00, 0x00, 0x00, 0x00, 0x55,
  0x80, 0x00, 0x00, 0x03, 0x00, 0x84, 0x02, 0x9e, 0x12, 0x56, 0x06, 0xe8,
  0x00, 0x03, 0x01, 0x80, 0x02, 0xbc, 0x00, 0x0a, 0x00, 0x00, 0x00, 0x00,
  0x00, 0x24, 0x80, 0x00, 0x00, 0x03, 0x01, 0x34, 0x03, 0x70, 0x1b, 0xd8,
  0x00, 0x52, 0x00, 0x03, 0x01, 0x34, 0x02, 0x9e, 0x1b, 0xce, 0x06, 0xc4,
  0x00, 0x03, 0x01, 0x7a, 0x02, 0x9e, 0x00, 0x0a, 0x06, 0xba, 0x00, 0x00,
  0x00, 0x06, 0x80, 0x00, 0x00, 0x03, 0x01, 0x34, 0x02, 0x9e, 0x20, 0xe8,
  0x06, 0xaa, 0x00, 0x03, 0x01, 0x82, 0x02, 0x9e, 0x00, 0x0a, 0x06, 0xa0,
  0x00, 0x00, 0x00, 0x1b, 0x80, 0x00, 0x00, 0x03, 0x01, 0x4b, 0x03, 0x7d,
  0x07, 0xfc, 0x06, 0x76, 0x00, 0x03, 0x01, 0x4b, 0x03, 0x70, 0x07, 0xf2,
  0x00, 0x0a, 0x00, 0x00, 0x00, 0x4d, 0x80, 0x00, 0x00, 0x03, 0x01, 0x4b,
  0x02, 0x9e, 0x07, 0xe2, 0x06, 0x76, 0x00, 0x02, 0x00, 0x15, 0x00, 0x01,
  0x00, 0x0b, 0x00, 0x00, 0x00, 0x0e, 0x00, 0x20, 0x00, 0x0b, 0x00, 0x22,
  0x00, 0x26, 0x00, 0x1e, 0x00, 0x2a, 0x00, 0x3c, 0x00, 0x23, 0x00, 0x3e,
  0x00, 0x4d, 0x00, 0x36, 0x00, 0x51, 0x00, 0x5a, 0x00, 0x46, 0x00, 0x5c,
  0x00, 0x68, 0x00, 0x50, 0x00, 0x6a, 0x00, 0x6e, 0x00, 0x5d, 0x00, 0x70,
  0x00, 0x8d, 0x00, 0x62, 0x00, 0x8f, 0x00, 0x97, 0x00, 0x80, 0x00, 0x99,
  0x00, 0xa1, 0x00, 0x89, 0x00, 0xa3, 0x00, 0xbf, 0x00, 0x92, 0x00, 0xc1,
  0x00, 0xd0, 0x00, 0xaf, 0x00, 0xd4, 0x00, 0xdd, 0x00, 0xbf, 0x00, 0xdf,
  0x00, 0xeb, 0x00, 0xc9, 0x00, 0xed, 0x00, 0xf1, 0x00, 0xd6, 0x00, 0xf3,
  0x01, 0x0d, 0x00, 0xdb, 0x01, 0x8a, 0x01, 0x8a, 0x00, 0xf6, 0x01, 0xbc,
  0x01, 0xbc, 0x00, 0xf7, 0x01, 0xbe, 0x01, 0xbf, 0x00, 0xf8, 0x01, 0xc5,
  0x01, 0xc5, 0x00, 0xfa, 0x00, 0x0c, 0x00, 0x00, 0x00, 0xc0, 0x00, 0x00,
  0x00, 0xb0, 0x00, 0x00, 0x00, 0xa0, 0x00, 0x00, 0x00, 0x96, 0x00, 0x00,
  0x00, 0x86, 0x00, 0x00, 0x00, 0x7c, 0x00, 0x00, 0x00, 0x6c, 0x00, 0x00,
  0x00, 0x5c, 0x00, 0x00, 0x00, 0x52, 0x00, 0x00, 0x00, 0x48, 0x00, 0x00,
  0x00, 0x42, 0x00, 0x00, 0x00, 0x32, 0x00, 0x03, 0x00, 0x21, 0x01, 0xf4,
  0x00, 0x0a, 0x00, 0x00, 0x00, 0x00, 0x00, 0x4f, 0x80, 0x00, 0x00, 0x01,
  0x00, 0x96, 0x01, 0xf4, 0x00, 0x03, 0x00, 0xf7, 0x01, 0xf4, 0x11, 0x10,
  0x00, 0x00, 0x00, 0x03, 0x00, 0x8a, 0x01, 0xf4, 0x09, 0x80, 0x00, 0x00,
  0x00, 0x03, 0x00, 0xa3, 0x01, 0xf4, 0x00, 0x0a, 0x00, 0x00, 0x00, 0x00,
  0x00, 0x3a, 0x80, 0x00, 0x00, 0x03, 0x00, 0xa3, 0x01, 0xf4, 0x00, 0x0a,
  0x00, 0x00, 0x00, 0x00, 0x00, 0x45, 0x80, 0x00, 0x00, 0x03, 0x00, 0xa3,
  0x01, 0xf4, 0x06, 0x96, 0x00, 0x00, 0x00, 0x03, 0x00, 0x8e, 0x01, 0xf4,
  0x00, 0x0a, 0x00, 0x00, 0x00, 0x00, 0x00, 0x40, 0x80, 0x00, 0x00, 0x03,
  0x01, 0x21, 0x01, 0xf4, 0x07, 0x72, 0x00, 0x00, 0x00, 0x03, 0x00, 0xf9,
  0x01, 0xf4, 0x00, 0x0a, 0x00, 0x00, 0x00, 0x00, 0x00, 0x0d, 0x80, 0x00,
  0x00, 0x03, 0x00, 0x28, 0x01, 0xf4, 0x00, 0x0a, 0x00, 0x00, 0x00, 0x00,
  0x00, 0x48, 0x80, 0x00, 0x00, 0x03, 0x00, 0x87, 0x01, 0xf4, 0x00, 0x0a,
  0x00, 0x00, 0x00, 0x01, 0x00, 0x02, 0x80, 0x00, 0x00, 0x02, 0x00, 0x02,
  0x01, 0xaa, 0x01, 0xae, 0x00, 0x00, 0x01, 0xb0, 0x01, 0xb6, 0x00, 0x05,
  0x00, 0x04, 0x00, 0x00, 0x00, 0x01, 0x00, 0x08, 0x00, 0x01, 0x02, 0x98,
  0x02, 0x36, 0x00, 0x01, 0x02, 0x82, 0x00, 0x0c, 0x00, 0x7a, 0x02, 0x1a,
  0x02, 0x1a, 0x02, 0x1a, 0x02, 0x1a, 0x02, 0x1a, 0x02, 0x1a, 0x02, 0x1a,
  0x02, 0x1a, 0x02, 0x1a, 0x02, 0x1a, 0x02, 0x1a, 0x02, 0x0a, 0x02, 0x0a,
  0x02, 0x0a, 0x02, 0x0a, 0x02, 0x0a, 0x02, 0x0a, 0x02, 0x0a, 0x02, 0x0a,
  0x02, 0x0a, 0x01, 0xfa, 0x01, 0xfa, 0x01, 0xfa, 0x01, 0xfa, 0x01, 0xfa,
  0x01, 0xfa, 0x01, 0xfa, 0x01, 0xfa, 0x01, 0xfa, 0x01, 0xea, 0x01, 0xea,
  0x01, 0xea, 0x01, 0xea, 0x01, 0xea, 0x01, 0xea, 0x01, 0xea, 0x01, 0xda,
  0x01, 0xea, 0x01, 0xca, 0x01, 0xba, 0x01, 0xba, 0x01, 0xba, 0x01, 0xba,
  0x01, 0xba, 0x01, 0xba, 0x01, 0xba, 0x01, 0xba, 0x01, 0xba, 0x01, 0xba,
  0x01, 0xaa, 0x01, 0xaa, 0x01, 0xaa, 0x01, 0xaa, 0x01, 0xaa, 0x01, 0xaa,
  0x01, 0xaa, 0x01, 0xaa, 0x01, 0xaa, 0x01, 0x94, 0x01, 0x84, 0x01, 0x84,
  0x01, 0x84, 0x01, 0x84, 0x01, 0x84, 0x01, 0x84, 0x01, 0x84, 0x01, 0x84,
  0x01, 0x84, 0x01, 0x84, 0x01, 0x7e, 0x01, 0x68, 0x01, 0x5e, 0x01, 0x5e,
  0x01, 0x5e, 0x01, 0x5e, 0x01, 0x5e, 0x01, 0x5e, 0x01, 0x5e, 0x01, 0x5e,
  0x01, 0x4e, 0x01, 0x4e, 0x01, 0x4e, 0x01, 0x4e, 0x01, 0x4e, 0x01, 0x4e,
  0x01, 0x4e, 0x01, 0x4e, 0x01, 0x4e, 0x01, 0x4e, 0x01, 0x44, 0x01, 0x44,
  0x01, 0x44, 0x01, 0x44, 0x01, 0x44, 0x01, 0x44, 0x01, 0x44, 0x01, 0x3a,
  0x01, 0x44, 0x01, 0x2a, 0x01, 0x1a, 0x01, 0x1a, 0x01, 0x1a, 0x01, 0x1a,
  0x01, 0x1a, 0x01, 0x1a, 0x01, 0x1a, 0x01, 0x1a, 0x01, 0x1a, 0x01, 0x1a,
  0x01, 0x0a, 0x01, 0x0a, 0x01, 0x0a, 0x01, 0x0a, 0x01, 0x0a, 0x01, 0x0a,
  0x01, 0x0a, 0x01, 0x0a, 0x01, 0x0a, 0x01, 0x0a, 0x01, 0x0a, 0x01, 0x00,
  0x00, 0xf6, 0x00, 0x03, 0x01, 0x43, 0x01, 0x96, 0x0d, 0x4c, 0x00, 0x00,
  0x00, 0x03, 0x01, 0x1e, 0x01, 0x96, 0x03, 0x7e, 0x00, 0x00, 0x00, 0x03,
  0x01, 0xfb, 0x00, 0x00, 0x00, 0x0a, 0x00, 0x00, 0x00, 0x00, 0x00, 0x49,
  0x80, 0x00, 0x00, 0x03, 0x01, 0xdf, 0x00, 0x00, 0x00, 0x0a, 0x00, 0x00,
  0x00, 0x00, 0x00, 0x4b, 0x80, 0x00, 0x00, 0x03, 0x03, 0x7e, 0x00, 0x32,
  0x00, 0x0a, 0x00, 0x00, 0x00, 0x00, 0x00, 0x34, 0x80, 0x00, 0x00, 0x03,
  0x02, 0x08, 0x00, 0x0a, 0x03, 0x54, 0x00, 0x00, 0x00, 0x03, 0x02, 0x09,
  0x00, 0x0a, 0x19, 0x84, 0x00, 0x00, 0x00, 0x03, 0x00, 0x8b, 0x00, 0x00,
  0x00, 0x0a, 0x00, 0x00, 0x00, 0x00, 0x00, 0x56, 0x80, 0x00, 0x00, 0x03,
  0x01, 0xc7, 0x00, 0x32, 0x03, 0x98, 0x00, 0x00, 0x00, 0x03, 0x01, 0xc7,
  0x00, 0x32, 0x00, 0x10, 0x00, 0x0a, 0x00, 0x02, 0x00, 0x00, 0x80, 0x00,
  0x00, 0x02, 0x00, 0x0a, 0x80, 0x00, 0x00, 0x01, 0x03, 0x17, 0x00, 0x32,
  0x00, 0x03, 0x01, 0xb9, 0x00, 0x00, 0x00, 0x0a, 0x00, 0x00, 0x00, 0x00,
  0x00, 0x50, 0x80, 0x00, 0x00, 0x03, 0x01, 0xb9, 0x00, 0x00, 0x00, 0x10,
  0x00, 0x0a, 0x00, 0x02, 0x00, 0x06, 0x80, 0x00, 0x00, 0x02, 0x00, 0x09,
  0x80, 0x00, 0x00, 0x03, 0x00, 0xd6, 0x00, 0x00, 0x00, 0x0a, 0x00, 0x00,
  0x00, 0x00, 0x00, 0x57, 0x80, 0x00, 0x00, 0x03, 0x02, 0x18, 0x00, 0x32,
  0x00, 0x0a, 0x00, 0x00, 0x00, 0x00, 0x00, 0x2b, 0x80, 0x00, 0x00, 0x03,
  0x02, 0xb7, 0x00, 0x0a, 0x00, 0x0a, 0x00, 0x00, 0x00, 0x00, 0x00, 0x30,
  0x80, 0x00, 0x00, 0x03, 0x02, 0xbc, 0x00, 0x0a, 0x00, 0x0a, 0x00, 0x00,
  0x00, 0x01, 0x00, 0x00, 0x80, 0x00, 0x00, 0x03, 0x02, 0xb7, 0x00, 0x0a,
  0x00, 0x0a, 0x00, 0x00, 0x00, 0x01, 0x00, 0x01, 0x80, 0x00, 0x00, 0x03,
  0x00, 0xa4, 0x00, 0x00, 0x00, 0x0a, 0x00, 0x00, 0x00, 0x00, 0x00, 0x53,
  0x80, 0x00, 0x00, 0x03, 0x01, 0xf7, 0x00, 0x00, 0x00, 0x0a, 0x00, 0x00,
  0x00, 0x00, 0x00, 0x3c, 0x80, 0x00, 0x00, 0x03, 0x02, 0x8c, 0x00, 0x00,
  0x00, 0x0a, 0x00, 0x00, 0x00, 0x00, 0x00, 0x54, 0x80, 0x00, 0x00, 0x02,
  0x00, 0x0c, 0x00, 0x01, 0x00, 0x0b, 0x00, 0x00, 0x00, 0x18, 0x00, 0x20,
  0x00, 0x0b, 0x00, 0x2a, 0x00, 0x32, 0x00, 0x14, 0x00, 0x44, 0x00, 0x4d,
  0x00, 0x1d, 0x00, 0x5f, 0x00, 0x68, 0x00, 0x27, 0x00, 0x79, 0x00, 0x8d,
  0x00, 0x31, 0x00, 0x99, 0x00, 0xa1, 0x00, 0x46, 0x00, 0xab, 0x00, 0xb4,
  0x00, 0x4f, 0x00, 0xc7, 0x00, 0xd0, 0x00, 0x59, 0x00, 0xe2, 0x00, 0xeb,
  0x00, 0x63, 0x00, 0xfc, 0x01, 0x06, 0x00, 0x6d, 0x01, 0x0c, 0x01, 0x0d,
  0x00, 0x78, 0x00, 0x01, 0x00, 0x00, 0x00, 0x06, 0x00, 0x03, 0x00, 0xc4,
  0x00, 0x00, 0x00, 0x0a, 0x00, 0x00, 0x00, 0x00, 0x00, 0x32, 0x80, 0x00,
  0x00, 0x01, 0x00, 0x01, 0x01, 0xb9, 0x00, 0x04, 0x00, 0x00, 0x00, 0x01,
  0x00, 0x08, 0x00, 0x01, 0x04, 0x80, 0x03, 0xce, 0x00, 0x01, 0x04, 0x56,
  0x00, 0x0c, 0x00, 0xbf, 0x03, 0xb2, 0x03, 0xb2, 0x03, 0xb2, 0x03, 0xb2,
  0x03, 0xb2, 0x03, 0xb2, 0x03, 0xb2, 0x03, 0xb2, 0x03, 0xb2, 0x03, 0xb2,
  0x03, 0xb2, 0x03, 0xa2, 0x03, 0xa2, 0x03, 0xa2, 0x03, 0xa2, 0x03, 0xa2,
  0x03, 0xa2, 0x03, 0x92, 0x03, 0x92, 0x03, 0x92, 0x03, 0x92, 0x03, 0x92,
  0x03, 0x92, 0x03, 0x92, 0x03, 0x92, 0x03, 0x92, 0x03, 0x88, 0x03, 0x88,
  0x03, 0x88, 0x03, 0x88, 0x03, 0x88, 0x03, 0x7e, 0x03, 0x7e, 0x03, 0x7e,
  0x03, 0x7e, 0x03, 0x7e, 0x03, 0x7e, 0x03, 0x7e, 0x03, 0x7e, 0x03, 0x6e,
  0x03, 0x6e, 0x03, 0x5e, 0x03, 0x5e, 0x03, 0x5e, 0x03, 0x5e, 0x03, 0x5e,
  0x03, 0x4e, 0x03, 0x4e, 0x03, 0x4e, 0x03, 0x4e, 0x03, 0x4e, 0x03, 0x4e,
  0x03, 0x44, 0x03, 0x44, 0x03, 0x44, 0x03, 0x44, 0x03, 0x44, 0x03, 0x44,
  0x03, 0x44, 0x03, 0x3e, 0x03, 0x44, 0x03, 0x34, 0x03, 0x2a, 0x03, 0x2a,
  0x03, 0x2a, 0x03, 0x2a, 0x03, 0x1a, 0x03, 0x1a, 0x03, 0x1a, 0x03, 0x1a,
  0x03, 0x1a, 0x03, 0x1a, 0x03, 0x0a, 0x03, 0x0a, 0x03, 0x0a, 0x02, 0xfa,
  0x02, 0xfa, 0x02, 0xfa, 0x02, 0xfa, 0x02, 0xfa, 0x02, 0xfa, 0x02, 0xfa,
  0x02, 0xfa, 0x02, 0xfa, 0x02, 0xfa, 0x02, 0xea, 0x02, 0xea, 0x02, 0xea,
  0x02, 0xea, 0x02, 0xea, 0x02, 0xea, 0x02, 0xea, 0x02, 0xea, 0x02, 0xda,
  0x02, 0xca, 0x02, 0xca, 0x02, 0xca, 0x02, 0xca, 0x02, 0xca, 0x02, 0xca,
  0x02, 0xca, 0x02, 0xca, 0x02, 0xca, 0x02, 0xca, 0x02, 0xba, 0x02, 0xb0,
  0x02, 0xb0, 0x02, 0xb0, 0x02, 0xb0, 0x02, 0xb0, 0x02, 0xb0, 0x02, 0xa0,
  0x02, 0x90, 0x02, 0x90, 0x02, 0x90, 0x02, 0x90, 0x02, 0x90, 0x02, 0x90,
  0x02, 0x90, 0x02, 0x90, 0x02, 0x80, 0x02, 0x80, 0x02, 0x80, 0x02, 0x80,
  0x02, 0x80, 0x02, 0x76, 0x02, 0x76, 0x02, 0x76, 0x02, 0x66, 0x02, 0x66,
  0x02, 0x66, 0x02, 0x66, 0x02, 0x66, 0x02, 0x66, 0x02, 0x66, 0x02, 0x66,
  0x02, 0x66, 0x02, 0x56, 0x02, 0x56, 0x02, 0x46, 0x02, 0x46, 0x02, 0x46,
  0x02, 0x46, 0x02, 0x3c, 0x02, 0x2c, 0x02, 0x2c, 0x02, 0x2c, 0x02, 0x2c,
  0x02, 0x2c, 0x02, 0x2c, 0x02, 0x22, 0x02, 0x22, 0x02, 0x22, 0x02, 0x22,
  0x02, 0x22, 0x02, 0x22, 0x02, 0x22, 0x02, 0x18, 0x02, 0x22, 0x02, 0x0e,
  0x02, 0x04, 0x02, 0x04, 0x02, 0x04, 0x02, 0x04, 0x01, 0xee, 0x01, 0xde,
  0x01, 0xde, 0x01, 0xde, 0x01, 0xde, 0x01, 0xde, 0x01, 0xce, 0x01, 0xce,
  0x01, 0xce, 0x01, 0xbe, 0x01, 0xbe, 0x01, 0xbe, 0x01, 0xbe, 0x01, 0xbe,
  0x01, 0xbe, 0x01, 0xbe, 0x01, 0xbe, 0x01, 0xbe, 0x01, 0xbe, 0x01, 0xae,
  0x01, 0xae, 0x01, 0xae, 0x01, 0xae, 0x01, 0x9e, 0x01, 0x94, 0x01, 0x8a,
  0x01, 0x80, 0x00, 0x03, 0x01, 0x23, 0x00, 0x6e, 0x02, 0x1c, 0x09, 0x5c,
  0x00, 0x03, 0x00, 0xb6, 0x01, 0x90, 0x02, 0x22, 0x00, 0x00, 0x00, 0x03,
  0x00, 0x9e, 0x01, 0x90, 0x0a, 0x08, 0x00, 0x00, 0x00, 0x03, 0x00, 0xec,
  0x00, 0x00, 0x00, 0x0a, 0x00, 0x00, 0x00, 0x00, 0x00, 0x00, 0x80, 0x00,
  0x00, 0x03, 0x00, 0xca, 0x00, 0x00, 0x00, 0x0a, 0x00, 0x00, 0x00, 0x00,
  0x00, 0x03, 0x80, 0x00, 0x00, 0x03, 0x01, 0x15, 0x00, 0x00, 0x00, 0x0a,
  0x00, 0x00, 0x00, 0x00, 0x00, 0x2a, 0x80, 0x00, 0x00, 0x03, 0x00, 0xd1,
  0x00, 0x00, 0x00, 0x0a, 0x00, 0x00, 0x00, 0x00, 0x00, 0x29, 0x80, 0x00,
  0x00, 0x03, 0x00, 0xf5, 0x00, 0x00, 0x08, 0xfe, 0x00, 0x0a, 0x00, 0x00,
  0x00, 0x1e, 0x80, 0x00, 0x00, 0x03, 0x00, 0xf5, 0x00, 0x00, 0x00, 0x10,
  0x00, 0x0a, 0x00, 0x02, 0x00, 0x04, 0x80, 0x00, 0x00, 0x02, 0x00, 0x02,
  0x80, 0x00, 0x00, 0x03, 0x00, 0x7f, 0x00, 0x00, 0x01, 0x10, 0x00, 0x00,
  0x00, 0x03, 0x02, 0xda, 0x00, 0x00, 0x1a, 0x80, 0x00, 0x00, 0x00, 0x03,
  0x01, 0x21, 0x00, 0x00, 0x00, 0x82, 0x00, 0x00, 0x00, 0x03, 0x01, 0x22,
  0x00, 0x00, 0x11, 0xc0, 0x00, 0x00, 0x00, 0x03, 0x01, 0x15, 0x00, 0x00,
  0x00, 0x0a, 0x00, 0x00, 0x00, 0x00, 0x00, 0x23, 0x80, 0x00, 0x00, 0x03,
  0x00, 0x8b, 0x00, 0x00, 0x00, 0x98, 0x00, 0x00, 0x00, 0x03, 0x00, 0x69,
  0x00, 0x00, 0x00, 0x0a, 0x00, 0x00, 0x00, 0x00, 0x00, 0x33, 0x80, 0x00,
  0x00, 0x03, 0x00, 0xf1, 0x00, 0x00, 0x00, 0x0a, 0x00, 0x00, 0x00, 0x00,
  0x00, 0x3f, 0x80, 0x00, 0x00, 0x03, 0x00, 0x6e, 0x00, 0x00, 0x00, 0x0a,
  0x00, 0x00, 0x00, 0x00, 0x00, 0x36, 0x80, 0x00, 0x00, 0x03, 0x01, 0x15,
  0x00, 0x00, 0x01, 0xe8, 0x00, 0x00, 0x00, 0x03, 0x01, 0x1c, 0xff, 0x38,
  0x00, 0x0a, 0x00, 0x00, 0x00, 0x00, 0x00, 0x2d, 0x80, 0x00, 0x00, 0x03,
  0x01, 0x23, 0x00, 0x00, 0x00, 0x0a, 0x00, 0x00, 0x00, 0x00, 0x00, 0x16,
  0x80, 0x00, 0x00, 0x03, 0x01, 0x23, 0x00, 0x00, 0x00, 0x0a, 0x00, 0x00,
  0x00, 0x02, 0x00, 0x01, 0x80, 0x00, 0x00, 0x03, 0x01, 0x23, 0x00, 0x00,
  0x00, 0xec, 0x08, 0x2c, 0x00, 0x03, 0x02, 0x73, 0x00, 0x00, 0x00, 0x0a,
  0x00, 0x00, 0x00, 0x00, 0x00, 0x08, 0x80, 0x00, 0x00, 0x03, 0x00, 0xf6,
  0x00, 0x00, 0x00, 0x0a, 0x00, 0x00, 0x00, 0x00, 0x00, 0x22, 0x80, 0x00,
  0x00, 0x03, 0x00, 0xf6, 0x00, 0x00, 0x00, 0x0a, 0x00, 0x00, 0x00, 0x02,
  0x00, 0x08, 0x80, 0x00, 0x00, 0x03, 0x00, 0xb6, 0x00, 0x00, 0x00, 0x0a,
  0x00, 0x00, 0x00, 0x00, 0x00, 0x44, 0x80, 0x00, 0x00, 0x03, 0x01, 0x63,
  0x00, 0x00, 0x00, 0x0a, 0x00, 0x00, 0x00, 0x00, 0x00, 0x17, 0x80, 0x00,
  0x00, 0x03, 0x01, 0x0e, 0x00, 0x00, 0x00, 0x0a, 0x00, 0x00, 0x00, 0x00,
  0x00, 0x38, 0x80, 0x00, 0x00, 0x03, 0x01, 0x3f, 0x00, 0x00, 0x00, 0x0a,
  0x00, 0x00, 0x00, 0x00, 0x00, 0x12, 0x80, 0x00, 0x00, 0x03, 0x01, 0x35,
  0x00, 0x00, 0x0a, 0x94, 0x00, 0x00, 0x00, 0x03, 0x01, 0x82, 0x00, 0x00,
  0x01, 0x2a, 0x00, 0x00, 0x00, 0x01, 0x01, 0x8a, 0x00, 0x00, 0x00, 0x03,
  0x01, 0x85, 0x00, 0x00, 0x15, 0x48, 0x00, 0x00, 0x00, 0x03, 0x01, 0x83,
  0x00, 0x00, 0x00, 0x0a, 0x00, 0x00, 0x00, 0x00, 0x00, 0x1f, 0x80, 0x00,
  0x00, 0x03, 0x01, 0x1c, 0x00, 0x00, 0x00, 0x0a, 0x00, 0x00, 0x00, 0x00,
  0x00, 0x20, 0x80, 0x00, 0x00, 0x03, 0x01, 0x26, 0x00, 0x00, 0x00, 0x0a,
  0x00, 0x00, 0x00, 0x00, 0x00, 0x4c, 0x80, 0x00, 0x00, 0x03, 0x00, 0x84,
  0x00, 0x00, 0x0a, 0x40, 0x00, 0x00, 0x00, 0x03, 0x01, 0x9d, 0x00, 0x00,
  0x13, 0xd2, 0x00, 0x00, 0x00, 0x03, 0x01, 0x15, 0x00, 0x00, 0x00, 0x0a,
  0x00, 0x00, 0x00, 0x00, 0x00, 0x26, 0x80, 0x00, 0x00, 0x03, 0x01, 0x85,
  0x00, 0x00, 0x00, 0x0a, 0x00, 0x00, 0x00, 0x00, 0x00, 0x18, 0x80, 0x00,
  0x00, 0x03, 0x01, 0x4b, 0x00, 0x00, 0x00, 0x0a, 0x00, 0x00, 0x00, 0x00,
  0x00, 0x3d, 0x80, 0x00, 0x00, 0x02, 0x00, 0x16, 0x00, 0x01, 0x00, 0x0b,
  0x00, 0x00, 0x00, 0x0e, 0x00, 0x13, 0x00, 0x0b, 0x00, 0x18, 0x00, 0x20,
  0x00, 0x11, 0x00, 0x22, 0x00, 0x26, 0x00, 0x1a, 0x00, 0x2a, 0x00, 0x2d,
  0x00, 0x1f, 0x00, 0x2f, 0x00, 0x32, 0x00, 0x23, 0x00, 0x36, 0x00, 0x3c,
  0x00, 0x27, 0x00, 0x3e, 0x00, 0x4d, 0x00, 0x2e, 0x00, 0x51, 0x00, 0x5a,
  0x00, 0x3e, 0x00, 0x5c, 0x00, 0x68, 0x00, 0x48, 0x00, 0x79, 0x00, 0x7c,
  0x00, 0x55, 0x00, 0x7e, 0x00, 0x8d, 0x00, 0x59, 0x00, 0x8f, 0x00, 0x94,
  0x00, 0x69, 0x00, 0x99, 0x00, 0xa1, 0x00, 0x6f, 0x00, 0xa3, 0x00, 0xae,
  0x00, 0x78, 0x00, 0xb0, 0x00, 0xb4, 0x00, 0x84, 0x00, 0xb9, 0x00, 0xbf,
  0x00, 0x89, 0x00, 0xc1, 0x00, 0xd0, 0x00, 0x90, 0x00, 0xd4, 0x00, 0xdd,
  0x00, 0xa0, 0x00, 0xdf, 0x00, 0xeb, 0x00, 0xaa, 0x01, 0x07, 0x01, 0x0d,
  0x00, 0xb7, 0x01, 0x8a, 0x01, 0x8a, 0x00, 0xbe, 0x00, 0x02, 0x00, 0x00,
  0x00, 0x1a, 0x00, 0x00, 0x00, 0x0a, 0x00, 0x03, 0x01, 0x29, 0x00, 0x00,
  0x00, 0x0a, 0x00, 0x00, 0x00, 0x00, 0x00, 0x28, 0x80, 0x00, 0x00, 0x03,
  0x00, 0x56, 0x00, 0x00, 0x00, 0x0a, 0x00, 0x00, 0x00, 0x00, 0x00, 0x47,
  0x80, 0x00, 0x00, 0x01, 0x00, 0x02, 0x01, 0xb7, 0x01, 0xb8, 0x00, 0x02,
  0x00, 0x08, 0x00, 0x01, 0x00, 0x08, 0x00, 0x01, 0x00, 0x0e, 0x00, 0x44,
  0x00, 0x00, 0x00, 0x02, 0x00, 0x2a, 0x00, 0x16, 0x00, 0x01, 0x00, 0x02,
  0x01, 0x35, 0x01, 0x38, 0x00, 0x03, 0x01, 0x27, 0xff, 0xf6, 0x13, 0xf2,
  0x01, 0x28, 0xff, 0xbf, 0x13, 0xf2, 0x01, 0x29, 0xff, 0xf6, 0x13, 0xf2,
  0x00, 0x01, 0x01, 0x38, 0xff, 0xd8, 0x16, 0x46, 0x00, 0x02, 0x00, 0x08,
  0x00, 0x03, 0x19, 0x74, 0x02, 0xa4, 0x00, 0x0c, 0x00, 0x02, 0x01, 0x00,
  0x00, 0x44, 0x00, 0x00, 0x02, 0x1c, 0x01, 0x88, 0x00, 0x0a, 0x00, 0x06,
  0x00, 0x00, 0x00, 0x00, 0x00, 0x00, 0x00, 0x00, 0x00, 0x00, 0x00, 0x00,
  0xff, 0xfb, 0x01, 0x82, 0x00, 0x00, 0x00, 0x00, 0x00, 0x00, 0x00, 0x00,
  0x00, 0x00, 0x00, 0x00, 0x00, 0x00, 0x00, 0x00, 0x00, 0x00, 0x00, 0x00,
  0xff, 0xf6, 0x12, 0x98, 0x00, 0x00, 0x00, 0x00, 0x00, 0x00, 0x19, 0x5c,
  0x00, 0x00, 0x00, 0x00, 0x00, 0x00, 0x00, 0x00, 0xff, 0xfb, 0x01, 0x7c,
  0x00, 0x00, 0x00, 0x00, 0x00, 0x00, 0x00, 0x00, 0x00, 0x00, 0x00, 0x00,
  0x00, 0x00, 0x00, 0x00, 0xff, 0xd8, 0x01, 0x76, 0x00, 0x00, 0x00, 0x00,
  0x00, 0x00, 0x00, 0x00, 0x00, 0x00, 0x00, 0x00, 0x00, 0x00, 0x00, 0x00,
  0x00, 0x00, 0x00, 0x00, 0xff, 0xf6, 0x19, 0x62, 0x00, 0x00, 0x00, 0x00,
  0x00, 0x00, 0x00, 0x00, 0x00, 0x00, 0x00, 0x00, 0x00, 0x00, 0x00, 0x00,
  0x00, 0x00, 0x00, 0x00, 0x00, 0x00, 0x00, 0x00, 0x00, 0x00, 0x00, 0x00,
  0x00, 0x00, 0x12, 0x42, 0x00, 0x00, 0x00, 0x00, 0x00, 0x00, 0x00, 0x00,
  0x00, 0x00, 0x00, 0x00, 0x00, 0x00, 0x00, 0x00, 0x00, 0x00, 0x00, 0x00,
  0x00, 0x00, 0x00, 0x00, 0x00, 0x46, 0x08, 0xe6, 0x00, 0x00, 0x00, 0x00,
  0x00, 0x00, 0x00, 0x00, 0x00, 0x00, 0x01, 0x82, 0x00, 0x00, 0x00, 0x00,
  0x00, 0x00, 0x00, 0x00, 0x00, 0x00, 0x00, 0x00, 0x00, 0x00, 0x00, 0x00,
  0x00, 0x00, 0x00, 0x00, 0xff, 0xfb, 0x13, 0x6e, 0x00, 0x00, 0x00, 0x00,
  0x00, 0x00, 0x00, 0x00, 0x00, 0x00, 0x00, 0x00, 0x00, 0x00, 0x00, 0x00,
  0x00, 0x00, 0x00, 0x00, 0x00, 0x00, 0x19, 0x5c, 0x00, 0x00, 0x00, 0x00,
  0x00, 0x00, 0x00, 0x00, 0x00, 0x00, 0x00, 0x00, 0x00, 0x00, 0x00, 0x00,
  0x00, 0x02, 0x00, 0x13, 0x00, 0x01, 0x00, 0x08, 0x00, 0x00, 0x00, 0x0a,
  0x00, 0x0b, 0x00, 0x08, 0x00, 0x14, 0x00, 0x17, 0x00, 0x0a, 0x00, 0x44,
  0x00, 0x4c, 0x00, 0x0e, 0x00, 0x5c, 0x00, 0x6e, 0x00, 0x17, 0x00, 0x70,
  0x00, 0x74, 0x00, 0x2a, 0x00, 0x82, 0x00, 0x94, 0x00, 0x2f, 0x00, 0x96,
  0x00, 0x96, 0x00, 0x42, 0x00, 0x99, 0x00, 0x9a, 0x00, 0x43, 0x00, 0x9c,
  0x00, 0xa0, 0x00, 0x45, 0x00, 0xa8, 0x00, 0xa8, 0x00, 0x4a, 0x00, 0xb9,
  0x00, 0xba, 0x00, 0x4b, 0x00, 0xbd, 0x00, 0xbd, 0x00, 0x4d, 0x00, 0xc0,
  0x00, 0xc5, 0x00, 0x4e, 0x00, 0xc7, 0x00, 0xd2, 0x00, 0x54, 0x00, 0xdf,
  0x00, 0xe1, 0x00, 0x60, 0x00, 0xec, 0x00, 0xf7, 0x00, 0x63, 0x00, 0xfd,
  0x01, 0x06, 0x00, 0x6f, 0x01, 0x09, 0x01, 0x09, 0x00, 0x79, 0x00, 0x00,
  0x00, 0x3b, 0x80, 0x00, 0x00, 0x00, 0x00, 0x0b, 0x80, 0x00, 0x00, 0x00,
  0x00, 0x11, 0x80, 0x00, 0x00, 0x02, 0x00, 0x18, 0x00, 0x5c, 0x00, 0x5e,
  0x00, 0x02, 0x00, 0x69, 0x00, 0x6e, 0x00, 0x02, 0x00, 0x70, 0x00, 0x74,
  0x00, 0x02, 0x00, 0x82, 0x00, 0x86, 0x00, 0x01, 0x00, 0x88, 0x00, 0x8d,
  0x00, 0x01, 0x00, 0x8f, 0x00, 0x9a, 0x00, 0x01, 0x00, 0x9c, 0x00, 0xa1,
  0x00, 0x01, 0x00, 0xa3, 0x00, 0xa4, 0x00, 0x01, 0x00, 0xa6, 0x00, 0xa7,
  0x00, 0x01, 0x00, 0xc7, 0x00, 0xd0, 0x00, 0x01, 0x00, 0xd3, 0x00, 0xd3,
  0x00, 0x01, 0x00, 0xec, 0x00, 0xf1, 0x00, 0x03, 0x00, 0xf2, 0x00, 0xf2,
  0x00, 0x05, 0x00, 0xf3, 0x00, 0xf7, 0x00, 0x03, 0x00, 0xfc, 0x01, 0x00,
  0x00, 0x01, 0x01, 0x02, 0x01, 0x06, 0x00, 0x01, 0x01, 0x5c, 0x01, 0x5c,
  0x00, 0x04, 0x01, 0x5e, 0x01, 0x5e, 0x00, 0x04, 0x01, 0x62, 0x01, 0x62,
  0x00, 0x04, 0x01, 0x6d, 0x01, 0x6d, 0x00, 0x04, 0x01, 0x6f, 0x01, 0x6f,
  0x00, 0x04, 0x01, 0x71, 0x01, 0x71, 0x00, 0x04, 0x01, 0x74, 0x01, 0x75,
  0x00, 0x04, 0x01, 0x7c, 0x01, 0x7d, 0x00, 0x04, 0x00, 0x02, 0x00, 0x14,
  0x00, 0x01, 0x00, 0x08, 0x00, 0x05, 0x00, 0x0a, 0x00, 0x0b, 0x00, 0x05,
  0x00, 0x14, 0x00, 0x17, 0x00, 0x02, 0x00, 0x44, 0x00, 0x4c, 0x00, 0x02,
  0x00, 0x5c, 0x00, 0x5e, 0x00, 0x03, 0x00, 0x5f, 0x00, 0x68, 0x00, 0x02,
  0x00, 0x69, 0x00, 0x6e, 0x00, 0x03, 0x00, 0x70, 0x00, 0x74, 0x00, 0x03,
  0x00, 0x8d, 0x00, 0x94, 0x00, 0x01, 0x00, 0x96, 0x00, 0x96, 0x00, 0x06,
  0x00, 0x99, 0x00, 0x9a, 0x00, 0x01, 0x00, 0x9c, 0x00, 0xa0, 0x00, 0x01,
  0x00, 0xb9, 0x00, 0xba, 0x00, 0x08, 0x00, 0xbd, 0x00, 0xbd, 0x00, 0x06,
  0x00, 0xc7, 0x00, 0xd2, 0x00, 0x01, 0x00, 0xdf, 0x00, 0xe1, 0x00, 0x07,
  0x00, 0xec, 0x00, 0xf1, 0x00, 0x04, 0x00, 0xf2, 0x00, 0xf2, 0x00, 0x09,
  0x00, 0xf3, 0x00, 0xf7, 0x00, 0x04, 0x01, 0x09, 0x01, 0x09, 0x00, 0x06,
  0x00, 0x01, 0x00, 0x94, 0x00, 0x44, 0x00, 0x00, 0x00, 0x45, 0x15, 0x48,
  0x15, 0x3a, 0x13, 0xa6, 0x13, 0x8c, 0x15, 0x3a, 0x11, 0x38, 0x10, 0xdc,
  0x10, 0xce, 0x10, 0x06, 0x0f, 0xb0, 0x0d, 0x5c, 0x0c, 0x8e, 0x0a, 0x3a,
  0x08, 0xb2, 0x06, 0x6a, 0x15, 0x3a, 0x06, 0x5c, 0x06, 0x54, 0x06, 0x54,
  0x06, 0x54, 0x06, 0x54, 0x06, 0x54, 0x06, 0x54, 0x06, 0x54, 0x06, 0x54,
  0x05, 0xa4, 0x06, 0x54, 0x06, 0x54, 0x06, 0x54, 0x06, 0x54, 0x06, 0x54,
  0x06, 0x54, 0x06, 0x54, 0x04, 0x5e, 0x04, 0x50, 0x04, 0x48, 0x04, 0x48,
  0x05, 0xa4, 0x04, 0x48, 0x06, 0x54, 0x06, 0x54, 0x06, 0x54, 0x06, 0x54,
  0x06, 0x54, 0x06, 0x54, 0x06, 0x54, 0x06, 0x54, 0x06, 0x54, 0x06, 0x54,
  0x06, 0x54, 0x06, 0x54, 0x04, 0x3a, 0x03, 0x90, 0x15, 0x3a, 0x03, 0x88,
  0x03, 0x88, 0x03, 0x88, 0x03, 0x88, 0x03, 0x88, 0x03, 0x88, 0x03, 0x88,
  0x03, 0x88, 0x03, 0x88, 0x03, 0x88, 0x03, 0x88, 0x03, 0x7a, 0x01, 0x74,
  0x01, 0x2a, 0x01, 0x22, 0x00, 0x01, 0x00, 0x45, 0x00, 0x01, 0x00, 0x20,
  0x00, 0x21, 0x00, 0x22, 0x00, 0x32, 0x00, 0x36, 0x00, 0x38, 0x00, 0x44,
  0x00, 0x4e, 0x00, 0x51, 0x00, 0x5c, 0x00, 0x69, 0x00, 0x6a, 0x00, 0x6f,
  0x00, 0x70, 0x00, 0x81, 0x00, 0x8a, 0x00, 0x8d, 0x00, 0x8e, 0x00, 0x8f,
  0x00, 0x90, 0x00, 0x91, 0x00, 0x92, 0x00, 0x93, 0x00, 0x94, 0x00, 0x96,
  0x00, 0x99, 0x00, 0x9a, 0x00, 0x9c, 0x00, 0x9d, 0x00, 0x9e, 0x00, 0x9f,
  0x00, 0xa0, 0x00, 0xa2, 0x00, 0xb3, 0x00, 0xb9, 0x00, 0xba, 0x00, 0xbd,
  0x00, 0xc1, 0x00, 0xc7, 0x00, 0xc8, 0x00, 0xc9, 0x00, 0xca, 0x00, 0xcb,
  0x00, 0xcc, 0x00, 0xcd, 0x00, 0xce, 0x00, 0xcf, 0x00, 0xd0, 0x00, 0xd1,
  0x00, 0xd2, 0x00, 0xd8, 0x00, 0xe0, 0x00, 0xea, 0x00, 0xec, 0x00, 0xed,
  0x00, 0xee, 0x00, 0xef, 0x00, 0xf0, 0x00, 0xf1, 0x00, 0xf3, 0x00, 0xf4,
  0x00, 0xf5, 0x00, 0xf6, 0x00, 0xf7, 0x00, 0xf8, 0x01, 0x6c, 0x01, 0x73,
  0x01, 0x77, 0x00, 0x01, 0x00, 0xd8, 0xff, 0xc4, 0x12, 0x7e, 0x00, 0x0c,
  0x00, 0x01, 0x00, 0x28, 0x12, 0x76, 0x00, 0x02, 0x00, 0x28, 0x12, 0x76,
  0x00, 0x03, 0x00, 0x28, 0x12, 0x76, 0x00, 0x04, 0x00, 0x28, 0x12, 0x76,
  0x00, 0x05, 0x00, 0x28, 0x12, 0x76, 0x00, 0x06, 0x00, 0x28, 0x12, 0x76,
  0x00, 0x07, 0x00, 0x28, 0x12, 0x76, 0x00, 0x08, 0x00, 0x28, 0x12, 0x76,
  0x00, 0x09, 0x00, 0x28, 0x12, 0x76, 0x00, 0x0a, 0x00, 0x28, 0x12, 0x76,
  0x00, 0x0b, 0x00, 0x28, 0x12, 0x76, 0x00, 0x0c, 0x00, 0x28, 0x12, 0x76,
  0x00, 0x56, 0x00, 0x82, 0x00, 0x00, 0x0e, 0x8c, 0x00, 0x83, 0x00, 0x00,
  0x0e, 0x8c, 0x00, 0x84, 0x00, 0x00, 0x0e, 0x8c, 0x00, 0x85, 0x00, 0x00,
  0x0e, 0x8c, 0x00, 0x86, 0x00, 0x00, 0x0e, 0x8c, 0x00, 0x88, 0x00, 0x00,
  0x0e, 0x8c, 0x00, 0x89, 0x00, 0x00, 0x0e, 0x8c, 0x00, 0x8a, 0x00, 0x00,
  0x0e, 0x8c, 0x00, 0x8b, 0x00, 0x00, 0x0e, 0x8c, 0x00, 0x8c, 0x00, 0x00,
  0x0e, 0x8c, 0x00, 0x8d, 0x00, 0x00, 0x0e, 0x8c, 0x00, 0x8f, 0x00, 0x00,
  0x0e, 0x8c, 0x00, 0x90, 0x00, 0x00, 0x0e, 0x8c, 0x00, 0x91, 0x00, 0x00,
  0x0e, 0x8c, 0x00, 0x92, 0x00, 0x00, 0x0e, 0x8c, 0x00, 0x93, 0x00, 0x00,
  0x0e, 0x8c, 0x00, 0x94, 0x00, 0x00, 0x0e, 0x8c, 0x00, 0x95, 0x00, 0x00,
  0x0e, 0x8c, 0x00, 0x96, 0x00, 0x00, 0x0e, 0x8c, 0x00, 0x97, 0x00, 0x00,
  0x0e, 0x8c, 0x00, 0x98, 0x00, 0x00, 0x0e, 0x8c, 0x00, 0x99, 0x00, 0x00,
  0x0e, 0x8c, 0x00, 0x9a, 0x00, 0x00, 0x0e, 0x8c, 0x00, 0x9c, 0x00, 0x00,
  0x0e, 0x8c, 0x00, 0x9d, 0x00, 0x00, 0x0e, 0x8c, 0x00, 0x9e, 0x00, 0x00,
  0x0e, 0x8c, 0x00, 0x9f, 0x00, 0x00, 0x0e, 0x8c, 0x00, 0xa0, 0x00, 0x00,
  0x0e, 0x8c, 0x00, 0xa1, 0x00, 0x00, 0x0e, 0x8c, 0x00, 0xa3, 0x00, 0x00,
  0x0e, 0x8c, 0x00, 0xa4, 0x00, 0x00, 0x0e, 0x8c, 0x00, 0xa6, 0x00, 0x00,
  0x0e, 0x8c, 0x00, 0xa7, 0x00, 0x00, 0x0e, 0x8c, 0x00, 0xc0, 0x00, 0x00,
  0x15, 0x56, 0x00, 0xc1, 0x00, 0x00, 0x15, 0x56, 0x00, 0xc2, 0x00, 0x00,
  0x15, 0x56, 0x00, 0xc3, 0x00, 0x00, 0x15, 0x56, 0x00, 0xc4, 0x00, 0x00,
  0x15, 0x56, 0x00, 0xc5, 0x00, 0x00, 0x15, 0x56, 0x00, 0xc6, 0x00, 0x00,
  0x15, 0x56, 0x00, 0xc7, 0x00, 0x00, 0x0e, 0x8c, 0x00, 0xc8, 0x00, 0x00,
  0x0e, 0x8c, 0x00, 0xc9, 0x00, 0x00, 0x0e, 0x8c, 0x00, 0xca, 0x00, 0x00,
  0x0e, 0x8c, 0x00, 0xcb, 0x00, 0x00, 0x0e, 0x8c, 0x00, 0xcc, 0x00, 0x00,
  0x0e, 0x8c, 0x00, 0xcd, 0x00, 0x00, 0x0e, 0x8c, 0x00, 0xce, 0x00, 0x00,
  0x0e, 0x8c, 0x00, 0xcf, 0x00, 0x00, 0x0e, 0x8c, 0x00, 0xd0, 0x00, 0x00,
  0x0e, 0x8c, 0x00, 0xd1, 0x00, 0x00, 0x15, 0x56, 0x00, 0xd3, 0x00, 0x00,
  0x0e, 0x8c, 0x00, 0xd4, 0x00, 0x00, 0x15, 0x56, 0x00, 0xd5, 0x00, 0x00,
  0x15, 0x56, 0x00, 0xd6, 0x00, 0x00, 0x15, 0x56, 0x00, 0xd7, 0x00, 0x00,
  0x15, 0x56, 0x00, 0xd8, 0x00, 0x00, 0x15, 0x56, 0x00, 0xd9, 0x00, 0x00,
  0x15, 0x56, 0x00, 0xda, 0x00, 0x00, 0x15, 0x56, 0x00, 0xdb, 0x00, 0x00,
  0x15, 0x56, 0x00, 0xdc, 0x00, 0x00, 0x15, 0x56, 0x00, 0xdd, 0x00, 0x00,
  0x15, 0x56, 0x00, 0xe2, 0x00, 0x00, 0x15, 0x56, 0x00, 0xe3, 0x00, 0x00,
  0x15, 0x56, 0x00, 0xe4, 0x00, 0x00, 0x15, 0x56, 0x00, 0xe5, 0x00, 0x00,
  0x15, 0x56, 0x00, 0xe6, 0x00, 0x00, 0x15, 0x56, 0x00, 0xe7, 0x00, 0x00,
  0x15, 0x56, 0x00, 0xe8, 0x00, 0x00, 0x15, 0x56, 0x00, 0xe9, 0x00, 0x00,
  0x15, 0x56, 0x00, 0xea, 0x00, 0x00, 0x15, 0x56, 0x00, 0xeb, 0x00, 0x00,
  0x15, 0x56, 0x00, 0xf8, 0x00, 0x00, 0x15, 0x56, 0x00, 0xf9, 0x00, 0x00,
  0x15, 0x56, 0x00, 0xfa, 0x00, 0x00, 0x15, 0x56, 0x00, 0xfb, 0x00, 0x00,
  0x15, 0x56, 0x00, 0xfc, 0x00, 0x00, 0x0e, 0x8c, 0x00, 0xfd, 0x00, 0x00,
  0x0e, 0x8c, 0x00, 0xfe, 0x00, 0x00, 0x0e, 0x8c, 0x00, 0xff, 0x00, 0x00,
  0x0e, 0x8c, 0x01, 0x00, 0x00, 0x00, 0x0e, 0x8c, 0x01, 0x02, 0x00, 0x00,
  0x0e, 0x8c, 0x01, 0x03, 0x00, 0x00, 0x0e, 0x8c, 0x01, 0x04, 0x00, 0x00,
  0x0e, 0x8c, 0x01, 0x05, 0x00, 0x00, 0x0e, 0x8c, 0x01, 0x06, 0x00, 0x00,
  0x0e, 0x8c, 0x00, 0x01, 0x00, 0xc7, 0x00, 0x00, 0x00, 0x08, 0x00, 0x00,
  0x00, 0x1d, 0x80, 0x00, 0x00, 0x01, 0x01, 0x77, 0x00, 0x1e, 0x0c, 0x78,
  0x00, 0x1c, 0x00, 0x87, 0x00, 0x64, 0x13, 0x34, 0x00, 0x9b, 0x00, 0x64,
  0x13, 0x34, 0x00, 0xa2, 0x00, 0x64, 0x13, 0x34, 0x00, 0xa8, 0x00, 0x64,
  0x13, 0x34, 0x00, 0xa9, 0x00, 0x64, 0x13, 0x34, 0x00, 0xab, 0x00, 0x64,
  0x13, 0x34, 0x00, 0xad, 0x00, 0x64, 0x13, 0x34, 0x00, 0xae, 0x00, 0x64,
  0x13, 0x34, 0x00, 0xaf, 0x00, 0x64, 0x13, 0x34, 0x00, 0xb0, 0x00, 0x64,
  0x13, 0x34, 0x00, 0xb1, 0x00, 0x64, 0x13, 0x34, 0x00, 0xb2, 0x00, 0x64,
  0x13, 0x34, 0x00, 0xb9, 0x00, 0x64, 0x13, 0x34, 0x00, 0xba, 0x00, 0x64,
  0x13, 0x34, 0x00, 0xbb, 0x00, 0x64, 0x13, 0x34, 0x00, 0xbc, 0x00, 0x64,
  0x13, 0x34, 0x00, 0xbd, 0x00, 0x64, 0x13, 0x34, 0x00, 0xbe, 0x00, 0x64,
  0x13, 0x34, 0x00, 0xbf, 0x00, 0x64, 0x13, 0x34, 0x00, 0xdf, 0x00, 0x64,
  0x13, 0x34, 0x00, 0xe0, 0x00, 0x64, 0x13, 0x34, 0x00, 0xe1, 0x00, 0x64,
  0x13, 0x34, 0x01, 0x01, 0x00, 0x64, 0x13, 0x34, 0x01, 0x07, 0x00, 0x64,
  0x13, 0x34, 0x01, 0x08, 0x00, 0x64, 0x13, 0x34, 0x01, 0x09, 0x00, 0x64,
  0x13, 0x34, 0x01, 0x0a, 0x00, 0x64, 0x13, 0x34, 0x01, 0x0b, 0x00, 0x64,
  0x13, 0x34, 0x00, 0x01, 0x00, 0xd8, 0x00, 0x00, 0x00, 0x08, 0x00, 0x00,
  0x00, 0x1c, 0x80, 0x00, 0x00, 0x01, 0x01, 0x6d, 0x00, 0x00, 0x12, 0x82,
  0x00, 0x01, 0x00, 0xb5, 0x00, 0x14, 0x00, 0x08, 0x00, 0x00, 0x00, 0x39,
  0x80, 0x00, 0x00, 0x36, 0x00, 0x82, 0x00, 0x00, 0x0b, 0xa2, 0x00, 0x83,
  0x00, 0x00, 0x0b, 0xa2, 0x00, 0x84, 0x00, 0x00, 0x0b, 0xa2, 0x00, 0x85,
  0x00, 0x00, 0x0b, 0xa2, 0x00, 0x86, 0x00, 0x00, 0x0b, 0xa2, 0x00, 0x88,
  0x00, 0x00, 0x0b, 0xa2, 0x00, 0x89, 0x00, 0x00, 0x0b, 0xa2, 0x00, 0x8a,
  0x00, 0x00, 0x0b, 0xa2, 0x00, 0x8b, 0x00, 0x00, 0x0b, 0xa2, 0x00, 0x8c,
  0x00, 0x00, 0x0b, 0xa2, 0x00, 0x8d, 0x00, 0x00, 0x0b, 0xa2, 0x00, 0x8f,
  0x00, 0x00, 0x0b, 0xa2, 0x00, 0x90, 0x00, 0x00, 0x0b, 0xa2, 0x00, 0x91,
  0x00, 0x00, 0x0b, 0xa2, 0x00, 0x92, 0x00, 0x00, 0x0b, 0xa2, 0x00, 0x93,
  0x00, 0x00, 0x0b, 0xa2, 0x00, 0x94, 0x00, 0x00, 0x0b, 0xa2, 0x00, 0x95,
  0x00, 0x00, 0x0b, 0xa2, 0x00, 0x96, 0x00, 0x00, 0x0b, 0xa2, 0x00, 0x97,
  0x00, 0x00, 0x0b, 0xa2, 0x00, 0x98, 0x00, 0x00, 0x0b, 0xa2, 0x00, 0x99,
  0x00, 0x00, 0x0b, 0xa2, 0x00, 0x9a, 0x00, 0x00, 0x0b, 0xa2, 0x00, 0x9c,
  0x00, 0x00, 0x0b, 0xa2, 0x00, 0x9d, 0x00, 0x00, 0x0b, 0xa2, 0x00, 0x9e,
  0x00, 0x00, 0x0b, 0xa2, 0x00, 0x9f, 0x00, 0x00, 0x0b, 0xa2, 0x00, 0xa0,
  0x00, 0x00, 0x0b, 0xa2, 0x00, 0xa1, 0x00, 0x00, 0x0b, 0xa2, 0x00, 0xa3,
  0x00, 0x00, 0x0b, 0xa2, 0x00, 0xa4, 0x00, 0x00, 0x0b, 0xa2, 0x00, 0xa6,
  0x00, 0x00, 0x0b, 0xa2, 0x00, 0xa7, 0x00, 0x00, 0x0b, 0xa2, 0x00, 0xc7,
  0x00, 0x00, 0x0b, 0xa2, 0x00, 0xc8, 0x00, 0x00, 0x0b, 0xa2, 0x00, 0xc9,
  0x00, 0x00, 0x0b, 0xa2, 0x00, 0xca, 0x00, 0x00, 0x0b, 0xa2, 0x00, 0xcb,
  0x00, 0x00, 0x0b, 0xa2, 0x00, 0xcc, 0x00, 0x00, 0x0b, 0xa2, 0x00, 0xcd,
  0x00, 0x00, 0x0b, 0xa2, 0x00, 0xce, 0x00, 0x00, 0x0b, 0xa2, 0x00, 0xcf,
  0x00, 0x00, 0x0b, 0xa2, 0x00, 0xd0, 0x00, 0x00, 0x0b, 0xa2, 0x00, 0xd3,
  0x00, 0x00, 0x0b, 0xa2, 0x00, 0xfc, 0x00, 0x00, 0x0b, 0xa2, 0x00, 0xfd,
  0x00, 0x00, 0x0b, 0xa2, 0x00, 0xfe, 0x00, 0x00, 0x0b, 0xa2, 0x00, 0xff,
  0x00, 0x00, 0x0b, 0xa2, 0x01, 0x00, 0x00, 0x00, 0x0b, 0xa2, 0x01, 0x02,
  0x00, 0x00, 0x0b, 0xa2, 0x01, 0x03, 0x00, 0x00, 0x0b, 0xa2, 0x01, 0x04,
  0x00, 0x00, 0x0b, 0xa2, 0x01, 0x05, 0x00, 0x00, 0x0b, 0xa2, 0x01, 0x06,
  0x00, 0x00, 0x0b, 0xa2, 0x00, 0x1c, 0x00, 0x87, 0x00, 0x46, 0x00, 0xaa,
  0x00, 0x9b, 0x00, 0x46, 0x00, 0xaa, 0x00, 0xa2, 0x00, 0x46, 0x00, 0xaa,
  0x00, 0xa8, 0x00, 0x46, 0x00, 0xaa, 0x00, 0xa9, 0x00, 0x46, 0x00, 0xaa,
  0x00, 0xab, 0x00, 0x46, 0x00, 0xaa, 0x00, 0xad, 0x00, 0x46, 0x00, 0xaa,
  0x00, 0xae, 0x00, 0x46, 0x00, 0xaa, 0x00, 0xaf, 0x00, 0x46, 0x00, 0xaa,
  0x00, 0xb0, 0x00, 0x46, 0x00, 0xaa, 0x00, 0xb1, 0x00, 0x46, 0x00, 0xaa,
  0x00, 0xb2, 0x00, 0x46, 0x00, 0xaa, 0x00, 0xb9, 0x00, 0x46, 0x00, 0xaa,
  0x00, 0xba, 0x00, 0x46, 0x00, 0xaa, 0x00, 0xbb, 0x00, 0x46, 0x00, 0xaa,
  0x00, 0xbc, 0x00, 0x46, 0x00, 0xaa, 0x00, 0xbd, 0x00, 0x46, 0x00, 0xaa,
  0x00, 0xbe, 0x00, 0x46, 0x00, 0xaa, 0x00, 0xbf, 0x00, 0x46, 0x00, 0xaa,
  0x00, 0xdf, 0x00, 0x46, 0x00, 0xaa, 0x00, 0xe0, 0x00, 0x46, 0x00, 0xaa,
  0x00, 0xe1, 0x00, 0x46, 0x00, 0xaa, 0x01, 0x01, 0x00, 0x46, 0x00, 0xaa,
  0x01, 0x07, 0x00, 0x46, 0x00, 0xaa, 0x01, 0x08, 0x00, 0x46, 0x00, 0xaa,
  0x01, 0x09, 0x00, 0x46, 0x00, 0xaa, 0x01, 0x0a, 0x00, 0x46, 0x00, 0xaa,
  0x01, 0x0b, 0x00, 0x46, 0x00, 0xaa, 0x00, 0x00, 0x00, 0x42, 0x80, 0x00,
  0x00, 0x01, 0x01, 0x6d, 0x00, 0x00, 0x09, 0xac, 0x00, 0x01, 0x00, 0xb5,
  0x00, 0x32, 0x00, 0x08, 0x00, 0x00, 0x00, 0x2e, 0x80, 0x00, 0x00, 0x61,
  0x00, 0x82, 0xff, 0xce, 0x10, 0x4e, 0x00, 0x83, 0xff, 0xce, 0x10, 0x4e,
  0x00, 0x84, 0xff, 0xce, 0x10, 0x4e, 0x00, 0x85, 0xff, 0xce, 0x10, 0x4e,
  0x00, 0x86, 0xff, 0xce, 0x10, 0x4e, 0x00, 0x88, 0xff, 0xce, 0x10, 0x4e,
  0x00, 0x89, 0xff, 0xce, 0x10, 0x4e, 0x00, 0x8a, 0xff, 0xce, 0x10, 0x4e,
  0x00, 0x8b, 0xff, 0xce, 0x10, 0x4e, 0x00, 0x8c, 0xff, 0xce, 0x10, 0x4e,
  0x00, 0x8d, 0xff, 0xce, 0x10, 0x4e, 0x00, 0x8f, 0xff, 0xce, 0x10, 0x4e,
  0x00, 0x90, 0xff, 0xce, 0x10, 0x4e, 0x00, 0x91, 0xff, 0xce, 0x10, 0x4e,
  0x00, 0x92, 0xff, 0xce, 0x10, 0x4e, 0x00, 0x93, 0xff, 0xce, 0x10, 0x4e,
  0x00, 0x94, 0xff, 0xce, 0x10, 0x4e, 0x00, 0x95, 0xff, 0xce, 0x10, 0x4e,
  0x00, 0x96, 0xff, 0xce, 0x10, 0x4e, 0x00, 0x97, 0xff, 0xce, 0x10, 0x4e,
  0x00, 0x98, 0xff, 0xce, 0x10, 0x4e, 0x00, 0x99, 0xff, 0xce, 0x10, 0x4e,
  0x00, 0x9a, 0xff, 0xce, 0x10, 0x4e, 0x00, 0x9c, 0xff, 0xce, 0x10, 0x4e,
  0x00, 0x9d, 0xff, 0xce, 0x10, 0x4e, 0x00, 0x9e, 0xff, 0xce, 0x10, 0x4e,
  0x00, 0x9f, 0xff, 0xce, 0x10, 0x4e, 0x00, 0xa0, 0xff, 0xce, 0x10, 0x4e,
  0x00, 0xa1, 0xff, 0xce, 0x10, 0x4e, 0x00, 0xa3, 0xff, 0xce, 0x10, 0x4e,
  0x00, 0xa4, 0xff, 0xce, 0x10, 0x4e, 0x00, 0xa6, 0xff, 0xce, 0x10, 0x4e,
  0x00, 0xa7, 0xff, 0xce, 0x10, 0x4e, 0x00, 0xc0, 0xff, 0xec, 0x0d, 0x1c,
  0x00, 0xc1, 0xff, 0xec, 0x0d, 0x1c, 0x00, 0xc2, 0xff, 0xec, 0x0d, 0x1c,
  0x00, 0xc3, 0xff, 0xec, 0x0d, 0x1c, 0x00, 0xc4, 0xff, 0xec, 0x0d, 0x1c,
  0x00, 0xc5, 0xff, 0xec, 0x0d, 0x1c, 0x00, 0xc6, 0xff, 0xec, 0x0d, 0x1c,
  0x00, 0xc7, 0xff, 0xce, 0x10, 0x4e, 0x00, 0xc8, 0xff, 0xce, 0x10, 0x4e,
  0x00, 0xc9, 0xff, 0xce, 0x10, 0x4e, 0x00, 0xca, 0xff, 0xce, 0x10, 0x4e,
  0x00, 0xcb, 0xff, 0xce, 0x10, 0x4e, 0x00, 0xcc, 0xff, 0xce, 0x10, 0x4e,
  0x00, 0xcd, 0xff, 0xce, 0x10, 0x4e, 0x00, 0xce, 0xff, 0xce, 0x10, 0x4e,
  0x00, 0xcf, 0xff, 0xce, 0x10, 0x4e, 0x00, 0xd0, 0xff, 0xce, 0x10, 0x4e,
  0x00, 0xd1, 0xff, 0xec, 0x0d, 0x1c, 0x00, 0xd3, 0xff, 0xce, 0x10, 0x4e,
  0x00, 0xd4, 0xff, 0xec, 0x0d, 0x1c, 0x00, 0xd5, 0xff, 0xec, 0x0d, 0x1c,
  0x00, 0xd6, 0xff, 0xec, 0x0d, 0x1c, 0x00, 0xd7, 0xff, 0xec, 0x0d, 0x1c,
  0x00, 0xd8, 0xff, 0xec, 0x0d, 0x1c, 0x00, 0xd9, 0xff, 0xec, 0x0d, 0x1c,
  0x00, 0xda, 0xff, 0xec, 0x0d, 0x1c, 0x00, 0xdb, 0xff, 0xec, 0x0d, 0x1c,
  0x00, 0xdc, 0xff, 0xec, 0x0d, 0x1c, 0x00, 0xdd, 0xff, 0xec, 0x0d, 0x1c,
  0x00, 0xe2, 0xff, 0xec, 0x0d, 0x1c, 0x00, 0xe3, 0xff, 0xec, 0x0d, 0x1c,
  0x00, 0xe4, 0xff, 0xec, 0x0d, 0x1c, 0x00, 0xe5, 0xff, 0xec, 0x0d, 0x1c,
  0x00, 0xe6, 0xff, 0xec, 0x0d, 0x1c, 0x00, 0xe7, 0xff, 0xec, 0x0d, 0x1c,
  0x00, 0xe8, 0xff, 0xec, 0x0d, 0x1c, 0x00, 0xe9, 0xff, 0xec, 0x0d, 0x1c,
  0x00, 0xea, 0xff, 0xec, 0x0d, 0x1c, 0x00, 0xeb, 0xff, 0xec, 0x0d, 0x1c,
  0x00, 0xec, 0x00, 0x00, 0x10, 0x4e, 0x00, 0xed, 0x00, 0x00, 0x10, 0x4e,
  0x00, 0xee, 0x00, 0x00, 0x10, 0x4e, 0x00, 0xef, 0x00, 0x00, 0x10, 0x4e,
  0x00, 0xf0, 0x00, 0x00, 0x10, 0x4e, 0x00, 0xf1, 0x00, 0x00, 0x10, 0x4e,
  0x00, 0xf3, 0x00, 0x00, 0x10, 0x4e, 0x00, 0xf4, 0x00, 0x00, 0x10, 0x4e,
  0x00, 0xf5, 0x00, 0x00, 0x10, 0x4e, 0x00, 0xf6, 0x00, 0x00, 0x10, 0x4e,
  0x00, 0xf7, 0x00, 0x00, 0x10, 0x4e, 0x00, 0xf8, 0xff, 0xec, 0x10, 0x4e,
  0x00, 0xf9, 0xff, 0xec, 0x0d, 0x1c, 0x00, 0xfa, 0xff, 0xec, 0x0d, 0x1c,
  0x00, 0xfb, 0xff, 0xec, 0x0d, 0x1c, 0x00, 0xfc, 0xff, 0xce, 0x10, 0x4e,
  0x00, 0xfd, 0xff, 0xce, 0x10, 0x4e, 0x00, 0xfe, 0xff, 0xce, 0x10, 0x4e,
  0x00, 0xff, 0xff, 0xce, 0x10, 0x4e, 0x01, 0x00, 0xff, 0xce, 0x10, 0x4e,
  0x01, 0x02, 0xff, 0xce, 0x10, 0x4e, 0x01, 0x03, 0xff, 0xce, 0x10, 0x4e,
  0x01, 0x04, 0xff, 0xce, 0x10, 0x4e, 0x01, 0x05, 0xff, 0xce, 0x10, 0x4e,
  0x01, 0x06, 0xff, 0xce, 0x10, 0x4e, 0x00, 0x41, 0x00, 0x82, 0xff, 0xec,
  0x07, 0x4e, 0x00, 0x83, 0xff, 0xec, 0x07, 0x4e, 0x00, 0x84, 0xff, 0xec,
  0x07, 0x4e, 0x00, 0x85, 0xff, 0xec, 0x07, 0x4e, 0x00, 0x86, 0xff, 0xec,
  0x07, 0x4e, 0x00, 0x88, 0xff, 0xec, 0x07, 0x4e, 0x00, 0x89, 0xff, 0xec,
  0x07, 0x4e, 0x00, 0x8a, 0xff, 0xec, 0x07, 0x4e, 0x00, 0x8b, 0xff, 0xec,
  0x07, 0x4e, 0x00, 0x8c, 0xff, 0xec, 0x07, 0x4e, 0x00, 0x8d, 0xff, 0xec,
  0x07, 0x4e, 0x00, 0x8f, 0xff, 0xec, 0x07, 0x4e, 0x00, 0x90, 0xff, 0xec,
  0x07, 0x4e, 0x00, 0x91, 0xff, 0xec, 0x07, 0x4e, 0x00, 0x92, 0xff, 0xec,
  0x07, 0x4e, 0x00, 0x93, 0xff, 0xec, 0x07, 0x4e, 0x00, 0x94, 0xff, 0xec,
  0x07, 0x4e, 0x00, 0x95, 0xff, 0xec, 0x07, 0x4e, 0x00, 0x96, 0xff, 0xec,
  0x07, 0x4e, 0x00, 0x97, 0xff, 0xec, 0x07, 0x4e, 0x00, 0x98, 0xff, 0xec,
  0x07, 0x4e, 0x00, 0x99, 0xff, 0xec, 0x07, 0x4e, 0x00, 0x9a, 0xff, 0xec,
  0x07, 0x4e, 0x00, 0x9c, 0xff, 0xec, 0x07, 0x4e, 0x00, 0x9d, 0xff, 0xec,
  0x07, 0x4e, 0x00, 0x9e, 0xff, 0xec, 0x07, 0x4e, 0x00, 0x9f, 0xff, 0xec,
  0x07, 0x4e, 0x00, 0xa0, 0xff, 0xec, 0x07, 0x4e, 0x00, 0xa1, 0xff, 0xec,
  0x07, 0x4e, 0x00, 0xa3, 0xff, 0xec, 0x07, 0x4e, 0x00, 0xa4, 0xff, 0xec,
  0x07, 0x4e, 0x00, 0xa6, 0xff, 0xec, 0x07, 0x4e, 0x00, 0xa7, 0xff, 0xec,
  0x07, 0x4e, 0x00, 0xc7, 0xff, 0xec, 0x07, 0x4e, 0x00, 0xc8, 0xff, 0xec,
  0x07, 0x4e, 0x00, 0xc9, 0xff, 0xec, 0x07, 0x4e, 0x00, 0xca, 0xff, 0xec,
  0x07, 0x4e, 0x00, 0xcb, 0xff, 0xec, 0x07, 0x4e, 0x00, 0xcc, 0xff, 0xec,
  0x07, 0x4e, 0x00, 0xcd, 0xff, 0xec, 0x07, 0x4e, 0x00, 0xce, 0xff, 0xec,
  0x07, 0x4e, 0x00, 0xcf, 0xff, 0xec, 0x07, 0x4e, 0x00, 0xd0, 0xff, 0xec,
  0x07, 0x4e, 0x00, 0xd3, 0xff, 0xec, 0x07, 0x4e, 0x00, 0xec, 0x00, 0x00,
  0x0a, 0xd4, 0x00, 0xed, 0x00, 0x00, 0x0a, 0xd4, 0x00, 0xee, 0x00, 0x00,
  0x0a, 0xd4, 0x00, 0xef, 0x00, 0x00, 0x0a, 0xd4, 0x00, 0xf0, 0x00, 0x00,
  0x0a, 0xd4, 0x00, 0xf1, 0x00, 0x00, 0x0a, 0xd4, 0x00, 0xf3, 0x00, 0x00,
  0x0a, 0xd4, 0x00, 0xf4, 0x00, 0x00, 0x0a, 0xd4, 0x00, 0xf5, 0x00, 0x00,
  0x0a, 0xd4, 0x00, 0xf6, 0x00, 0x00, 0x0a, 0xd4, 0x00, 0xf7, 0x00, 0x00,
  0x0a, 0xd4, 0x00, 0xfc, 0xff, 0xec, 0x07, 0x4e, 0x00, 0xfd, 0xff, 0xec,
  0x07, 0x4e, 0x00, 0xfe, 0xff, 0xec, 0x07, 0x4e, 0x00, 0xff, 0xff, 0xec,
  0x07, 0x4e, 0x01, 0x00, 0xff, 0xec, 0x07, 0x4e, 0x01, 0x02, 0xff, 0xec,
  0x07, 0x4e, 0x01, 0x03, 0xff, 0xec, 0x07, 0x4e, 0x01, 0x04, 0xff, 0xec,
  0x07, 0x4e, 0x01, 0x05, 0xff, 0xec, 0x07, 0x4e, 0x01, 0x06, 0xff, 0xec,
  0x07, 0x4e, 0x00, 0x62, 0x00, 0x01, 0xff, 0xec, 0x0c, 0x84, 0x00, 0x82,
  0xff, 0xd8, 0x02, 0x4e, 0x00, 0x83, 0xff, 0xd8, 0x02, 0x4e, 0x00, 0x84,
  0xff, 0xd8, 0x02, 0x4e, 0x00, 0x85, 0xff, 0xd8, 0x02, 0x4e, 0x00, 0x86,
  0xff, 0xd8, 0x02, 0x4e, 0x00, 0x88, 0xff, 0xd8, 0x02, 0x4e, 0x00, 0x89,
  0xff, 0xd8, 0x02, 0x4e, 0x00, 0x8a, 0xff, 0xd8, 0x02, 0x4e, 0x00, 0x8b,
  0xff, 0xd8, 0x02, 0x4e, 0x00, 0x8c, 0xff, 0xd8, 0x02, 0x4e, 0x00, 0x8d,
  0xff, 0xd8, 0x02, 0x4e, 0x00, 0x8f, 0xff, 0xd8, 0x02, 0x4e, 0x00, 0x90,
  0xff, 0xd8, 0x02, 0x4e, 0x00, 0x91, 0xff, 0xd8, 0x02, 0x4e, 0x00, 0x92,
  0xff, 0xd8, 0x02, 0x4e, 0x00, 0x93, 0xff, 0xd8, 0x02, 0x4e, 0x00, 0x94,
  0xff, 0xd8, 0x02, 0x4e, 0x00, 0x95, 0xff, 0xd8, 0x02, 0x4e, 0x00, 0x96,
  0xff, 0xd8, 0x02, 0x4e, 0x00, 0x97, 0xff, 0xd8, 0x02, 0x4e, 0x00, 0x98,
  0xff, 0xd8, 0x02, 0x4e, 0x00, 0x99, 0xff, 0xd8, 0x02, 0x4e, 0x00, 0x9a,
  0xff, 0xd8, 0x02, 0x4e, 0x00, 0x9c, 0xff, 0xd8, 0x02, 0x4e, 0x00, 0x9d,
  0xff, 0xd8, 0x02, 0x4e, 0x00, 0x9e, 0xff, 0xd8, 0x02, 0x4e, 0x00, 0x9f,
  0xff, 0xd8, 0x02, 0x4e, 0x00, 0xa0, 0xff, 0xd8, 0x02, 0x4e, 0x00, 0xa1,
  0xff, 0xd8, 0x02, 0x4e, 0x00, 0xa3, 0xff, 0xd8, 0x02, 0x4e, 0x00, 0xa4,
  0xff, 0xd8, 0x02, 0x4e, 0x00, 0xa6, 0xff, 0xd8, 0x02, 0x4e, 0x00, 0xa7,
  0xff, 0xd8, 0x02, 0x4e, 0x00, 0xc0, 0x00, 0x00, 0x05, 0xc6, 0x00, 0xc1,
  0x00, 0x00, 0x05, 0xc6, 0x00, 0xc2, 0x00, 0x00, 0x05, 0xc6, 0x00, 0xc3,
  0x00, 0x00, 0x05, 0xc6, 0x00, 0xc4, 0x00, 0x00, 0x05, 0xc6, 0x00, 0xc5,
  0x00, 0x00, 0x05, 0xc6, 0x00, 0xc6, 0x00, 0x00, 0x05, 0xc6, 0x00, 0xc7,
  0xff, 0xd8, 0x02, 0x4e, 0x00, 0xc8, 0xff, 0xd8, 0x02, 0x4e, 0x00, 0xc9,
  0xff, 0xd8, 0x02, 0x4e, 0x00, 0xca, 0xff, 0xd8, 0x02, 0x4e, 0x00, 0xcb,
  0xff, 0xd8, 0x02, 0x4e, 0x00, 0xcc, 0xff, 0xd8, 0x02, 0x4e, 0x00, 0xcd,
  0xff, 0xd8, 0x02, 0x4e, 0x00, 0xce, 0xff, 0xd8, 0x02, 0x4e, 0x00, 0xcf,
  0xff, 0xd8, 0x02, 0x4e, 0x00, 0xd0, 0xff, 0xd8, 0x02, 0x4e, 0x00, 0xd1,
  0x00, 0x00, 0x05, 0xc6, 0x00, 0xd3, 0xff, 0xd8, 0x02, 0x4e, 0x00, 0xd4,
  0x00, 0x00, 0x05, 0xc6, 0x00, 0xd5, 0x00, 0x00, 0x05, 0xc6, 0x00, 0xd6,
  0x00, 0x00, 0x05, 0xc6, 0x00, 0xd7, 0x00, 0x00, 0x05, 0xc6, 0x00, 0xd8,
  0x00, 0x00, 0x05, 0xc6, 0x00, 0xd9, 0x00, 0x00, 0x05, 0xc6, 0x00, 0xda,
  0x00, 0x00, 0x05, 0xc6, 0x00, 0xdb, 0x00, 0x00, 0x05, 0xc6, 0x00, 0xdc,
  0x00, 0x00, 0x05, 0xc6, 0x00, 0xdd, 0x00, 0x00, 0x05, 0xc6, 0x00, 0xe2,
  0x00, 0x00, 0x05, 0xc6, 0x00, 0xe3, 0x00, 0x00, 0x05, 0xc6, 0x00, 0xe4,
  0x00, 0x00, 0x05, 0xc6, 0x00, 0xe5, 0x00, 0x00, 0x05, 0xc6, 0x00, 0xe6,
  0x00, 0x00, 0x05, 0xc6, 0x00, 0xe7, 0x00, 0x00, 0x05, 0xc6, 0x00, 0xe8,
  0x00, 0x00, 0x05, 0xc6, 0x00, 0xe9, 0x00, 0x00, 0x05, 0xc6, 0x00, 0xea,
  0x00, 0x00, 0x05, 0xc6, 0x00, 0xeb, 0x00, 0x00, 0x05, 0xc6, 0x00, 0xec,
  0x00, 0x00, 0x0a, 0xfa, 0x00, 0xed, 0x00, 0x00, 0x0a, 0xfa, 0x00, 0xee,
  0x00, 0x00, 0x0a, 0xfa, 0x00, 0xef, 0x00, 0x00, 0x0a, 0xfa, 0x00, 0xf0,
  0x00, 0x00, 0x0a, 0xfa, 0x00, 0xf1, 0x00, 0x00, 0x0a, 0xfa, 0x00, 0xf3,
  0x00, 0x00, 0x0a, 0xfa, 0x00, 0xf4, 0x00, 0x00, 0x0a, 0xfa, 0x00, 0xf5,
  0x00, 0x00, 0x0a, 0xfa, 0x00, 0xf6, 0x00, 0x00, 0x0a, 0xfa, 0x00, 0xf7,
  0x00, 0x00, 0x0a, 0xfa, 0x00, 0xf8, 0x00, 0x00, 0x05, 0xc6, 0x00, 0xf9,
  0x00, 0x00, 0x05, 0xc6, 0x00, 0xfa, 0x00, 0x00, 0x05, 0xc6, 0x00, 0xfb,
  0x00, 0x00, 0x05, 0xc6, 0x00, 0xfc, 0xff, 0xd8, 0x02, 0x4e, 0x00, 0xfd,
  0xff, 0xd8, 0x02, 0x4e, 0x00, 0xfe, 0xff, 0xd8, 0x02, 0x4e, 0x00, 0xff,
  0xff, 0xd8, 0x02, 0x4e, 0x01, 0x00, 0xff, 0xd8, 0x02, 0x4e, 0x01, 0x02,
  0xff, 0xd8, 0x02, 0x4e, 0x01, 0x03, 0xff, 0xd8, 0x02, 0x4e, 0x01, 0x04,
  0xff, 0xd8, 0x02, 0x4e, 0x01, 0x05, 0xff, 0xd8, 0x02, 0x4e, 0x01, 0x06,
  0xff, 0xd8, 0x02, 0x4e, 0x00, 0x00, 0x00, 0x1a, 0x80, 0x00, 0x00, 0x22,
  0x00, 0x01, 0xff, 0xe2, 0x0a, 0x30, 0x00, 0x44, 0x00, 0x00, 0x03, 0x72,
  0x00, 0xc0, 0x00, 0x00, 0x0a, 0x36, 0x00, 0xc1, 0x00, 0x00, 0x0a, 0x36,
  0x00, 0xc2, 0x00, 0x00, 0x0a, 0x36, 0x00, 0xc3, 0x00, 0x00, 0x0a, 0x36,
  0x00, 0xc4, 0x00, 0x00, 0x0a, 0x36, 0x00, 0xc5, 0x00, 0x00, 0x0a, 0x36,
  0x00, 0xc6, 0x00, 0x00, 0x0a, 0x36, 0x00, 0xd1, 0x00, 0x00, 0x0a, 0x36,
  0x00, 0xd4, 0x00, 0x00, 0x0a, 0x36, 0x00, 0xd5, 0x00, 0x00, 0x0a, 0x36,
  0x00, 0xd6, 0x00, 0x00, 0x0a, 0x36, 0x00, 0xd7, 0x00, 0x00, 0x0a, 0x36,
  0x00, 0xd8, 0x00, 0x00, 0x0a, 0x36, 0x00, 0xd9, 0x00, 0x00, 0x0a, 0x36,
  0x00, 0xda, 0x00, 0x00, 0x0a, 0x36, 0x00, 0xdb, 0x00, 0x00, 0x0a, 0x36,
  0x00, 0xdc, 0x00, 0x00, 0x0a, 0x36, 0x00, 0xdd, 0x00, 0x00, 0x0a, 0x36,
  0x00, 0xe2, 0x00, 0x00, 0x0a, 0x36, 0x00, 0xe3, 0x00, 0x00, 0x0a, 0x36,
  0x00, 0xe4, 0x00, 0x00, 0x0a, 0x36, 0x00, 0xe5, 0x00, 0x00, 0x0a, 0x36,
  0x00, 0xe6, 0x00, 0x00, 0x0a, 0x36, 0x00, 0xe7, 0x00, 0x00, 0x0a, 0x36,
  0x00, 0xe8, 0x00, 0x00, 0x0a, 0x36, 0x00, 0xe9, 0x00, 0x00, 0x0a, 0x36,
  0x00, 0xea, 0x00, 0x00, 0x0a, 0x36, 0x00, 0xeb, 0x00, 0x00, 0x0a, 0x36,
  0x00, 0xf8, 0x00, 0x00, 0x0a, 0x36, 0x00, 0xf9, 0x00, 0x00, 0x0a, 0x36,
  0x00, 0xfa, 0x00, 0x00, 0x0a, 0x36, 0x00, 0xfb, 0x00, 0x00, 0x0a, 0x36,
  0x00, 0x62, 0x00, 0x01, 0xff, 0xba, 0x03, 0xd6, 0x00, 0x82, 0xff, 0xc4,
  0x09, 0x6e, 0x00, 0x83, 0xff, 0xc4, 0x09, 0x6e, 0x00, 0x84, 0xff, 0xc4,
  0x09, 0x6e, 0x00, 0x85, 0xff, 0xc4, 0x09, 0x6e, 0x00, 0x86, 0xff, 0xc4,
  0x09, 0x6e, 0x00, 0x88, 0xff, 0xc4, 0x09, 0x6e, 0x00, 0x89, 0xff, 0xc4,
  0x09, 0x6e, 0x00, 0x8a, 0xff, 0xc4, 0x09, 0x6e, 0x00, 0x8b, 0xff, 0xc4,
  0x09, 0x6e, 0x00, 0x8c, 0xff, 0xc4, 0x09, 0x6e, 0x00, 0x8d, 0xff, 0xc4,
  0x09, 0x6e, 0x00, 0x8f, 0xff, 0xc4, 0x09, 0x6e, 0x00, 0x90, 0xff, 0xc4,
  0x09, 0x6e, 0x00, 0x91, 0xff, 0xc4, 0x09, 0x6e, 0x00, 0x92, 0xff, 0xc4,
  0x09, 0x6e, 0x00, 0x93, 0xff, 0xc4, 0x09, 0x6e, 0x00, 0x94, 0xff, 0xc4,
  0x09, 0x6e, 0x00, 0x95, 0xff, 0xc4, 0x09, 0x6e, 0x00, 0x96, 0xff, 0xc4,
  0x09, 0x6e, 0x00, 0x97, 0xff, 0xc4, 0x09, 0x6e, 0x00, 0x98, 0xff, 0xc4,
  0x09, 0x6e, 0x00, 0x99, 0xff, 0xc4, 0x09, 0x6e, 0x00, 0x9a, 0xff, 0xc4,
  0x09, 0x6e, 0x00, 0x9c, 0xff, 0xc4, 0x09, 0x6e, 0x00, 0x9d, 0xff, 0xc4,
  0x09, 0x6e, 0x00, 0x9e, 0xff, 0xc4, 0x09, 0x6e, 0x00, 0x9f, 0xff, 0xc4,
  0x09, 0x6e, 0x00, 0xa0, 0xff, 0xc4, 0x09, 0x6e, 0x00, 0xa1, 0xff, 0xc4,
  0x09, 0x6e, 0x00, 0xa3, 0xff, 0xc4, 0x09, 0x6e, 0x00, 0xa4, 0xff, 0xc4,
  0x09, 0x6e, 0x00, 0xa6, 0xff, 0xc4, 0x09, 0x6e, 0x00, 0xa7, 0xff, 0xc4,
  0x09, 0x6e, 0x00, 0xc0, 0xff, 0xce, 0x06, 0x3e, 0x00, 0xc1, 0xff, 0xce,
  0x06, 0x3e, 0x00, 0xc2, 0xff, 0xce, 0x06, 0x3e, 0x00, 0xc3, 0xff, 0xce,
  0x06, 0x3e, 0x00, 0xc4, 0xff, 0xce, 0x06, 0x3e, 0x00, 0xc5, 0xff, 0xce,
  0x06, 0x3e, 0x00, 0xc6, 0xff, 0xce, 0x06, 0x3e, 0x00, 0xc7, 0xff, 0xc4,
  0x09, 0x6e, 0x00, 0xc8, 0xff, 0xc4, 0x09, 0x6e, 0x00, 0xc9, 0xff, 0xc4,
  0x09, 0x6e, 0x00, 0xca, 0xff, 0xc4, 0x09, 0x6e, 0x00, 0xcb, 0xff, 0xc4,
  0x09, 0x6e, 0x00, 0xcc, 0xff, 0xc4, 0x09, 0x6e, 0x00, 0xcd, 0xff, 0xc4,
  0x09, 0x6e, 0x00, 0xce, 0xff, 0xc4, 0x09, 0x6e, 0x00, 0xcf, 0xff, 0xc4,
  0x09, 0x6e, 0x00, 0xd0, 0xff, 0xc4, 0x09, 0x6e, 0x00, 0xd1, 0xff, 0xce,
  0x06, 0x3e, 0x00, 0xd3, 0xff, 0xc4, 0x09, 0x6e, 0x00, 0xd4, 0xff, 0xce,
  0x06, 0x3e, 0x00, 0xd5, 0xff, 0xce, 0x06, 0x3e, 0x00, 0xd6, 0xff, 0xce,
  0x06, 0x3e, 0x00, 0xd7, 0xff, 0xce, 0x06, 0x3e, 0x00, 0xd8, 0xff, 0xce,
  0x06, 0x3e, 0x00, 0xd9, 0xff, 0xce, 0x06, 0x3e, 0x00, 0xda, 0xff, 0xce,
  0x06, 0x3e, 0x00, 0xdb, 0xff, 0xce, 0x06, 0x3e, 0x00, 0xdc, 0xff, 0xce,
  0x06, 0x3e, 0x00, 0xdd, 0xff, 0xce, 0x06, 0x3e, 0x00, 0xe2, 0xff, 0xce,
  0x06, 0x3e, 0x00, 0xe3, 0xff, 0xce, 0x06, 0x3e, 0x00, 0xe4, 0xff, 0xce,
  0x06, 0x3e, 0x00, 0xe5, 0xff, 0xce, 0x06, 0x3e, 0x00, 0xe6, 0xff, 0xce,
  0x06, 0x3e, 0x00, 0xe7, 0xff, 0xce, 0x06, 0x3e, 0x00, 0xe8, 0xff, 0xce,
  0x06, 0x3e, 0x00, 0xe9, 0xff, 0xce, 0x06, 0x3e, 0x00, 0xea, 0xff, 0xce,
  0x06, 0x3e, 0x00, 0xeb, 0xff, 0xce, 0x06, 0x3e, 0x00, 0xec, 0x00, 0x00,
  0x02, 0x4e, 0x00, 0xed, 0x00, 0x00, 0x02, 0x4e, 0x00, 0xee, 0x00, 0x00,
  0x02, 0x4e, 0x00, 0xef, 0x00, 0x00, 0x02, 0x4e, 0x00, 0xf0, 0x00, 0x00,
  0x02, 0x4e, 0x00, 0xf1, 0x00, 0x00, 0x02, 0x4e, 0x00, 0xf3, 0x00, 0x00,
  0x02, 0x4e, 0x00, 0xf4, 0x00, 0x00, 0x02, 0x4e, 0x00, 0xf5, 0x00, 0x00,
  0x02, 0x4e, 0x00, 0xf6, 0x00, 0x00, 0x02, 0x4e, 0x00, 0xf7, 0x00, 0x00,
  0x02, 0x4e, 0x00, 0xf8, 0xff, 0xd8, 0x06, 0x3e, 0x00, 0xf9, 0xff, 0xce,
  0x06, 0x3e, 0x00, 0xfa, 0xff, 0xce, 0x06, 0x3e, 0x00, 0xfb, 0xff, 0xce,
  0x06, 0x3e, 0x00, 0xfc, 0xff, 0xc4, 0x09, 0x6e, 0x00, 0xfd, 0xff, 0xc4,
  0x09, 0x6e, 0x00, 0xfe, 0xff, 0xc4, 0x09, 0x6e, 0x00, 0xff, 0xff, 0xc4,
  0x09, 0x6e, 0x01, 0x00, 0xff, 0xc4, 0x09, 0x6e, 0x01, 0x02, 0xff, 0xc4,
  0x09, 0x6e, 0x01, 0x03, 0xff, 0xc4, 0x09, 0x6e, 0x01, 0x04, 0xff, 0xc4,
  0x09, 0x6e, 0x01, 0x05, 0xff, 0xc4, 0x09, 0x6e, 0x01, 0x06, 0xff, 0xc4,
  0x09, 0x6e, 0x00, 0x00, 0x00, 0x02, 0x80, 0x00, 0x00, 0x0d, 0x00, 0x01,
  0x00, 0x00, 0x01, 0x82, 0x00, 0x5c, 0x00, 0x00, 0x00, 0x50, 0x00, 0xec,
  0x00, 0x00, 0x07, 0x14, 0x00, 0xed, 0x00, 0x00, 0x07, 0x14, 0x00, 0xee,
  0x00, 0x00, 0x07, 0x14, 0x00, 0xef, 0x00, 0x00, 0x07, 0x14, 0x00, 0xf0,
  0x00, 0x00, 0x07, 0x14, 0x00, 0xf1, 0x00, 0x00, 0x07, 0x14, 0x00, 0xf3,
  0x00, 0x00, 0x07, 0x14, 0x00, 0xf4, 0x00, 0x00, 0x07, 0x14, 0x00, 0xf5,
  0x00, 0x00, 0x07, 0x14, 0x00, 0xf6, 0x00, 0x00, 0x07, 0x14, 0x00, 0xf7,
  0x00, 0x00, 0x07, 0x14, 0x00, 0x00, 0x00, 0x0e, 0x80, 0x00, 0x00, 0x20,
  0x00, 0xc0, 0xff, 0xfb, 0x00, 0xc2, 0x00, 0xc1, 0xff, 0xfb, 0x00, 0xc2,
  0x00, 0xc2, 0xff, 0xfb, 0x00, 0xc2, 0x00, 0xc3, 0xff, 0xfb, 0x00, 0xc2,
  0x00, 0xc4, 0xff, 0xfb, 0x00, 0xc2, 0x00, 0xc5, 0xff, 0xfb, 0x00, 0xc2,
  0x00, 0xc6, 0xff, 0xfb, 0x00, 0xc2, 0x00, 0xd1, 0xff, 0xfb, 0x00, 0xc2,
  0x00, 0xd4, 0xff, 0xfb, 0x00, 0xc2, 0x00, 0xd5, 0xff, 0xfb, 0x00, 0xc2,
  0x00, 0xd6, 0xff, 0xfb, 0x00, 0xc2, 0x00, 0xd7, 0xff, 0xfb, 0x00, 0xc2,
  0x00, 0xd8, 0xff, 0xfb, 0x00, 0xc2, 0x00, 0xd9, 0xff, 0xfb, 0x00, 0xc2,
  0x00, 0xda, 0xff, 0xfb, 0x00, 0xc2, 0x00, 0xdb, 0xff, 0xfb, 0x00, 0xc2,
  0x00, 0xdc, 0xff, 0xfb, 0x00, 0xc2, 0x00, 0xdd, 0xff, 0xfb, 0x00, 0xc2,
  0x00, 0xe2, 0xff, 0xfb, 0x00, 0xc2, 0x00, 0xe3, 0xff, 0xfb, 0x00, 0xc2,
  0x00, 0xe4, 0xff, 0xfb, 0x00, 0xc2, 0x00, 0xe5, 0xff, 0xfb, 0x00, 0xc2,
  0x00, 0xe6, 0xff, 0xfb, 0x00, 0xc2, 0x00, 0xe7, 0xff, 0xfb, 0x00, 0xc2,
  0x00, 0xe8, 0xff, 0xfb, 0x00, 0xc2, 0x00, 0xe9, 0xff, 0xfb, 0x00, 0xc2,
  0x00, 0xea, 0xff, 0xfb, 0x00, 0xc2, 0x00, 0xeb, 0xff, 0xfb, 0x00, 0xc2,
  0x00, 0xf8, 0xff, 0xfb, 0x00, 0xc2, 0x00, 0xf9, 0xff, 0xfb, 0x00, 0xc2,
  0x00, 0xfa, 0xff, 0xfb, 0x00, 0xc2, 0x00, 0xfb, 0xff, 0xfb, 0x00, 0xc2,
  0x00, 0x00, 0x00, 0x21, 0x80, 0x00, 0x00, 0x01, 0x00, 0x70, 0xff, 0xfb,
  0x00, 0x08, 0x00, 0x00, 0x00, 0x09, 0x80, 0x00, 0x00, 0x0e, 0x00, 0x44,
  0xff, 0xec, 0x00, 0x56, 0x00, 0x5c, 0xff, 0xba, 0x05, 0xe8, 0x00, 0x70,
  0x00, 0x00, 0x05, 0xe2, 0x00, 0xec, 0x00, 0x00, 0x05, 0xe8, 0x00, 0xed,
  0x00, 0x00, 0x05, 0xe8, 0x00, 0xee, 0x00, 0x00, 0x05, 0xe8, 0x00, 0xef,
  0x00, 0x00, 0x05, 0xe8, 0x00, 0xf0, 0x00, 0x00, 0x05, 0xe8, 0x00, 0xf1,
  0x00, 0x00, 0x05, 0xe8, 0x00, 0xf3, 0x00, 0x00, 0x05, 0xe8, 0x00, 0xf4,
  0x00, 0x00, 0x05, 0xe8, 0x00, 0xf5, 0x00, 0x00, 0x05, 0xe8, 0x00, 0xf6,
  0x00, 0x00, 0x05, 0xe8, 0x00, 0xf7, 0x00, 0x00, 0x05, 0xe8, 0x00, 0x00,
  0x00, 0x25, 0x80, 0x00, 0x00, 0x61, 0x00, 0x82, 0x00, 0x00, 0x02, 0x4e,
  0x00, 0x83, 0x00, 0x00, 0x02, 0x4e, 0x00, 0x84, 0x00, 0x00, 0x02, 0x4e,
  0x00, 0x85, 0x00, 0x00, 0x02, 0x4e, 0x00, 0x86, 0x00, 0x00, 0x02, 0x4e,
  0x00, 0x88, 0x00, 0x00, 0x02, 0x4e, 0x00, 0x89, 0x00, 0x00, 0x02, 0x4e,
  0x00, 0x8a, 0x00, 0x00, 0x02, 0x4e, 0x00, 0x8b, 0x00, 0x00, 0x02, 0x4e,
  0x00, 0x8c, 0x00, 0x00, 0x02, 0x4e, 0x00, 0x8d, 0x00, 0x00, 0x02, 0x4e,
  0x00, 0x8f, 0x00, 0x00, 0x02, 0x4e, 0x00, 0x90, 0x00, 0x00, 0x02, 0x4e,
  0x00, 0x91, 0x00, 0x00, 0x02, 0x4e, 0x00, 0x92, 0x00, 0x00, 0x02, 0x4e,
  0x00, 0x93, 0x00, 0x00, 0x02, 0x4e, 0x00, 0x94, 0x00, 0x00, 0x02, 0x4e,
  0x00, 0x95, 0x00, 0x00, 0x02, 0x4e, 0x00, 0x96, 0x00, 0x00, 0x02, 0x4e,
  0x00, 0x97, 0x00, 0x00, 0x02, 0x4e, 0x00, 0x98, 0x00, 0x00, 0x02, 0x4e,
  0x00, 0x99, 0x00, 0x00, 0x02, 0x4e, 0x00, 0x9a, 0x00, 0x00, 0x02, 0x4e,
  0x00, 0x9c, 0x00, 0x00, 0x02, 0x4e, 0x00, 0x9d, 0x00, 0x00, 0x02, 0x4e,
  0x00, 0x9e, 0x00, 0x00, 0x02, 0x4e, 0x00, 0x9f, 0x00, 0x00, 0x02, 0x4e,
  0x00, 0xa0, 0x00, 0x00, 0x02, 0x4e, 0x00, 0xa1, 0x00, 0x00, 0x02, 0x4e,
  0x00, 0xa3, 0x00, 0x00, 0x02, 0x4e, 0x00, 0xa4, 0x00, 0x00, 0x02, 0x4e,
  0x00, 0xa6, 0x00, 0x00, 0x02, 0x4e, 0x00, 0xa7, 0x00, 0x00, 0x02, 0x4e,
  0x00, 0xc0, 0x00, 0x00, 0x02, 0x48, 0x00, 0xc1, 0x00, 0x00, 0x02, 0x48,
  0x00, 0xc2, 0x00, 0x00, 0x02, 0x48, 0x00, 0xc3, 0x00, 0x00, 0x02, 0x48,
  0x00, 0xc4, 0x00, 0x00, 0x02, 0x48, 0x00, 0xc5, 0x00, 0x00, 0x02, 0x48,
  0x00, 0xc6, 0x00, 0x00, 0x02, 0x48, 0x00, 0xc7, 0x00, 0x00, 0x02, 0x4e,
  0x00, 0xc8, 0x00, 0x00, 0x02, 0x4e, 0x00, 0xc9, 0x00, 0x00, 0x02, 0x4e,
  0x00, 0xca, 0x00, 0x00, 0x02, 0x4e, 0x00, 0xcb, 0x00, 0x00, 0x02, 0x4e,
  0x00, 0xcc, 0x00, 0x00, 0x02, 0x4e, 0x00, 0xcd, 0x00, 0x00, 0x02, 0x4e,
  0x00, 0xce, 0x00, 0x00, 0x02, 0x4e, 0x00, 0xcf, 0x00, 0x00, 0x02, 0x4e,
  0x00, 0xd0, 0x00, 0x00, 0x02, 0x4e, 0x00, 0xd1, 0x00, 0x00, 0x02, 0x48,
  0x00, 0xd3, 0x00, 0x00, 0x02, 0x4e, 0x00, 0xd4, 0x00, 0x00, 0x02, 0x48,
  0x00, 0xd5, 0x00, 0x00, 0x02, 0x48, 0x00, 0xd6, 0x00, 0x00, 0x02, 0x48,
  0x00, 0xd7, 0x00, 0x00, 0x02, 0x48, 0x00, 0xd8, 0x00, 0x00, 0x02, 0x48,
  0x00, 0xd9, 0x00, 0x00, 0x02, 0x48, 0x00, 0xda, 0x00, 0x00, 0x02, 0x48,
  0x00, 0xdb, 0x00, 0x00, 0x02, 0x48, 0x00, 0xdc, 0x00, 0x00, 0x02, 0x48,
  0x00, 0xdd, 0x00, 0x00, 0x02, 0x48, 0x00, 0xe2, 0x00, 0x00, 0x02, 0x48,
  0x00, 0xe3, 0x00, 0x00, 0x02, 0x48, 0x00, 0xe4, 0x00, 0x00, 0x02, 0x48,
  0x00, 0xe5, 0x00, 0x00, 0x02, 0x48, 0x00, 0xe6, 0x00, 0x00, 0x02, 0x48,
  0x00, 0xe7, 0x00, 0x00, 0x02, 0x48, 0x00, 0xe8, 0x00, 0x00, 0x02, 0x48,
  0x00, 0xe9, 0x00, 0x00, 0x02, 0x48, 0x00, 0xea, 0x00, 0x00, 0x02, 0x48,
  0x00, 0xeb, 0x00, 0x00, 0x02, 0x48, 0x00, 0xec, 0x00, 0x00, 0x02, 0x4e,
  0x00, 0xed, 0x00, 0x00, 0x02, 0x4e, 0x00, 0xee, 0x00, 0x00, 0x02, 0x4e,
  0x00, 0xef, 0x00, 0x00, 0x02, 0x4e, 0x00, 0xf0, 0x00, 0x00, 0x02, 0x4e,
  0x00, 0xf1, 0x00, 0x00, 0x02, 0x4e, 0x00, 0xf3, 0x00, 0x00, 0x02, 0x4e,
  0x00, 0xf4, 0x00, 0x00, 0x02, 0x4e, 0x00, 0xf5, 0x00, 0x00, 0x02, 0x4e,
  0x00, 0xf6, 0x00, 0x00, 0x02, 0x4e, 0x00, 0xf7, 0x00, 0x00, 0x02, 0x4e,
  0x00, 0xf8, 0x00, 0x00, 0x02, 0x48, 0x00, 0xf9, 0x00, 0x00, 0x02, 0x48,
  0x00, 0xfa, 0x00, 0x00, 0x02, 0x48, 0x00, 0xfb, 0x00, 0x00, 0x02, 0x48,
  0x00, 0xfc, 0x00, 0x00, 0x02, 0x4e, 0x00, 0xfd, 0x00, 0x00, 0x02, 0x4e,
  0x00, 0xfe, 0x00, 0x00, 0x02, 0x4e, 0x00, 0xff, 0x00, 0x00, 0x02, 0x4e,
  0x01, 0x00, 0x00, 0x00, 0x02, 0x4e, 0x01, 0x02, 0x00, 0x00, 0x02, 0x4e,
  0x01, 0x03, 0x00, 0x00, 0x02, 0x4e, 0x01, 0x04, 0x00, 0x00, 0x02, 0x4e,
  0x01, 0x05, 0x00, 0x00, 0x02, 0x4e, 0x01, 0x06, 0x00, 0x00, 0x02, 0x4e,
  0x00, 0x00, 0x00, 0x14, 0x80, 0x00, 0x00, 0x00, 0x00, 0x05, 0x80, 0x00,
  0x00, 0x02, 0x00, 0x01, 0x00, 0x00, 0x00, 0x14, 0x00, 0x2a, 0xff, 0xec,
  0x00, 0x0e, 0x00, 0x00, 0x00, 0x2c, 0x80, 0x00, 0x00, 0x00, 0x00, 0x07,
  0x80, 0x00, 0x00, 0x42, 0x00, 0x82, 0xff, 0xfb, 0x01, 0x8e, 0x00, 0x83,
  0xff, 0xfb, 0x01, 0x8e, 0x00, 0x84, 0xff, 0xfb, 0x01, 0x8e, 0x00, 0x85,
  0xff, 0xfb, 0x01, 0x8e, 0x00, 0x86, 0xff, 0xfb, 0x01, 0x8e, 0x00, 0x88,
  0xff, 0xfb, 0x01, 0x8e, 0x00, 0x89, 0xff, 0xfb, 0x01, 0x8e, 0x00, 0x8a,
  0xff, 0xfb, 0x01, 0x8e, 0x00, 0x8b, 0xff, 0xfb, 0x01, 0x8e, 0x00, 0x8c,
  0xff, 0xfb, 0x01, 0x8e, 0x00, 0x8d, 0xff, 0xfb, 0x01, 0x8e, 0x00, 0x8f,
  0xff, 0xfb, 0x01, 0x8e, 0x00, 0x90, 0xff, 0xfb, 0x01, 0x8e, 0x00, 0x91,
  0xff, 0xfb, 0x01, 0x8e, 0x00, 0x92, 0xff, 0xfb, 0x01, 0x8e, 0x00, 0x93,
  0xff, 0xfb, 0x01, 0x8e, 0x00, 0x94, 0xff, 0xfb, 0x01, 0x8e, 0x00, 0x95,
  0xff, 0xfb, 0x01, 0x8e, 0x00, 0x96, 0xff, 0xfb, 0x01, 0x8e, 0x00, 0x97,
  0xff, 0xfb, 0x01, 0x8e, 0x00, 0x98, 0xff, 0xfb, 0x01, 0x8e, 0x00, 0x99,
  0xff, 0xfb, 0x01, 0x8e, 0x00, 0x9a, 0xff, 0xfb, 0x01, 0x8e, 0x00, 0x9c,
  0xff, 0xfb, 0x01, 0x8e, 0x00, 0x9d, 0xff, 0xfb, 0x01, 0x8e, 0x00, 0x9e,
  0xff, 0xfb, 0x01, 0x8e, 0x00, 0x9f, 0xff, 0xfb, 0x01, 0x8e, 0x00, 0xa0,
  0xff, 0xfb, 0x01, 0x8e, 0x00, 0xa1, 0xff, 0xfb, 0x01, 0x8e, 0x00, 0xa3,
  0xff, 0xfb, 0x01, 0x8e, 0x00, 0xa4, 0xff, 0xfb, 0x01, 0x8e, 0x00, 0xa6,
  0xff, 0xfb, 0x01, 0x8e, 0x00, 0xa7, 0xff, 0xfb, 0x01, 0x8e, 0x00, 0xb5,
  0x00, 0x00, 0x03, 0x24, 0x00, 0xc7, 0xff, 0xfb, 0x01, 0x8e, 0x00, 0xc8,
  0xff, 0xfb, 0x01, 0x8e, 0x00, 0xc9, 0xff, 0xfb, 0x01, 0x8e, 0x00, 0xca,
  0xff, 0xfb, 0x01, 0x8e, 0x00, 0xcb, 0xff, 0xfb, 0x01, 0x8e, 0x00, 0xcc,
  0xff, 0xfb, 0x01, 0x8e, 0x00, 0xcd, 0xff, 0xfb, 0x01, 0x8e, 0x00, 0xce,
  0xff, 0xfb, 0x01, 0x8e, 0x00, 0xcf, 0xff, 0xfb, 0x01, 0x8e, 0x00, 0xd0,
  0xff, 0xfb, 0x01, 0x8e, 0x00, 0xd3, 0xff, 0xfb, 0x01, 0x8e, 0x00, 0xec,
  0x00, 0x00, 0x03, 0x24, 0x00, 0xed, 0x00, 0x00, 0x03, 0x24, 0x00, 0xee,
  0x00, 0x00, 0x03, 0x24, 0x00, 0xef, 0x00, 0x00, 0x03, 0x24, 0x00, 0xf0,
  0x00, 0x00, 0x03, 0x24, 0x00, 0xf1, 0x00, 0x00, 0x03, 0x24, 0x00, 0xf3,
  0x00, 0x00, 0x03, 0x24, 0x00, 0xf4, 0x00, 0x00, 0x03, 0x24, 0x00, 0xf5,
  0x00, 0x00, 0x03, 0x24, 0x00, 0xf6, 0x00, 0x00, 0x03, 0x24, 0x00, 0xf7,
  0x00, 0x00, 0x03, 0x24, 0x00, 0xfc, 0xff, 0xfb, 0x01, 0x8e, 0x00, 0xfd,
  0xff, 0xfb, 0x01, 0x8e, 0x00, 0xfe, 0xff, 0xfb, 0x01, 0x8e, 0x00, 0xff,
  0xff, 0xfb, 0x01, 0x8e, 0x01, 0x00, 0xff, 0xfb, 0x01, 0x8e, 0x01, 0x02,
  0xff, 0xfb, 0x01, 0x8e, 0x01, 0x03, 0xff, 0xfb, 0x01, 0x8e, 0x01, 0x04,
  0xff, 0xfb, 0x01, 0x8e, 0x01, 0x05, 0xff, 0xfb, 0x01, 0x8e, 0x01, 0x06,
  0xff, 0xfb, 0x01, 0x8e, 0x00, 0x00, 0x00, 0x19, 0x80, 0x00, 0x00, 0x01,
  0x00, 0xb5, 0x00, 0x14, 0x00, 0x08, 0x00, 0x00, 0x00, 0x3e, 0x80, 0x00,
  0x00, 0x3d, 0x00, 0x0e, 0xff, 0xec, 0x01, 0x82, 0x00, 0x22, 0xff, 0xec,
  0x01, 0x7c, 0x00, 0x44, 0xff, 0xec, 0x01, 0x82, 0x00, 0x5c, 0x00, 0x00,
  0x01, 0x76, 0x00, 0x69, 0xff, 0xe2, 0x01, 0x76, 0x00, 0x6a, 0xff, 0xec,
  0x01, 0x76, 0x00, 0x70, 0x00, 0x00, 0x01, 0x70, 0x00, 0x82, 0xff, 0xfb,
  0x01, 0x82, 0x00, 0x83, 0xff, 0xfb, 0x01, 0x82, 0x00, 0x84, 0xff, 0xfb,
  0x01, 0x82, 0x00, 0x85, 0xff, 0xfb, 0x01, 0x82, 0x00, 0x86, 0xff, 0xfb,
  0x01, 0x82, 0x00, 0x88, 0xff, 0xfb, 0x01, 0x82, 0x00, 0x89, 0xff, 0xfb,
  0x01, 0x82, 0x00, 0x8a, 0xff, 0xfb, 0x01, 0x82, 0x00, 0x8b, 0xff, 0xfb,
  0x01, 0x82, 0x00, 0x8c, 0xff, 0xfb, 0x01, 0x82, 0x00, 0x8d, 0xff, 0xfb,
  0x01, 0x82, 0x00, 0x8f, 0xff, 0xfb, 0x01, 0x82, 0x00, 0x90, 0xff, 0xfb,
  0x01, 0x82, 0x00, 0x91, 0xff, 0xfb, 0x01, 0x82, 0x00, 0x92, 0xff, 0xfb,
  0x01, 0x82, 0x00, 0x93, 0xff, 0xfb, 0x01, 0x82, 0x00, 0x94, 0xff, 0xfb,
  0x01, 0x82, 0x00, 0x95, 0xff, 0xfb, 0x01, 0x82, 0x00, 0x96, 0xff, 0xfb,
  0x01, 0x82, 0x00, 0x97, 0xff, 0xfb, 0x01, 0x82, 0x00, 0x98, 0xff, 0xfb,
  0x01, 0x82, 0x00, 0x99, 0xff, 0xfb, 0x01, 0x82, 0x00, 0x9a, 0xff, 0xfb,
  0x01, 0x82, 0x00, 0x9c, 0xff, 0xfb, 0x01, 0x82, 0x00, 0x9d, 0xff, 0xfb,
  0x01, 0x82, 0x00, 0x9e, 0xff, 0xfb, 0x01, 0x82, 0x00, 0x9f, 0xff, 0xfb,
  0x01, 0x82, 0x00, 0xa0, 0xff, 0xfb, 0x01, 0x82, 0x00, 0xa1, 0xff, 0xfb,
  0x01, 0x82, 0x00, 0xa3, 0xff, 0xfb, 0x01, 0x82, 0x00, 0xa4, 0xff, 0xfb,
  0x01, 0x82, 0x00, 0xa6, 0xff, 0xfb, 0x01, 0x82, 0x00, 0xa7, 0xff, 0xfb,
  0x01, 0x82, 0x00, 0xc7, 0xff, 0xfb, 0x01, 0x82, 0x00, 0xc8, 0xff, 0xfb,
  0x01, 0x82, 0x00, 0xc9, 0xff, 0xfb, 0x01, 0x82, 0x00, 0xca, 0xff, 0xfb,
  0x01, 0x82, 0x00, 0xcb, 0xff, 0xfb, 0x01, 0x82, 0x00, 0xcc, 0xff, 0xfb,
  0x01, 0x82, 0x00, 0xcd, 0xff, 0xfb, 0x01, 0x82, 0x00, 0xce, 0xff, 0xfb,
  0x01, 0x82, 0x00, 0xcf, 0xff, 0xfb, 0x01, 0x82, 0x00, 0xd0, 0xff, 0xfb,
  0x01, 0x82, 0x00, 0xd3, 0xff, 0xfb, 0x01, 0x82, 0x00, 0xfc, 0xff, 0xfb,
  0x01, 0x82, 0x00, 0xfd, 0xff, 0xfb, 0x01, 0x82, 0x00, 0xfe, 0xff, 0xfb,
  0x01, 0x82, 0x00, 0xff, 0xff, 0xfb, 0x01, 0x82, 0x01, 0x00, 0xff, 0xfb,
  0x01, 0x82, 0x01, 0x02, 0xff, 0xfb, 0x01, 0x82, 0x01, 0x03, 0xff, 0xfb,
  0x01, 0x82, 0x01, 0x04, 0xff, 0xfb, 0x01, 0x82, 0x01, 0x05, 0xff, 0xfb,
  0x01, 0x82, 0x01, 0x06, 0xff, 0xfb, 0x01, 0x82, 0x00, 0x00, 0x00, 0x04,
  0x80, 0x00, 0x00, 0x00, 0x00, 0x01, 0x80, 0x00, 0x00, 0x00, 0x00, 0x0a,
  0x80, 0x00, 0x00, 0x00, 0x00, 0x15, 0x80, 0x00, 0x00, 0x01, 0x00, 0x20,
  0x00, 0x04, 0x00, 0x00, 0x00, 0x0b, 0x03, 0x0c, 0x02, 0x8a, 0x02, 0x84,
  0x01, 0xaa, 0x01, 0xa4, 0x00, 0xca, 0x00, 0xc4, 0x00, 0xbe, 0x00, 0xbe,
  0x00, 0xb8, 0x00, 0x3a, 0x00, 0x01, 0x00, 0x0b, 0x00, 0x09, 0x00, 0x21,
  0x00, 0x44, 0x00, 0x4e, 0x00, 0x67, 0x00, 0x69, 0x00, 0xa1, 0x00, 0xb9,
  0x00, 0xba, 0x00, 0xc7, 0x01, 0x77, 0x00, 0x1f, 0x00, 0xc0, 0x00, 0x00,
  0x00, 0xc1, 0x00, 0x00, 0x00, 0xc2, 0x00, 0x00, 0x00, 0xc3, 0x00, 0x00,
  0x00, 0xc4, 0x00, 0x00, 0x00, 0xc5, 0x00, 0x00, 0x00, 0xc6, 0x00, 0x00,
  0x00, 0xd1, 0x00, 0x00, 0x00, 0xd4, 0x00, 0x00, 0x00, 0xd5, 0x00, 0x00,
  0x00, 0xd6, 0x00, 0x00, 0x00, 0xd7, 0x00, 0x00, 0x00, 0xd9, 0x00, 0x00,
  0x00, 0xda, 0x00, 0x00, 0x00, 0xdb, 0x00, 0x00, 0x00, 0xdc, 0x00, 0x00,
  0x00, 0xdd, 0x00, 0x00, 0x00, 0xe2, 0x00, 0x00, 0x00, 0xe3, 0x00, 0x00,
  0x00, 0xe4, 0x00, 0x00, 0x00, 0xe5, 0x00, 0x00, 0x00, 0xe6, 0x00, 0x00,
  0x00, 0xe7, 0x00, 0x00, 0x00, 0xe8, 0x00, 0x00, 0x00, 0xe9, 0x00, 0x00,
  0x00, 0xea, 0x00, 0x00, 0x00, 0xeb, 0x00, 0x00, 0x00, 0xf8, 0x00, 0x00,
  0x00, 0xf9, 0x00, 0x00, 0x00, 0xfa, 0x00, 0x00, 0x00, 0xfb, 0x00, 0x00,
  0x00, 0x01, 0x00, 0xa3, 0x00, 0x00, 0x00, 0x01, 0x00, 0xab, 0x00, 0x00,
  0x00, 0x01, 0x00, 0xb5, 0x00, 0x3c, 0x00, 0x36, 0x00, 0x82, 0xff, 0xd8,
  0x00, 0x83, 0xff, 0xd8, 0x00, 0x84, 0xff, 0xd8, 0x00, 0x85, 0xff, 0xd8,
  0x00, 0x86, 0xff, 0xd8, 0x00, 0x88, 0xff, 0xd8, 0x00, 0x89, 0xff, 0xd8,
  0x00, 0x8a, 0xff, 0xd8, 0x00, 0x8b, 0xff, 0xd8, 0x00, 0x8c, 0xff, 0xd8,
  0x00, 0x8d, 0xff, 0xd8, 0x00, 0x8f, 0xff, 0xd8, 0x00, 0x90, 0xff, 0xd8,
  0x00, 0x91, 0xff, 0xd8, 0x00, 0x92, 0xff, 0xd8, 0x00, 0x93, 0xff, 0xd8,
  0x00, 0x94, 0xff, 0xd8, 0x00, 0x95, 0xff, 0xd8, 0x00, 0x96, 0xff, 0xd8,
  0x00, 0x97, 0xff, 0xd8, 0x00, 0x98, 0xff, 0xd8, 0x00, 0x99, 0xff, 0xd8,
  0x00, 0x9a, 0xff, 0xd8, 0x00, 0x9c, 0xff, 0xd8, 0x00, 0x9d, 0xff, 0xd8,
  0x00, 0x9e, 0xff, 0xd8, 0x00, 0x9f, 0xff, 0xd8, 0x00, 0xa0, 0xff, 0xd8,
  0x00, 0xa1, 0xff, 0xd8, 0x00, 0xa3, 0xff, 0xd8, 0x00, 0xa4, 0xff, 0xd8,
  0x00, 0xa6, 0xff, 0xd8, 0x00, 0xa7, 0xff, 0xd8, 0x00, 0xc7, 0xff, 0xd8,
  0x00, 0xc8, 0xff, 0xd8, 0x00, 0xc9, 0xff, 0xd8, 0x00, 0xca, 0xff, 0xd8,
  0x00, 0xcb, 0xff, 0xd8, 0x00, 0xcc, 0xff, 0xd8, 0x00, 0xcd, 0xff, 0xd8,
  0x00, 0xce, 0xff, 0xd8, 0x00, 0xcf, 0xff, 0xd8, 0x00, 0xd0, 0xff, 0xd8,
  0x00, 0xd3, 0xff, 0xd8, 0x00, 0xfc, 0xff, 0xd8, 0x00, 0xfd, 0xff, 0xd8,
  0x00, 0xfe, 0xff, 0xd8, 0x00, 0xff, 0xff, 0xd8, 0x01, 0x00, 0xff, 0xd8,
  0x01, 0x02, 0xff, 0xd8, 0x01, 0x03, 0xff, 0xd8, 0x01, 0x04, 0xff, 0xd8,
  0x01, 0x05, 0xff, 0xd8, 0x01, 0x06, 0xff, 0xd8, 0x00, 0x01, 0x00, 0xb5,
  0x00, 0x00, 0x00, 0x36, 0x00, 0x82, 0xff, 0xf6, 0x00, 0x83, 0xff, 0xf6,
  0x00, 0x84, 0xff, 0xf6, 0x00, 0x85, 0xff, 0xf6, 0x00, 0x86, 0xff, 0xf6,
  0x00, 0x88, 0xff, 0xf6, 0x00, 0x89, 0xff, 0xf6, 0x00, 0x8a, 0xff, 0xf6,
  0x00, 0x8b, 0xff, 0xf6, 0x00, 0x8c, 0xff, 0xf6, 0x00, 0x8d, 0xff, 0xf6,
  0x00, 0x8f, 0xff, 0xf6, 0x00, 0x90, 0xff, 0xf6, 0x00, 0x91, 0xff, 0xf6,
  0x00, 0x92, 0xff, 0xf6, 0x00, 0x93, 0xff, 0xf6, 0x00, 0x94, 0xff, 0xf6,
  0x00, 0x95, 0xff, 0xf6, 0x00, 0x96, 0xff, 0xf6, 0x00, 0x97, 0xff, 0xf6,
  0x00, 0x98, 0xff, 0xf6, 0x00, 0x99, 0xff, 0xf6, 0x00, 0x9a, 0xff, 0xf6,
  0x00, 0x9c, 0xff, 0xf6, 0x00, 0x9d, 0xff, 0xf6, 0x00, 0x9e, 0xff, 0xf6,
  0x00, 0x9f, 0xff, 0xf6, 0x00, 0xa0, 0xff, 0xf6, 0x00, 0xa1, 0xff, 0xf6,
  0x00, 0xa3, 0xff, 0xf6, 0x00, 0xa4, 0xff, 0xf6, 0x00, 0xa6, 0xff, 0xf6,
  0x00, 0xa7, 0xff, 0xf6, 0x00, 0xc7, 0xff, 0xf6, 0x00, 0xc8, 0xff, 0xf6,
  0x00, 0xc9, 0xff, 0xf6, 0x00, 0xca, 0xff, 0xf6, 0x00, 0xcb, 0xff, 0xf6,
  0x00, 0xcc, 0xff, 0xf6, 0x00, 0xcd, 0xff, 0xf6, 0x00, 0xce, 0xff, 0xf6,
  0x00, 0xcf, 0xff, 0xf6, 0x00, 0xd0, 0xff, 0xf6, 0x00, 0xd3, 0xff, 0xf6,
  0x00, 0xfc, 0xff, 0xf6, 0x00, 0xfd, 0xff, 0xf6, 0x00, 0xfe, 0xff, 0xf6,
  0x00, 0xff, 0xff, 0xf6, 0x01, 0x00, 0xff, 0xf6, 0x01, 0x02, 0xff, 0xf6,
  0x01, 0x03, 0xff, 0xf6, 0x01, 0x04, 0xff, 0xf6, 0x01, 0x05, 0xff, 0xf6,
  0x01, 0x06, 0xff, 0xf6, 0x00, 0x01, 0x00, 0x27, 0x00, 0x00, 0x00, 0x20,
  0x00, 0xc0, 0xff, 0xf6, 0x00, 0xc1, 0xff, 0xf6, 0x00, 0xc2, 0xff, 0xf6,
  0x00, 0xc3, 0xff, 0xf6, 0x00, 0xc4, 0xff, 0xf6, 0x00, 0xc5, 0xff, 0xf6,
  0x00, 0xc6, 0xff, 0xf6, 0x00, 0xd1, 0xff, 0xf6, 0x00, 0xd4, 0xff, 0xf6,
  0x00, 0xd5, 0xff, 0xf6, 0x00, 0xd6, 0xff, 0xf6, 0x00, 0xd7, 0xff, 0xf6,
  0x00, 0xd8, 0xff, 0xf6, 0x00, 0xd9, 0xff, 0xf6, 0x00, 0xda, 0xff, 0xf6,
  0x00, 0xdb, 0xff, 0xf6, 0x00, 0xdc, 0xff, 0xf6, 0x00, 0xdd, 0xff, 0xf6,
  0x00, 0xe2, 0xff, 0xf6, 0x00, 0xe3, 0xff, 0xf6, 0x00, 0xe4, 0xff, 0xf6,
  0x00, 0xe5, 0xff, 0xf6, 0x00, 0xe6, 0xff, 0xf6, 0x00, 0xe7, 0xff, 0xf6,
  0x00, 0xe8, 0xff, 0xf6, 0x00, 0xe9, 0xff, 0xf6, 0x00, 0xea, 0xff, 0xf6,
  0x00, 0xeb, 0xff, 0xf6, 0x00, 0xf8, 0xff, 0xf6, 0x00, 0xf9, 0xff, 0xf6,
  0x00, 0xfa, 0xff, 0xf6, 0x00, 0xfb, 0xff, 0xf6, 0x00, 0x01, 0x00, 0xb5,
  0x00, 0x6e, 0x00, 0x00, 0x00, 0x01, 0x00, 0x00, 0x00, 0x01, 0x00, 0x02,
  0x00, 0x00, 0x03, 0xaa, 0x01, 0xca, 0x00, 0x00, 0x00, 0x00, 0x03, 0xae,
  0x00, 0x00, 0x00, 0x00, 0x00, 0x11, 0x00, 0x26, 0x00, 0x2f, 0x00, 0x38,
  0x00, 0x41, 0x00, 0x4a, 0x00, 0x53, 0x00, 0x5c, 0x00, 0x64, 0x00, 0x6d,
  0x00, 0x76, 0x00, 0x95, 0x00, 0xbe, 0x00, 0xe3, 0x00, 0xec, 0x00, 0xf5,
  0x00, 0xfd, 0x01, 0x06, 0x01, 0x0f, 0x01, 0x2b, 0x01, 0x34, 0x01, 0x3b,
  0x01, 0x5c, 0x01, 0x6c, 0x01, 0x83, 0x01, 0x8c, 0x01, 0x95, 0x01, 0x9f,
  0x01, 0xa8, 0x01, 0xb1, 0x01, 0xba, 0x01, 0xc2, 0x01, 0xd1, 0x01, 0xfc,
  0x02, 0x04, 0x02, 0x0d, 0x02, 0x15, 0x02, 0x1d, 0x02, 0x2d, 0x02, 0x40,
  0x02, 0x49, 0x02, 0x52, 0x02, 0x5b, 0x02, 0x69, 0x02, 0x72, 0x02, 0x94,
  0x02, 0x9d, 0x02, 0xa6, 0x02, 0xaf, 0x02, 0xb7, 0x02, 0xd5, 0x02, 0xdd,
  0x02, 0xe6, 0x02, 0xfb, 0x03, 0x04, 0x03, 0x10, 0x03, 0x19, 0x03, 0x21,
  0x03, 0x29, 0x03, 0x3a, 0x03, 0x4d, 0x03, 0x5d, 0x03, 0x66, 0x03, 0x6f,
  0x03, 0x77, 0x03, 0x80, 0x03, 0xa1, 0x03, 0xbe, 0x03, 0xe1, 0x03, 0xea,
  0x03, 0xf4, 0x03, 0xfd, 0x04, 0x06, 0x04, 0x26, 0x04, 0x47, 0x04, 0x50,
  0x04, 0x7d, 0x04, 0x98, 0x04, 0xb5, 0x04, 0xe6, 0x05, 0x08, 0x05, 0x11,
  0x05, 0x1a, 0x05, 0x22, 0x05, 0x55, 0x05, 0x5e, 0x05, 0x67, 0x05, 0x6f,
  0x05, 0x78, 0x05, 0x80, 0x05, 0xb1, 0x05, 0xbe, 0x05, 0xc7, 0x05, 0xcf,
  0x05, 0xed, 0x06, 0x0f, 0x06, 0x18, 0x06, 0x21, 0x06, 0x2b, 0x06, 0x34,
  0x06, 0x3d, 0x06, 0x46, 0x06, 0x4f, 0x06, 0x58, 0x06, 0x66, 0x06, 0x7a,
  0x06, 0x82, 0x06, 0x8a, 0x06, 0x92, 0x06, 0x9a, 0x06, 0xb3, 0x06, 0xc5,
  0x06, 0xcd, 0x06, 0xd5, 0x06, 0xdd, 0x06, 0xe5, 0x06, 0xf8, 0x07, 0x01,
  0x07, 0x0a, 0x07, 0x13, 0x07, 0x23, 0x07, 0x2c, 0x07, 0x43, 0x07, 0x4c,
  0x07, 0x7a, 0x07, 0x83, 0x07, 0x8c, 0x07, 0x95, 0x07, 0x9d, 0x07, 0xfc,
  0x08, 0x04, 0x08, 0x0c, 0x08, 0x14, 0x08, 0x1c, 0x08, 0x25, 0x08, 0x2d,
  0x08, 0x34, 0x08, 0x3c, 0x08, 0x44, 0x08, 0x4c, 0x08, 0xe6, 0x09, 0x0c,
  0x09, 0x2e, 0x09, 0x36, 0x09, 0x3e, 0x09, 0x47, 0x09, 0x4f, 0x09, 0x57,
  0x09, 0x81, 0x09, 0x89, 0x09, 0xb7, 0x09, 0xf5, 0x0a, 0x41, 0x0a, 0x49,
  0x0a, 0x51, 0x0a, 0x59, 0x0a, 0x62, 0x0a, 0x6a, 0x0a, 0x72, 0x0a, 0x7a,
  0x0a, 0x83, 0x0a, 0xa2, 0x0a, 0xdc, 0x0a, 0xe4, 0x0a, 0xec, 0x0a, 0xf4,
  0x0a, 0xfc, 0x0b, 0x17, 0x0b, 0x36, 0x0b, 0x3e, 0x0b, 0x46, 0x0b, 0x4f,
  0x0b, 0x57, 0x0b, 0x5f, 0x0b, 0x81, 0x0b, 0x89, 0x0b, 0x91, 0x0b, 0x99,
  0x0b, 0xa2, 0x0b, 0xab, 0x0b, 0xcc, 0x0b, 0xe1, 0x0b, 0xe9, 0x0b, 0xf1,
  0x0c, 0x03, 0x0c, 0x0b, 0x0c, 0x14, 0x0c, 0x1d, 0x0c, 0x25, 0x0c, 0x2d,
  0x0c, 0x3b, 0x0c, 0x64, 0x0c, 0x7f, 0x0c, 0x87, 0x0c, 0x8f, 0x0c, 0x97,
  0x0c, 0x9f, 0x0c, 0xc4, 0x0c, 0xd7, 0x0c, 0xdf, 0x0c, 0xe7, 0x0c, 0xf0,
  0x0c, 0xf8, 0x0d, 0x00, 0x0d, 0x08, 0x0d, 0x1f, 0x0d, 0x27, 0x0d, 0x2f,
  0x0d, 0x55, 0x0d, 0x7b, 0x0d, 0xa4, 0x0d, 0xb7, 0x0d, 0xbf, 0x0d, 0xc7,
  0x0d, 0xcf, 0x0e, 0x34, 0x0e, 0x3c, 0x0e, 0x44, 0x0e, 0x4d, 0x0e, 0x55,
  0x0e, 0x5e, 0x0e, 0x8f, 0x0e, 0xac, 0x0e, 0xcf, 0x0e, 0xd7, 0x0e, 0xf2,
  0x0e, 0xfa, 0x0f, 0x02, 0x0f, 0x0a, 0x0f, 0x13, 0x0f, 0x1b, 0x0f, 0x23,
  0x0f, 0x2b, 0x0f, 0x33, 0x0f, 0x3b, 0x0f, 0x48, 0x0f, 0x5b, 0x0f, 0x62,
  0x0f, 0x6a, 0x0f, 0x72, 0x0f, 0x7a, 0x0f, 0x90, 0x0f, 0xaf, 0x0f, 0xb7,
  0x0f, 0xbf, 0x0f, 0xc7, 0x0f, 0xcf, 0x0f, 0xe1, 0x0f, 0xe9, 0x0f, 0xf1,
  0x0f, 0xf9, 0x10, 0x23, 0x10, 0x2b, 0x10, 0x33, 0x10, 0x3b, 0x10, 0x43,
  0x10, 0x4c, 0x10, 0x54, 0x10, 0x5c, 0x10, 0x64, 0x10, 0x6c, 0x10, 0x74,
  0x10, 0x8b, 0x10, 0x94, 0x10, 0x9c, 0x10, 0xa4, 0x10, 0xbf, 0x10, 0xeb,
  0x11, 0x00, 0x11, 0x17, 0x11, 0x2a, 0x11, 0x59, 0x11, 0x90, 0x11, 0xa4,
  0x11, 0xcd, 0x12, 0x04, 0x12, 0x14, 0x12, 0x4b, 0x12, 0x82, 0x12, 0x9f,
  0x12, 0xa7, 0x12, 0xbe, 0x12, 0xc6, 0x12, 0xcd, 0x12, 0xe1, 0x12, 0xe9,
  0x12, 0xf1, 0x12, 0xf9, 0x13, 0x01, 0x13, 0x09, 0x13, 0x27, 0x13, 0x2d,
  0x13, 0x34, 0x13, 0x3b, 0x13, 0x42, 0x13, 0x49, 0x13, 0x51, 0x13, 0x59,
  0x13, 0x60, 0x13, 0x68, 0x13, 0x70, 0x13, 0x84, 0x13, 0x98, 0x13, 0xc3,
  0x13, 0xfc, 0x14, 0x10, 0x14, 0x3b, 0x14, 0x6b, 0x14, 0x7c, 0x14, 0xab,
  0x14, 0xdb, 0x14, 0xe4, 0x14, 0xed, 0x14, 0xf6, 0x14, 0xff, 0x15, 0x09,
  0x15, 0x13, 0x15, 0x1d, 0x15, 0x27, 0x15, 0x2d, 0x15, 0x34, 0x15, 0x3b,
  0x15, 0x42, 0x15, 0x49, 0x15, 0x51, 0x15, 0x59, 0x15, 0x60, 0x15, 0x68,
  0x15, 0x70, 0x15, 0x76, 0x15, 0x7d, 0x15, 0x84, 0x15, 0x8b, 0x15, 0x92,
  0x15, 0x99, 0x15, 0xa0, 0x15, 0xa7, 0x15, 0xae, 0x15, 0xb5, 0x15, 0xbc,
  0x15, 0xc3, 0x15, 0xc3, 0x15, 0xd7, 0x15, 0xe3, 0x16, 0x02, 0x16, 0x1a,
  0x16, 0x25, 0x16, 0x3d, 0x16, 0x54, 0x16, 0x80, 0x16, 0xad, 0x16, 0xb6,
  0x16, 0xce, 0x16, 0xea, 0x16, 0xff, 0x17, 0x08, 0x17, 0x11, 0x17, 0x1a,
  0x17, 0x22, 0x17, 0x2d, 0x17, 0x35, 0x17, 0x3d, 0x17, 0x47, 0x17, 0x53,
  0x17, 0x5f, 0x17, 0x80, 0x17, 0xa2, 0x17, 0xaf, 0x17, 0xbc, 0x17, 0xc3,
  0x17, 0xd6, 0x17, 0xe9, 0x17, 0xfc, 0x18, 0x07, 0x18, 0x10, 0x18, 0x19,
  0x18, 0x2a, 0x18, 0x36, 0x18, 0x40, 0x18, 0x49, 0x18, 0x55, 0x18, 0xa4,
  0x18, 0xe9, 0x19, 0x03, 0x19, 0x60, 0x19, 0xaa, 0x19, 0xec, 0x1a, 0x05,
  0x1a, 0x22, 0x1a, 0x2b, 0x1a, 0x36, 0x1a, 0x4a, 0x1a, 0x68, 0x1a, 0x8c,
  0x1a, 0xc0, 0x1a, 0xf6, 0x1b, 0x23, 0x1b, 0x4d, 0x1b, 0x77, 0x1b, 0x99,
  0x1b, 0xa2, 0x1b, 0xb0, 0x1b, 0xbb, 0x1b, 0xcb, 0x1b, 0xee, 0x1b, 0xfc,
  0x1c, 0x10, 0x1c, 0x1f, 0x1c, 0x2e, 0x1c, 0x41, 0x1c, 0x53, 0x1c, 0x64,
  0x1c, 0x72, 0x1c, 0xa0, 0x1c, 0xab, 0x1c, 0xc8, 0x1d, 0x01, 0x1d, 0x14,
  0x1d, 0x2a, 0x1d, 0x3d, 0x1d, 0x54, 0x1d, 0x68, 0x1d, 0x7c, 0x1d, 0x90,
  0x1d, 0xa4, 0x1d, 0xcd, 0x1d, 0xdf, 0x1d, 0xea, 0x1d, 0xf5, 0x1e, 0x06,
  0x1e, 0x11, 0x1e, 0x22, 0x1e, 0x33, 0x1e, 0x45, 0x1e, 0x5d, 0x1e, 0x7d,
  0x1e, 0x86, 0x1e, 0x90, 0x1e, 0x9a, 0x1e, 0xb6, 0x1e, 0xd1, 0x1e, 0xee,
  0x1e, 0xf7, 0x1e, 0xff, 0x1f, 0x06, 0x1f, 0x0e, 0x1f, 0x16, 0x1f, 0x1e,
  0x1f, 0x26, 0x1f, 0x2e, 0x1f, 0x35, 0x1f, 0x55, 0x1f, 0x5d, 0x1f, 0x63,
  0x1f, 0x6b, 0x1f, 0x72, 0x1f, 0xae, 0x40, 0x00, 0x26, 0x66, 0x80, 0x01,
  0x00, 0x08, 0x00, 0x18, 0x00, 0x00, 0x00, 0x0c, 0xfd, 0xe9, 0x6e, 0x5a,
  0xda, 0x0a, 0x4d, 0x7d, 0x72, 0xe5, 0x2c, 0x00, 0x57, 0x81, 0x84, 0x01,
  0x97, 0x97, 0x82, 0x40, 0xff, 0x6a, 0x83, 0x00, 0x80, 0x01, 0x00, 0x08,
  0x00, 0x21, 0x00, 0x00, 0x00, 0x10, 0xfd, 0xe9, 0x6e, 0x5a, 0xda, 0x0a,
  0x4d, 0x7d, 0x72, 0xe5, 0x2c, 0x07, 0xfe, 0x67, 0x65, 0x00, 0x57, 0x81,
  0x84, 0x01, 0x97, 0x97, 0x82, 0x40, 0xff, 0x6a, 0x03, 0x0b, 0x1e, 0x1e,
  0x0b, 0x83, 0x80, 0x01, 0x00, 0x08, 0x00, 0x06, 0x00, 0x00, 0x02, 0x01,
  0x01, 0x02, 0x01, 0x05, 0x57, 0x01, 0x1e, 0x00, 0x80, 0x01, 0x00, 0x08,
  0x00, 0x06, 0x00, 0x00, 0x02, 0x01, 0x01, 0x02, 0x01, 0xf5, 0x57, 0x01,
  0x1e, 0x00, 0x80, 0x01, 0x00, 0x08, 0x00, 0x06, 0x00, 0x00, 0x02, 0x01,
  0x01, 0x02, 0x01, 0xeb, 0x57, 0x01, 0x1e, 0x00, 0x80, 0x01, 0x00, 0x08,
  0x00, 0x06, 0x00, 0x00, 0x02, 0x01, 0x01, 0x02, 0x01, 0x9b, 0x57, 0x01,
  0x1e, 0x00, 0x80, 0x01, 0x00, 0x08, 0x00, 0x06, 0x00, 0x00, 0x02, 0x01,
  0x01, 0x02, 0x01, 0x41, 0x57, 0x01, 0x1e, 0x00, 0x80, 0x01, 0x00, 0x08,
  0x00, 0x06, 0x00, 0x00, 0x02, 0x01, 0x01, 0x02, 0x01, 0x2c, 0x57, 0x01,
  0x1e, 0x00, 0x80, 0x01, 0x00, 0x08, 0x00, 0x07, 0x00, 0x00, 0x00, 0x80,
  0x02, 0x47, 0x00, 0x57, 0x81, 0x85, 0x80, 0x01, 0x00, 0x08, 0x00, 0x06,
  0x00, 0x00, 0x02, 0x01, 0x01, 0x02, 0x01, 0x04, 0x57, 0x01, 0x1e, 0x00,
  0x80, 0x01, 0x00, 0x08, 0x00, 0x06, 0x00, 0x00, 0x02, 0x01, 0x01, 0x02,
  0x01, 0x15, 0x57, 0x01, 0x1e, 0x00, 0x80, 0x01, 0x00, 0x08, 0x00, 0x25,
  0x00, 0x00, 0x0e, 0x0d, 0x00, 0x01, 0x02, 0x02, 0x02, 0x02, 0x02, 0x02,
  0x01, 0x01, 0x01, 0x02, 0x01, 0x02, 0x02, 0xfd, 0xb7, 0x47, 0x42, 0x00,
  0x83, 0x00, 0x29, 0x00, 0x83, 0x02, 0x4e, 0x05, 0x38, 0x40, 0x00, 0x87,
  0x03, 0x66, 0x05, 0x00, 0x26, 0x81, 0x06, 0x90, 0x2b, 0xc0, 0x70, 0x00,
  0x97, 0x97, 0x81, 0x02, 0x90, 0x90, 0x00, 0x00, 0x80, 0x01, 0x00, 0x08,
  0x00, 0x48, 0x00, 0x00, 0x00, 0x24, 0xd8, 0xd8, 0xfd, 0xff, 0x0b, 0x15,
  0x15, 0x15, 0x21, 0x2d, 0x25, 0x1d, 0x1d, 0x1d, 0x13, 0x07, 0x05, 0x4c,
  0xef, 0xc7, 0x9c, 0x9c, 0x9c, 0xd5, 0x0a, 0x4c, 0x4c, 0xd5, 0xb5, 0x96,
  0x96, 0x96, 0xc3, 0xf0, 0x4c, 0x00, 0x04, 0x81, 0x84, 0x09, 0xf8, 0xec,
  0x03, 0x15, 0x12, 0x12, 0x16, 0x15, 0x0d, 0x04, 0x81, 0x11, 0x68, 0x68,
  0x68, 0x48, 0x28, 0x02, 0xda, 0xda, 0xda, 0x32, 0x32, 0x32, 0x0e, 0xef,
  0xce, 0xab, 0xab, 0xab, 0x83, 0x00, 0x80, 0x01, 0x00, 0x08, 0x00, 0x40,
  0x00, 0x00, 0x00, 0x23, 0xfa, 0xf4, 0xec, 0xe7, 0xe7, 0xe7, 0xed, 0xf6,
  0xfd, 0x13, 0x24, 0x26, 0x26, 0xab, 0xb2, 0xd1, 0xf2, 0xfd, 0x1b, 0x4a,
  0x65, 0x65, 0x65, 0x4b, 0x1b, 0xfd, 0xf3, 0xd0, 0xae, 0xa8, 0x23, 0x25,
  0x22, 0x10, 0x00, 0x0a, 0x81, 0x89, 0x16, 0xf3, 0xdc, 0xcc, 0xb5, 0xab,
  0x9b, 0x90, 0x90, 0x90, 0xad, 0xe0, 0x00, 0x22, 0x55, 0x72, 0x72, 0x72,
  0x64, 0x4d, 0x40, 0x29, 0x1c, 0x0a, 0x84, 0x00, 0x80, 0x01, 0x00, 0x08,
  0x00, 0x06, 0x00, 0x00, 0x02, 0x01, 0x01, 0x02, 0x01, 0xc2, 0x0a, 0x01,
  0x1e, 0x00, 0x80, 0x01, 0x00, 0x08, 0x00, 0x06, 0x00, 0x00, 0x02, 0x01,
  0x01, 0x02, 0x01, 0xc6, 0x0a, 0x01, 0x1e, 0x00, 0x80, 0x01, 0x00, 0x08,
  0x00, 0x07, 0x00, 0x00, 0x00, 0x80, 0x02, 0xed, 0x00, 0x0a, 0x81, 0x85,
  0x80, 0x01, 0x00, 0x08, 0x00, 0x06, 0x00, 0x00, 0x02, 0x01, 0x01, 0x02,
  0x01, 0xbc, 0x0a, 0x01, 0x1e, 0x00, 0x80, 0x01, 0x00, 0x08, 0x00, 0x06,
  0x00, 0x00, 0x02, 0x01, 0x01, 0x02, 0x01, 0xc1, 0x0a, 0x01, 0x1e, 0x00,
  0x80, 0x01, 0x00, 0x08, 0x00, 0x2f, 0x00, 0x00, 0x00, 0x19, 0xd8, 0xd8,
  0xf1, 0x05, 0x24, 0x35, 0x35, 0x35, 0x24, 0x05, 0xf1, 0x51, 0xf1, 0xe7,
  0xd3, 0xc1, 0xb7, 0xb7, 0xb7, 0xc1, 0xd3, 0xe7, 0xf1, 0x51, 0x00, 0x1c,
  0x81, 0x83, 0x00, 0xff, 0x85, 0x0c, 0x75, 0x75, 0x75, 0x62, 0x3f, 0x15,
  0x00, 0xeb, 0xc1, 0x9e, 0x8b, 0x8b, 0x8b, 0x83, 0x80, 0x01, 0x00, 0x08,
  0x00, 0x06, 0x00, 0x00, 0x02, 0x01, 0x01, 0x02, 0x01, 0xc4, 0x1c, 0x01,
  0x1e, 0x00, 0x80, 0x01, 0x00, 0x08, 0x00, 0x05, 0x00, 0x00, 0x00, 0x81,
  0x00, 0xf4, 0x81, 0x84, 0x80, 0x01, 0x00, 0x08, 0x00, 0x38, 0x00, 0x00,
  0x00, 0x1d, 0xd8, 0xd8, 0xef, 0xef, 0xb0, 0xb0, 0xc9, 0xdd, 0xfc, 0x0d,
  0x0d, 0x0d, 0xfc, 0xdd, 0xc9, 0x29, 0xc9, 0xbf, 0xab, 0x99, 0x8f, 0x8f,
  0x8f, 0x99, 0xab, 0xbf, 0xc9, 0x29, 0x00, 0xf4, 0x81, 0x03, 0xdf, 0x24,
  0x24, 0xdf, 0x83, 0x00, 0xff, 0x85, 0x0c, 0x75, 0x75, 0x75, 0x62, 0x3f,
  0x15, 0x00, 0xeb, 0xc1, 0x9e, 0x8b, 0x8b, 0x8b, 0x83, 0x00, 0x80, 0x01,
  0x00, 0x08, 0x00, 0x0f, 0x00, 0x00, 0x07, 0x06, 0x01, 0x02, 0x02, 0x02,
  0x02, 0x02, 0x02, 0x06, 0xd8, 0x1a, 0x51, 0xfc, 0x51, 0x21, 0xf9, 0x80,
  0x03, 0x90, 0x2b, 0xc0, 0x70, 0x81, 0x80, 0x01, 0x00, 0x08, 0x00, 0x24,
  0x00, 0x00, 0x00, 0x11, 0xd8, 0xd8, 0x1a, 0x1a, 0x51, 0x51, 0xfc, 0xfc,
  0x51, 0x51, 0x21, 0x21, 0xc7, 0xbe, 0x27, 0x25, 0x00, 0xf9, 0x81, 0x82,
  0x0c, 0x90, 0x90, 0x2b, 0x2b, 0xc0, 0xc0, 0x70, 0x70, 0x00, 0x0b, 0x1e,
  0x1e, 0x0b, 0x83, 0x00, 0x80, 0x01, 0x00, 0x08, 0x00, 0x06, 0x00, 0x00,
  0x02, 0x01, 0x01, 0x02, 0x01, 0xb5, 0xf9, 0x01, 0x1e, 0x00, 0x80, 0x01,
  0x00, 0x08, 0x00, 0x06, 0x00, 0x00, 0x02, 0x01, 0x01, 0x02, 0x01, 0xab,
  0xf9, 0x01, 0x1e, 0x00, 0x80, 0x01, 0x00, 0x08, 0x00, 0x08, 0x00, 0x00,
  0x02, 0x01, 0x01, 0x02, 0x41, 0xff, 0x5b, 0xff, 0xf9, 0x01, 0x1e, 0x00,
  0x80, 0x01, 0x00, 0x08, 0x00, 0x06, 0x00, 0x00, 0x02, 0x01, 0x01, 0x02,
  0x01, 0xb0, 0xf9, 0x01, 0x1e, 0x00, 0x80, 0x01, 0x00, 0x08, 0x00, 0x06,
  0x00, 0x00, 0x02, 0x01, 0x01, 0x02, 0x01, 0x01, 0xf9, 0x01, 0x1e, 0x00,
  0x80, 0x01, 0x00, 0x08, 0x00, 0x06, 0x00, 0x00, 0x02, 0x01, 0x01, 0x02,
  0x01, 0xec, 0xf9, 0x01, 0x1e, 0x00, 0x80, 0x01, 0x00, 0x08, 0x00, 0x07,
  0x00, 0x00, 0x00, 0x80, 0x02, 0x0e, 0x00, 0xf9, 0x81, 0x85, 0x80, 0x01,
  0x00, 0x08, 0x00, 0x0d, 0x00, 0x00, 0x06, 0x05, 0x01, 0x02, 0x02, 0x02,
  0x02, 0x02, 0x05, 0xd8, 0x24, 0x51, 0x06, 0x51, 0x19, 0x80, 0x02, 0x90,
  0x35, 0xc5, 0x81, 0x00, 0x80, 0x01, 0x00, 0x08, 0x00, 0x4d, 0x00, 0x00,
  0x00, 0x1b, 0xec, 0xea, 0xe8, 0xe7, 0xe7, 0xe7, 0xe8, 0xea, 0xec, 0xfe,
  0x01, 0xf8, 0xf9, 0x90, 0x98, 0xb6, 0xda, 0xec, 0x0f, 0x46, 0x65, 0x65,
  0x65, 0x44, 0x10, 0xf1, 0xcc, 0x94, 0x41, 0xff, 0x78, 0xff, 0x7d, 0x08,
  0x93, 0x93, 0xf1, 0xf1, 0xee, 0xea, 0xeb, 0x00, 0xd8, 0x81, 0x83, 0x00,
  0x01, 0x84, 0x19, 0xfc, 0xf6, 0xf2, 0xbc, 0xaf, 0x9b, 0x90, 0x90, 0x90,
  0xad, 0xe0, 0x01, 0x21, 0x52, 0x6e, 0x6e, 0x6e, 0x48, 0x04, 0xd9, 0xd9,
  0x2a, 0x2a, 0xfe, 0xf1, 0xf4, 0x84, 0x80, 0x01, 0x00, 0x08, 0x00, 0x07,
  0x00, 0x00, 0x00, 0x80, 0x02, 0xe2, 0x00, 0xd8, 0x81, 0x85, 0x80, 0x01,
  0x00, 0x08, 0x00, 0x06, 0x00, 0x00, 0x02, 0x01, 0x01, 0x02, 0x01, 0xc3,
  0xd8, 0x01, 0x1d, 0x00, 0x80, 0x01, 0x00, 0x08, 0x00, 0x07, 0x00, 0x00,
  0x00, 0x80, 0x02, 0xb1, 0x00, 0xd8, 0x81, 0x85, 0x80, 0x01, 0x00, 0x08,
  0x00, 0x07, 0x00, 0x00, 0x00, 0x80, 0x02, 0xcd, 0x00, 0xd8, 0x81, 0x85,
  0x80, 0x01, 0x00, 0x08, 0x00, 0x0f, 0x00, 0x00, 0x07, 0x06, 0x01, 0x02,
  0x02, 0x02, 0x02, 0x02, 0x02, 0x06, 0xd8, 0x51, 0xab, 0x24, 0xab, 0x51,
  0xfc, 0x01, 0x01, 0x33, 0x81, 0x00, 0xc3, 0x81, 0x80, 0x01, 0x00, 0x08,
  0x00, 0x13, 0x00, 0x00, 0x09, 0x08, 0x01, 0x02, 0x02, 0x02, 0x02, 0x02,
  0x02, 0x02, 0x02, 0x80, 0x07, 0xfc, 0xd8, 0x51, 0xab, 0x24, 0xab, 0x51,
  0xfc, 0x03, 0x49, 0x04, 0x01, 0x33, 0x81, 0x00, 0xc3, 0x81, 0x80, 0x01,
  0x00, 0x08, 0x00, 0x06, 0x00, 0x00, 0x02, 0x01, 0x01, 0x02, 0x01, 0xc2,
  0xfc, 0x01, 0x1f, 0x00, 0x80, 0x01, 0x00, 0x08, 0x00, 0x09, 0x00, 0x00,
  0x00, 0x05, 0xd8, 0xd8, 0x51, 0x51, 0x00, 0x29, 0x81, 0x87, 0x80, 0x01,
  0x00, 0x08, 0x00, 0x09, 0x00, 0x00, 0x00, 0x80, 0x01, 0x29, 0x00, 0x40,
  0x00, 0x80, 0x81, 0x85, 0x80, 0x01, 0x00, 0x08, 0x00, 0x13, 0x00, 0x00,
  0x00, 0x09, 0xd8, 0xd8, 0x51, 0x51, 0xf2, 0xe9, 0x52, 0x50, 0x00, 0x29,
  0x81, 0x83, 0x03, 0x0b, 0x1e, 0x1e, 0x0b, 0x83, 0x80, 0x01, 0x00, 0x08,
  0x00, 0x06, 0x00, 0x00, 0x02, 0x01, 0x01, 0x02, 0x01, 0xd6, 0x29, 0x01,
  0x1e, 0x00, 0x80, 0x01, 0x00, 0x08, 0x00, 0x3a, 0x00, 0x00, 0x00, 0x1d,
  0x48, 0x35, 0x18, 0x18, 0x18, 0x35, 0x48, 0x5a, 0x78, 0x78, 0x78, 0x5a,
  0xf9, 0xe5, 0xc9, 0xc9, 0xc9, 0xe5, 0xf9, 0x0c, 0x29, 0x29, 0x29, 0x0c,
  0xd8, 0xd8, 0x51, 0x51, 0x00, 0x42, 0x81, 0x17, 0xe1, 0xe1, 0xfe, 0x11,
  0x23, 0x41, 0x41, 0x41, 0x23, 0x11, 0xfe, 0xe1, 0xe1, 0xe1, 0xfd, 0x11,
  0x24, 0x41, 0x41, 0x41, 0x24, 0x11, 0xfd, 0xe1, 0x87, 0x00, 0x80, 0x01,
  0x00, 0x08, 0x00, 0x06, 0x00, 0x00, 0x02, 0x01, 0x01, 0x02, 0x01, 0xdb,
  0x29, 0x01, 0x1e, 0x00, 0x80, 0x01, 0x00, 0x08, 0x00, 0x06, 0x00, 0x00,
  0x02, 0x01, 0x01, 0x02, 0x01, 0x2c, 0x29, 0x01, 0x1e, 0x00, 0x80, 0x01,
  0x00, 0x08, 0x00, 0x06, 0x00, 0x00, 0x02, 0x01, 0x01, 0x02, 0x01, 0x17,
  0x29, 0x01, 0x1e, 0x00, 0x80, 0x01, 0x00, 0x08, 0x00, 0x07, 0x00, 0x00,
  0x00, 0x80, 0x02, 0x3e, 0x00, 0x29, 0x81, 0x85, 0x80, 0x01, 0x00, 0x08,
  0x00, 0x33, 0x00, 0x00, 0x00, 0x11, 0x4f, 0x2d, 0x02, 0xf1, 0xf6, 0x04,
  0x7a, 0x6f, 0x5c, 0x51, 0x45, 0x21, 0x06, 0x06, 0x06, 0x7f, 0x7f, 0x7f,
  0x40, 0x00, 0x82, 0x03, 0x7d, 0x67, 0x00, 0x57, 0x81, 0x0d, 0xfb, 0xfb,
  0x17, 0x40, 0x63, 0x6a, 0x79, 0x6b, 0x6b, 0x6b, 0x6b, 0x5c, 0x33, 0x0d,
  0x81, 0x04, 0xfd, 0x05, 0x06, 0x01, 0xfb, 0x83, 0x80, 0x01, 0x00, 0x08,
  0x00, 0x07, 0x00, 0x00, 0x00, 0x80, 0x02, 0x03, 0x00, 0x57, 0x81, 0x85,
  0x80, 0x01, 0x00, 0x08, 0x00, 0x06, 0x00, 0x00, 0x02, 0x01, 0x01, 0x02,
  0x01, 0xf3, 0x57, 0x01, 0x21, 0x00, 0x80, 0x01, 0x00, 0x08, 0x00, 0x21,
  0x00, 0x00, 0x00, 0x04, 0xd8, 0xd8, 0x55, 0x55, 0xdd, 0x41, 0x00, 0x82,
  0x00, 0x8e, 0x05, 0x7d, 0xe4, 0x3d, 0x55, 0x55, 0x00, 0x40, 0x00, 0x82,
  0x81, 0x82, 0x00, 0x6c, 0x81, 0x00, 0xff, 0x81, 0x01, 0xa5, 0xbc, 0x84,
  0x80, 0x01, 0x00, 0x08, 0x00, 0x09, 0x00, 0x00, 0x00, 0x80, 0x01, 0x06,
  0x00, 0x40, 0x00, 0x82, 0x81, 0x85, 0x80, 0x01, 0x00, 0x08, 0x00, 0x09,
  0x00, 0x00, 0x04, 0x03, 0x01, 0x02, 0x02, 0x02, 0x03, 0xd8, 0x51, 0x1e,
  0x28, 0x80, 0x00, 0x70, 0x81, 0x00, 0x80, 0x01, 0x00, 0x08, 0x00, 0x06,
  0x00, 0x00, 0x02, 0x01, 0x01, 0x02, 0x01, 0xda, 0x28, 0x01, 0x1e, 0x00,
  0x80, 0x01, 0x00, 0x08, 0x00, 0x07, 0x00, 0x00, 0x00, 0x80, 0x02, 0x35,
  0x00, 0x28, 0x81, 0x85, 0x80, 0x01, 0x00, 0x08, 0x00, 0x07, 0x00, 0x00,
  0x00, 0x80, 0x02, 0xc8, 0x00, 0x28, 0x81, 0x85, 0x80, 0x01, 0x00, 0x08,
  0x00, 0x18, 0x00, 0x00, 0x00, 0x0b, 0xfc, 0xfc, 0x34, 0x34, 0xd8, 0xd8,
  0x51, 0x51, 0x1e, 0x1e, 0x00, 0x28, 0x81, 0x03, 0xd3, 0x2d, 0x66, 0x0c,
  0x82, 0x01, 0x70, 0x70, 0x84, 0x00, 0x80, 0x01, 0x00, 0x08, 0x00, 0x1d,
  0x00, 0x00, 0x00, 0x0d, 0xd8, 0xd8, 0x65, 0x0d, 0xb6, 0x43, 0x43, 0xca,
  0xca, 0x0f, 0x51, 0x51, 0x00, 0x1b, 0x81, 0x82, 0x40, 0x00, 0x82, 0x83,
  0x42, 0xff, 0x4c, 0xff, 0xb9, 0xff, 0x4e, 0x84, 0x80, 0x01, 0x00, 0x08,
  0x00, 0x17, 0x00, 0x00, 0x00, 0x0b, 0xd8, 0xd8, 0x5b, 0xae, 0xae, 0x27,
  0x27, 0xae, 0x51, 0x51, 0x00, 0xff, 0x81, 0x82, 0x40, 0x00, 0xd4, 0x83,
  0x40, 0xff, 0x39, 0x84, 0x80, 0x01, 0x00, 0x08, 0x00, 0x06, 0x00, 0x00,
  0x02, 0x01, 0x01, 0x02, 0x01, 0xcb, 0xff, 0x01, 0x0a, 0x00, 0x80, 0x01,
  0x00, 0x08, 0x00, 0x06, 0x00, 0x00, 0x02, 0x01, 0x01, 0x02, 0x01, 0xcf,
  0xff, 0x01, 0x0a, 0x00, 0x80, 0x01, 0x00, 0x08, 0x00, 0x07, 0x00, 0x00,
  0x00, 0x80, 0x02, 0xc7, 0x00, 0xff, 0x81, 0x85, 0x80, 0x01, 0x00, 0x08,
  0x00, 0x06, 0x00, 0x00, 0x02, 0x01, 0x01, 0x02, 0x01, 0xef, 0xff, 0x01,
  0x0a, 0x00, 0x80, 0x01, 0x00, 0x08, 0x00, 0x38, 0x00, 0x00, 0x00, 0x19,
  0xe8, 0xba, 0xc5, 0xf9, 0xe8, 0xd9, 0xd9, 0xaa, 0xaa, 0xaa, 0x27, 0x27,
  0x27, 0x01, 0xd8, 0xd8, 0x5b, 0xae, 0xae, 0x27, 0x27, 0xae, 0x51, 0x51,
  0x00, 0xff, 0x81, 0x08, 0xfd, 0xfd, 0x08, 0x6a, 0x6d, 0x6e, 0x6e, 0x6e,
  0x35, 0x41, 0xfe, 0x09, 0xfe, 0x09, 0x02, 0x27, 0x18, 0xfd, 0x82, 0x40,
  0x00, 0xd4, 0x83, 0x40, 0xff, 0x39, 0x84, 0x00, 0x80, 0x01, 0x00, 0x08,
  0x00, 0x20, 0x00, 0x00, 0x0f, 0x0e, 0x00, 0x02, 0x03, 0x01, 0x01, 0x03,
  0x02, 0x02, 0x04, 0x03, 0x04, 0x04, 0x01, 0x01, 0x02, 0x0e, 0x0b, 0xf0,
  0xe7, 0xf1, 0x02, 0x27, 0x32, 0x28, 0xcb, 0xb4, 0x26, 0x65, 0x4f, 0x25,
  0x19, 0x80, 0x0d, 0x01, 0xfe, 0xfe, 0xff, 0xff, 0xff, 0x01, 0x53, 0xde,
  0x8f, 0x20, 0x53, 0x70, 0x00, 0x00, 0x80, 0x01, 0x00, 0x08, 0x00, 0x28,
  0x00, 0x00, 0x13, 0x12, 0x00, 0x02, 0x03, 0x01, 0x01, 0x03, 0x02, 0x02,
  0x04, 0x03, 0x04, 0x04, 0x01, 0x01, 0x01, 0x01, 0x01, 0x01, 0x02, 0x12,
  0x0b, 0xf0, 0xe7, 0xf1, 0x02, 0x27, 0x32, 0x28, 0xcb, 0xb4, 0x26, 0x65,
  0x4f, 0x25, 0xeb, 0xdc, 0x40, 0x45, 0x19, 0x80, 0x11, 0x01, 0xfe, 0xfe,
  0xff, 0xff, 0xff, 0x01, 0x53, 0xde, 0x8f, 0x20, 0x53, 0x70, 0x0b, 0x1e,
  0x1e, 0x0b, 0x00, 0x00, 0x80, 0x01, 0x00, 0x08, 0x00, 0x06, 0x00, 0x00,
  0x02, 0x01, 0x01, 0x02, 0x01, 0xcc, 0x19, 0x01, 0x1e, 0x00, 0x80, 0x01,
  0x00, 0x08, 0x00, 0x08, 0x00, 0x00, 0x02, 0x01, 0x01, 0x02, 0x41, 0xff,
  0x7c, 0x00, 0x19, 0x01, 0x1e, 0x00, 0x80, 0x01, 0x00, 0x08, 0x00, 0x06,
  0x00, 0x00, 0x02, 0x01, 0x01, 0x02, 0x01, 0x22, 0x19, 0x01, 0x1e, 0x00,
  0x80, 0x01, 0x00, 0x08, 0x00, 0x06, 0x00, 0x00, 0x02, 0x01, 0x01, 0x02,
  0x01, 0xdd, 0x19, 0x01, 0x1e, 0x00, 0x80, 0x01, 0x00, 0x08, 0x00, 0x24,
  0x00, 0x00, 0x11, 0x10, 0x00, 0x02, 0x03, 0x01, 0x01, 0x03, 0x02, 0x02,
  0x04, 0x03, 0x04, 0x04, 0x01, 0x01, 0x02, 0x02, 0x02, 0x10, 0x0b, 0xf0,
  0xe7, 0xf1, 0x02, 0x27, 0x32, 0x28, 0xcb, 0xb4, 0x26, 0x65, 0x4f, 0x25,
  0xfd, 0x1d, 0x19, 0x80, 0x0f, 0x01, 0xfe, 0xfe, 0xff, 0xff, 0xff, 0x01,
  0x53, 0xde, 0x8f, 0x20, 0x53, 0x70, 0x5d, 0xff, 0x00, 0x00, 0x80, 0x01,
  0x00, 0x08, 0x00, 0x24, 0x00, 0x00, 0x13, 0x12, 0x00, 0x01, 0x01, 0x01,
  0x01, 0x02, 0x03, 0x01, 0x01, 0x03, 0x02, 0x02, 0x04, 0x03, 0x04, 0x04,
  0x01, 0x01, 0x02, 0x12, 0xe9, 0xdf, 0x28, 0x32, 0x01, 0xe6, 0xdd, 0xe7,
  0xf8, 0x1d, 0x28, 0x1e, 0xc1, 0xaa, 0x1c, 0x5b, 0x45, 0x1b, 0x0f, 0x84,
  0x0d, 0x01, 0xfe, 0xfe, 0xff, 0xff, 0xff, 0x01, 0x53, 0xde, 0x8f, 0x20,
  0x53, 0x70, 0x00, 0x00, 0x80, 0x01, 0x00, 0x08, 0x00, 0x06, 0x00, 0x00,
  0x02, 0x01, 0x01, 0x02, 0x01, 0xf6, 0x19, 0x01, 0x1e, 0x00, 0x80, 0x01,
  0x00, 0x08, 0x00, 0x35, 0x00, 0x00, 0x1a, 0x19, 0x00, 0x02, 0x01, 0x02,
  0x01, 0x01, 0x01, 0x02, 0x01, 0x01, 0x01, 0x01, 0x02, 0x02, 0x01, 0x02,
  0x01, 0x03, 0x04, 0x04, 0x02, 0x02, 0x02, 0x02, 0x02, 0x02, 0x19, 0x0b,
  0xf0, 0xe7, 0xe7, 0xf1, 0x02, 0x0c, 0x13, 0x16, 0x16, 0x16, 0x13, 0x0b,
  0xcb, 0xb4, 0xb4, 0xcb, 0x27, 0x6a, 0xb3, 0xf5, 0x2c, 0xd7, 0x2c, 0xfc,
  0xd4, 0x17, 0x04, 0x04, 0x02, 0xfd, 0xfb, 0xfb, 0xfb, 0xf5, 0xf8, 0x04,
  0x0e, 0x0d, 0x79, 0x62, 0x2d, 0xd2, 0x9d, 0x86, 0x23, 0x00, 0x90, 0x2b,
  0xc0, 0x70, 0x81, 0x00, 0x80, 0x01, 0x00, 0x08, 0x00, 0x1d, 0x00, 0x00,
  0x0e, 0x0d, 0x01, 0x01, 0x02, 0x02, 0x02, 0x02, 0x02, 0x01, 0x01, 0x01,
  0x02, 0x02, 0x01, 0x03, 0x0d, 0xd8, 0x23, 0x44, 0x50, 0x3e, 0x08, 0x51,
  0x51, 0x03, 0xee, 0xd1, 0xfd, 0x1e, 0x37, 0x81, 0x0b, 0xf9, 0xe5, 0xcf,
  0xc8, 0x00, 0x37, 0x37, 0x37, 0xe5, 0x91, 0x91, 0x00, 0x00, 0x80, 0x01,
  0x00, 0x08, 0x00, 0x20, 0x00, 0x00, 0x0f, 0x0e, 0x01, 0x02, 0x01, 0x02,
  0x02, 0x02, 0x02, 0x02, 0x01, 0x01, 0x01, 0x02, 0x02, 0x01, 0x03, 0x0e,
  0xe2, 0x60, 0x32, 0x53, 0x5f, 0x4d, 0x17, 0x60, 0x60, 0x0d, 0xf8, 0xdb,
  0x07, 0x28, 0x4b, 0x80, 0x0d, 0x16, 0x16, 0x0f, 0xfb, 0xe5, 0xde, 0x00,
  0x4d, 0x4d, 0x4d, 0xfb, 0xa7, 0xa7, 0x00, 0x00, 0x80, 0x01, 0x00, 0x08,
  0x00, 0x58, 0x00, 0x00, 0x00, 0x2c, 0xd5, 0xee, 0xf1, 0x00, 0x0b, 0x00,
  0xf0, 0xe7, 0xe7, 0xe7, 0xed, 0xf7, 0x04, 0x0c, 0x17, 0x27, 0x32, 0x32,
  0x32, 0x3b, 0x41, 0x1e, 0x0b, 0xe8, 0xaa, 0x93, 0xc3, 0x0c, 0xe6, 0xce,
  0xb4, 0xb4, 0xb4, 0xcb, 0xf2, 0x0c, 0x26, 0x4e, 0x65, 0x65, 0x65, 0x4f,
  0x25, 0x00, 0x15, 0x81, 0x02, 0xfa, 0xe2, 0xf0, 0x82, 0x04, 0x01, 0x00,
  0xff, 0xff, 0xfe, 0x84, 0x1a, 0xff, 0xff, 0x0a, 0x1a, 0x1c, 0x3f, 0x70,
  0x70, 0x56, 0x3f, 0x0f, 0x54, 0x7a, 0x64, 0x26, 0xff, 0xdf, 0xad, 0x90,
  0x90, 0x90, 0xad, 0xdf, 0xff, 0x20, 0x53, 0x70, 0x83, 0x00, 0x80, 0x01,
  0x00, 0x08, 0x00, 0x3b, 0x00, 0x00, 0x00, 0x1d, 0xd8, 0xd8, 0x23, 0x30,
  0x44, 0x50, 0x50, 0x50, 0x5e, 0x65, 0x50, 0xc2, 0xec, 0xed, 0xef, 0xf0,
  0x51, 0x51, 0x51, 0x08, 0xf9, 0xde, 0xcc, 0xcc, 0xcc, 0xf8, 0x19, 0x51,
  0x00, 0x2d, 0x81, 0x83, 0x05, 0xf8, 0xea, 0xe1, 0xe1, 0xdb, 0xd3, 0x81,
  0x0f, 0xbf, 0xc0, 0xc0, 0xc0, 0xc0, 0x00, 0x2f, 0x2f, 0x2f, 0x1b, 0xf8,
  0xe1, 0xbd, 0x91, 0x91, 0x91, 0x83, 0x80, 0x01, 0x00, 0x08, 0x00, 0x06,
  0x00, 0x00, 0x02, 0x01, 0x01, 0x02, 0x01, 0xd2, 0x2d, 0x01, 0x1e, 0x00,
  0x80, 0x01, 0x00, 0x08, 0x00, 0x06, 0x00, 0x00, 0x02, 0x01, 0x01, 0x02,
  0x01, 0xd6, 0x2d, 0x01, 0x1e, 0x00, 0x80, 0x01, 0x00, 0x08, 0x00, 0x07,
  0x00, 0x00, 0x00, 0x80, 0x02, 0xdc, 0x00, 0x2d, 0x81, 0x85, 0x80, 0x01,
  0x00, 0x08, 0x00, 0x5d, 0x00, 0x00, 0x00, 0x2e, 0xf2, 0xfc, 0xf7, 0xea,
  0xe1, 0xe7, 0x63, 0x5b, 0x23, 0xfe, 0xbe, 0x83, 0x83, 0x83, 0xc8, 0xf8,
  0xd6, 0xce, 0xd0, 0xd7, 0xd7, 0xd7, 0xe8, 0xf1, 0xee, 0xef, 0xfb, 0x09,
  0x8d, 0x9e, 0xd8, 0xfb, 0x23, 0x55, 0x55, 0x55, 0x2f, 0x14, 0x37, 0x1d,
  0x06, 0x06, 0x06, 0xfd, 0xf3, 0x00, 0xef, 0x81, 0x81, 0x13, 0x02, 0x06,
  0x0d, 0x11, 0x2d, 0x43, 0x67, 0x65, 0x64, 0x3d, 0x1d, 0xf6, 0xd2, 0xc6,
  0xcf, 0xd1, 0xde, 0xec, 0xed, 0xf6, 0x82, 0x12, 0x0d, 0x09, 0xf1, 0xd3,
  0xb0, 0x9b, 0x9b, 0x9b, 0xc5, 0xe5, 0x0a, 0x26, 0x2d, 0x23, 0x28, 0x20,
  0x13, 0x03, 0xfc, 0x84, 0x80, 0x01, 0x00, 0x08, 0x00, 0x06, 0x00, 0x00,
  0x02, 0x01, 0x01, 0x02, 0x01, 0xb6, 0xef, 0x01, 0x1e, 0x00, 0x80, 0x01,
  0x00, 0x08, 0x00, 0x06, 0x00, 0x00, 0x02, 0x01, 0x01, 0x02, 0x01, 0xba,
  0xef, 0x01, 0x1e, 0x00, 0x80, 0x01, 0x00, 0x08, 0x00, 0x07, 0x00, 0x00,
  0x00, 0x80, 0x02, 0xe5, 0x00, 0xef, 0x81, 0x85, 0x80, 0x01, 0x00, 0x08,
  0x00, 0x06, 0x00, 0x00, 0x02, 0x01, 0x01, 0x02, 0x01, 0xb0, 0xef, 0x01,
  0x1e, 0x00, 0x80, 0x01, 0x00, 0x08, 0x00, 0x07, 0x00, 0x00, 0x00, 0x80,
  0x02, 0xb7, 0x00, 0xef, 0x81, 0x85, 0x80, 0x01, 0x00, 0x08, 0x00, 0x59,
  0x00, 0x00, 0x00, 0x1f, 0x6b, 0x6b, 0x6d, 0x6e, 0x60, 0x63, 0x60, 0x53,
  0x30, 0x21, 0x21, 0x21, 0x48, 0x56, 0x56, 0x56, 0xf7, 0xf4, 0x01, 0x1a,
  0x3b, 0x56, 0x56, 0x56, 0xd8, 0xd8, 0xd8, 0x05, 0x22, 0x23, 0x4a, 0x7e,
  0x46, 0x00, 0x93, 0x00, 0xd1, 0x00, 0xbb, 0x00, 0x96, 0x00, 0x96, 0x00,
  0x96, 0x00, 0x80, 0x80, 0x00, 0x7d, 0x81, 0x81, 0x14, 0xf3, 0xde, 0x60,
  0x61, 0x76, 0x76, 0x76, 0x52, 0x33, 0x0f, 0xdf, 0xdf, 0xdf, 0x1b, 0xbd,
  0xad, 0x94, 0x94, 0x94, 0xb6, 0xd3, 0x81, 0x01, 0x03, 0x01, 0x83, 0x06,
  0xf9, 0xee, 0x0d, 0xfb, 0xff, 0x13, 0x0a, 0x84, 0x80, 0x01, 0x00, 0x08,
  0x00, 0x0b, 0x00, 0x00, 0x05, 0x04, 0x01, 0x02, 0x02, 0x02, 0x02, 0x04,
  0xe9, 0x07, 0x43, 0x62, 0x4a, 0x02, 0x90, 0x00, 0x90, 0x81, 0x80, 0x01,
  0x00, 0x08, 0x00, 0x06, 0x00, 0x00, 0x02, 0x01, 0x01, 0x02, 0x01, 0xed,
  0x4a, 0x01, 0x1e, 0x00, 0x80, 0x01, 0x00, 0x08, 0x00, 0x07, 0x00, 0x00,
  0x00, 0x80, 0x02, 0xea, 0x00, 0x4a, 0x81, 0x85, 0x80, 0x01, 0x00, 0x08,
  0x00, 0x32, 0x00, 0x00, 0x00, 0x17, 0xfc, 0xeb, 0xdc, 0xd8, 0xd8, 0xd8,
  0x51, 0x51, 0x51, 0x3a, 0x12, 0xfc, 0xe5, 0xbe, 0xa6, 0xa6, 0xa6, 0x1f,
  0x1f, 0x1f, 0x1b, 0x0d, 0x00, 0xf7, 0x81, 0x04, 0x04, 0x04, 0x05, 0x0e,
  0x1a, 0x81, 0x08, 0x1a, 0x32, 0x5c, 0x76, 0x76, 0x76, 0x5c, 0x32, 0x1a,
  0x81, 0x03, 0x1a, 0x0e, 0x05, 0x04, 0x83, 0x00, 0x80, 0x01, 0x00, 0x08,
  0x00, 0x3a, 0x00, 0x00, 0x00, 0x1b, 0xfc, 0xeb, 0xdc, 0xd8, 0xd8, 0xd8,
  0x51, 0x51, 0x51, 0x3a, 0x12, 0xfc, 0xe5, 0xbe, 0xa6, 0xa6, 0xa6, 0x1f,
  0x1f, 0x1f, 0x1b, 0x0d, 0xd6, 0xcd, 0x36, 0x34, 0x00, 0xf7, 0x81, 0x04,
  0x04, 0x04, 0x05, 0x0e, 0x1a, 0x81, 0x08, 0x1a, 0x32, 0x5c, 0x76, 0x76,
  0x76, 0x5c, 0x32, 0x1a, 0x81, 0x07, 0x1a, 0x0e, 0x05, 0x04, 0x07, 0x14,
  0x14, 0x07, 0x83, 0x00, 0x80, 0x01, 0x00, 0x08, 0x00, 0x06, 0x00, 0x00,
  0x02, 0x01, 0x01, 0x02, 0x01, 0xd4, 0xf7, 0x01, 0x1e, 0x00, 0x80, 0x01,
  0x00, 0x08, 0x00, 0x06, 0x00, 0x00, 0x02, 0x01, 0x01, 0x02, 0x01, 0xba,
  0xf7, 0x01, 0x1e, 0x00, 0x80, 0x01, 0x00, 0x08, 0x00, 0x08, 0x00, 0x00,
  0x02, 0x01, 0x01, 0x02, 0x41, 0xff, 0x6a, 0xff, 0xf7, 0x01, 0x1e, 0x00,
  0x80, 0x01, 0x00, 0x08, 0x00, 0x06, 0x00, 0x00, 0x02, 0x01, 0x01, 0x02,
  0x01, 0x10, 0xf7, 0x01, 0x1e, 0x00, 0x80, 0x01, 0x00, 0x08, 0x00, 0x06,
  0x00, 0x00, 0x02, 0x01, 0x01, 0x02, 0x01, 0xcb, 0xf7, 0x01, 0x1e, 0x00,
  0x80, 0x01, 0x00, 0x08, 0x00, 0x06, 0x00, 0x00, 0x02, 0x01, 0x01, 0x02,
  0x01, 0xfb, 0xf7, 0x01, 0x1e, 0x00, 0x80, 0x01, 0x00, 0x08, 0x00, 0x06,
  0x00, 0x00, 0x02, 0x01, 0x01, 0x02, 0x01, 0xd6, 0xf7, 0x01, 0xef, 0x00,
  0x80, 0x01, 0x00, 0x08, 0x00, 0x06, 0x00, 0x00, 0x02, 0x01, 0x01, 0x02,
  0x01, 0xd3, 0xf7, 0x01, 0x1e, 0x00, 0x80, 0x01, 0x00, 0x08, 0x00, 0x13,
  0x00, 0x00, 0x00, 0x01, 0xe4, 0xfd, 0x40, 0x00, 0x83, 0x05, 0x24, 0xc3,
  0x48, 0x64, 0x00, 0x45, 0x81, 0x82, 0x40, 0x00, 0x9a, 0x86, 0x80, 0x01,
  0x00, 0x08, 0x00, 0x1e, 0x00, 0x00, 0x00, 0x0e, 0xee, 0xfd, 0x7a, 0x2e,
  0xe1, 0x59, 0x13, 0xc0, 0x3d, 0x51, 0xd7, 0x1d, 0x68, 0x00, 0x3a, 0x81,
  0x82, 0x40, 0x00, 0xbb, 0x81, 0x40, 0x00, 0xc6, 0x83, 0x40, 0xff, 0x4d,
  0x84, 0x00, 0x80, 0x01, 0x00, 0x08, 0x00, 0x07, 0x00, 0x00, 0x00, 0x80,
  0x02, 0xe1, 0x00, 0x3a, 0x81, 0x85, 0x80, 0x01, 0x00, 0x08, 0x00, 0x07,
  0x00, 0x00, 0x00, 0x80, 0x02, 0xdb, 0x00, 0x3a, 0x81, 0x85, 0x80, 0x01,
  0x00, 0x08, 0x00, 0x07, 0x00, 0x00, 0x00, 0x80, 0x02, 0x8b, 0x00, 0x3a,
  0x81, 0x85, 0x80, 0x01, 0x00, 0x08, 0x00, 0x07, 0x00, 0x00, 0x00, 0x80,
  0x02, 0x31, 0x00, 0x3a, 0x81, 0x85, 0x80, 0x01, 0x00, 0x08, 0x00, 0x29,
  0x00, 0x00, 0x00, 0x80, 0x01, 0x09, 0x08, 0x40, 0x00, 0x99, 0x01, 0x4b,
  0xfd, 0x42, 0x00, 0x8e, 0x00, 0x8e, 0x00, 0x96, 0x01, 0x05, 0x4b, 0x40,
  0x00, 0x91, 0x80, 0x40, 0x00, 0x96, 0x81, 0x80, 0x00, 0x07, 0x81, 0x00,
  0x69, 0x81, 0x00, 0x08, 0x81, 0x00, 0xa1, 0x84, 0x80, 0x01, 0x00, 0x08,
  0x00, 0x1a, 0x00, 0x00, 0x00, 0x02, 0xf5, 0xf5, 0xfb, 0x40, 0x00, 0x82,
  0x06, 0x31, 0xe0, 0x67, 0x6e, 0x6e, 0x00, 0x62, 0x81, 0x80, 0x00, 0x05,
  0x81, 0x00, 0x7a, 0x81, 0x00, 0x06, 0x84, 0x00, 0x80, 0x01, 0x00, 0x08,
  0x00, 0x07, 0x00, 0x00, 0x00, 0x80, 0x02, 0xf6, 0x00, 0x62, 0x81, 0x85,
  0x80, 0x01, 0x00, 0x08, 0x00, 0x07, 0x00, 0x00, 0x00, 0x80, 0x02, 0xf0,
  0x00, 0x62, 0x81, 0x85, 0x80, 0x01, 0x00, 0x08, 0x00, 0x07, 0x00, 0x00,
  0x00, 0x80, 0x02, 0xa0, 0x00, 0x62, 0x81, 0x85, 0x80, 0x01, 0x00, 0x08,
  0x00, 0x07, 0x00, 0x00, 0x00, 0x80, 0x02, 0x46, 0x00, 0x62, 0x81, 0x85,
  0x80, 0x01, 0x00, 0x08, 0x00, 0x1c, 0x00, 0x00, 0x00, 0x01, 0xec, 0xec,
  0x40, 0xff, 0x5d, 0x01, 0xec, 0xec, 0x81, 0x40, 0x00, 0x8f, 0x82, 0x00,
  0xec, 0x81, 0x80, 0x02, 0x75, 0x8b, 0x8b, 0x81, 0x02, 0x8b, 0x75, 0x75,
  0x84, 0x00, 0x80, 0x01, 0x00, 0x08, 0x00, 0x06, 0x00, 0x00, 0x02, 0x01,
  0x01, 0x02, 0x01, 0xbb, 0xec, 0x01, 0x1e, 0x00, 0x80, 0x01, 0x00, 0x08,
  0x00, 0x06, 0x00, 0x00, 0x02, 0x01, 0x01, 0x02, 0x01, 0xbf, 0xec, 0x01,
  0x1e, 0x00, 0x80, 0x01, 0x00, 0x08, 0x00, 0x06, 0x00, 0x00, 0x02, 0x01,
  0x01, 0x02, 0x01, 0xba, 0xec, 0x01, 0x1e, 0x00, 0x80, 0x01, 0x00, 0x08,
  0x00, 0x0f, 0x00, 0x00, 0x07, 0x06, 0x01, 0x02, 0x02, 0x02, 0x02, 0x02,
  0x02, 0x06, 0xec, 0xf6, 0xec, 0x79, 0x6f, 0x79, 0x65, 0x04, 0x70, 0x90,
  0x00, 0x90, 0x70, 0x81, 0x80, 0x01, 0x00, 0x08, 0x00, 0x09, 0x00, 0x00,
  0x00, 0x80, 0x01, 0x65, 0x00, 0x40, 0x00, 0xbc, 0x81, 0x85, 0x80, 0x01,
  0x00, 0x08, 0x00, 0x18, 0x00, 0x00, 0x0b, 0x0a, 0x01, 0x02, 0x02, 0x02,
  0x02, 0x02, 0x01, 0x01, 0x01, 0x01, 0x02, 0x0a, 0xec, 0xf6, 0xec, 0x79,
  0x6f, 0x79, 0x10, 0x07, 0x70, 0x6e, 0x65, 0x0a, 0x70, 0x90, 0x00, 0x90,
  0x70, 0x00, 0x0b, 0x1e, 0x1e, 0x0b, 0x00, 0x00, 0x80, 0x01, 0x00, 0x08,
  0x00, 0x06, 0x00, 0x00, 0x02, 0x01, 0x01, 0x02, 0x01, 0xf4, 0x65, 0x01,
  0x1e, 0x00, 0x80, 0x01, 0x00, 0x08, 0x00, 0x52, 0x00, 0x00, 0x00, 0x07,
  0x66, 0x53, 0x36, 0x36, 0x36, 0x53, 0x66, 0x78, 0x42, 0x00, 0x96, 0x00,
  0x96, 0x00, 0x96, 0x1a, 0x78, 0x17, 0x03, 0xe7, 0xe7, 0xe7, 0x03, 0x17,
  0x2a, 0x47, 0x47, 0x47, 0x2a, 0xec, 0xec, 0xf6, 0xf6, 0xec, 0xec, 0x79,
  0x79, 0x6f, 0x6f, 0x79, 0x79, 0x00, 0x65, 0x81, 0x1c, 0xe1, 0xe1, 0xfe,
  0x11, 0x23, 0x41, 0x41, 0x41, 0x23, 0x11, 0xfe, 0xe1, 0xe1, 0xe1, 0xfd,
  0x11, 0x24, 0x41, 0x41, 0x41, 0x24, 0x11, 0xfd, 0xe1, 0x00, 0x70, 0x70,
  0x90, 0x90, 0x81, 0x03, 0x90, 0x90, 0x70, 0x70, 0x84, 0x00, 0x80, 0x01,
  0x00, 0x08, 0x00, 0x06, 0x00, 0x00, 0x02, 0x01, 0x01, 0x02, 0x01, 0xf9,
  0x65, 0x01, 0x1e, 0x00, 0x80, 0x01, 0x00, 0x08, 0x00, 0x06, 0x00, 0x00,
  0x02, 0x01, 0x01, 0x02, 0x01, 0x4a, 0x65, 0x01, 0x1e, 0x00, 0x80, 0x01,
  0x00, 0x08, 0x00, 0x06, 0x00, 0x00, 0x02, 0x01, 0x01, 0x02, 0x01, 0x35,
  0x65, 0x01, 0x1e, 0x00, 0x80, 0x01, 0x00, 0x08, 0x00, 0x07, 0x00, 0x00,
  0x00, 0x80, 0x02, 0x5c, 0x00, 0x65, 0x81, 0x85, 0x80, 0x02, 0x00, 0x14,
  0x00, 0x54, 0x40, 0x01, 0x00, 0x00, 0x40, 0x00, 0x00, 0x54, 0x40, 0x00,
  0x26, 0x66, 0x40, 0x00, 0x00, 0x29, 0xf3, 0xf1, 0xf1, 0xf1, 0xf1, 0xf9,
  0x02, 0xe4, 0xe1, 0xf7, 0x12, 0x1f, 0x28, 0x2a, 0xec, 0xe5, 0xe6, 0xfb,
  0x12, 0x1b, 0x28, 0x2d, 0x2c, 0x29, 0xe5, 0xe8, 0xec, 0xf3, 0x0d, 0xfd,
  0xec, 0xe6, 0xe6, 0xe6, 0x28, 0x2f, 0x3c, 0x3c, 0x3c, 0x23, 0x00, 0x20,
  0x81, 0x81, 0x0e, 0xff, 0x00, 0x06, 0x05, 0x05, 0x05, 0xe3, 0xc4, 0xc4,
  0xc4, 0xcc, 0xd5, 0xe5, 0xe1, 0xf0, 0x82, 0x02, 0xfc, 0xff, 0x09, 0x81,
  0x0e, 0xf4, 0xf9, 0x00, 0x37, 0x37, 0x2e, 0x12, 0xf4, 0xda, 0xda, 0xda,
  0xf0, 0x04, 0x1c, 0x37, 0x83, 0x29, 0xe4, 0xe5, 0xe7, 0xe7, 0xe7, 0xe5,
  0xe4, 0xce, 0xcf, 0xf3, 0x0e, 0x22, 0x3f, 0x48, 0xe1, 0xe1, 0xeb, 0xfe,
  0x0a, 0x17, 0x31, 0x41, 0x41, 0x41, 0xcf, 0xd2, 0xd3, 0xdc, 0x17, 0x00,
  0xdf, 0xcf, 0xcf, 0xcf, 0x23, 0x48, 0x61, 0x61, 0x61, 0x3a, 0x00, 0x2d,
  0x81, 0x81, 0x0e, 0xfe, 0x00, 0x04, 0xfd, 0xfd, 0xfd, 0xce, 0xa7, 0xa7,
  0xa7, 0xb3, 0xc9, 0xe3, 0xe8, 0xf6, 0x82, 0x02, 0xfc, 0x00, 0x0d, 0x81,
  0x0e, 0xe6, 0xf1, 0x00, 0x47, 0x47, 0x32, 0x08, 0xe6, 0xcd, 0xcd, 0xcd,
  0xea, 0x04, 0x23, 0x47, 0x83, 0x00, 0x80, 0x01, 0x00, 0x08, 0x00, 0x07,
  0x00, 0x00, 0x00, 0x80, 0x02, 0xc5, 0x00, 0x2d, 0x81, 0x85, 0x80, 0x01,
  0x00, 0x08, 0x00, 0x07, 0x00, 0x00, 0x00, 0x80, 0x02, 0xd9, 0x00, 0x2d,
  0x81, 0x85, 0x80, 0x01, 0x00, 0x08, 0x00, 0x07, 0x00, 0x00, 0x00, 0x80,
  0x02, 0xc9, 0x00, 0x2d, 0x81, 0x85, 0x80, 0x01, 0x00, 0x08, 0x00, 0x07,
  0x00, 0x00, 0x00, 0x80, 0x02, 0xbf, 0x00, 0x2d, 0x81, 0x85, 0x80, 0x01,
  0x00, 0x08, 0x00, 0x09, 0x00, 0x00, 0x00, 0x80, 0x40, 0xff, 0x6f, 0x80,
  0x00, 0x2d, 0x81, 0x85, 0x80, 0x01, 0x00, 0x08, 0x00, 0x07, 0x00, 0x00,
  0x00, 0x80, 0x02, 0x15, 0x00, 0x2d, 0x81, 0x85, 0x80, 0x01, 0x00, 0x08,
  0x00, 0x05, 0x00, 0x00, 0x00, 0x82, 0x00, 0x2d, 0x81, 0x85, 0x80, 0x01,
  0x00, 0x08, 0x00, 0x07, 0x00, 0x00, 0x00, 0x80, 0x02, 0x2e, 0x00, 0x2d,
  0x81, 0x85, 0x80, 0x01, 0x00, 0x08, 0x00, 0x07, 0x00, 0x00, 0x00, 0x80,
  0x02, 0xd8, 0x00, 0x2d, 0x81, 0x85, 0x80, 0x01, 0x00, 0x08, 0x00, 0x07,
  0x00, 0x00, 0x00, 0x80, 0x02, 0xe9, 0x00, 0x2d, 0x81, 0x85, 0x80, 0x02,
  0x00, 0x14, 0x00, 0x8b, 0x40, 0x01, 0x00, 0x00, 0x40, 0x00, 0x00, 0x94,
  0x40, 0x00, 0x26, 0x66, 0x40, 0x00, 0x00, 0x3f, 0xe1, 0xe3, 0xe5, 0xf1,
  0xfe, 0x04, 0x13, 0x2a, 0x2e, 0xef, 0xf0, 0xfa, 0x06, 0x06, 0x0f, 0x0f,
  0x0f, 0xef, 0xf0, 0xf1, 0xf1, 0xf1, 0xf0, 0xef, 0xd7, 0xd7, 0x14, 0x2a,
  0x39, 0x39, 0x39, 0x21, 0x0b, 0xf6, 0xe0, 0xe0, 0x13, 0x13, 0x00, 0xe6,
  0xe4, 0xe1, 0xdf, 0xdf, 0xdf, 0xe4, 0xec, 0xf2, 0xed, 0xf9, 0x08, 0x08,
  0x2e, 0x2e, 0x15, 0xf4, 0xe3, 0xc6, 0xbd, 0x01, 0xff, 0xf9, 0xef, 0x2f,
  0x09, 0xba, 0xba, 0xc0, 0xd6, 0xee, 0x06, 0x23, 0x2f, 0x00, 0xfc, 0x81,
  0x0a, 0xf4, 0xf2, 0xe1, 0xd1, 0xcb, 0xcb, 0xcb, 0xd6, 0xe0, 0xf0, 0xf4,
  0x82, 0x02, 0xfc, 0x08, 0xf4, 0x81, 0x12, 0xff, 0x00, 0x02, 0xfe, 0xfe,
  0xfe, 0xe1, 0xe1, 0xe1, 0xf3, 0x02, 0x15, 0x2b, 0x2b, 0x2b, 0x03, 0xe4,
  0xef, 0xf3, 0x8b, 0x0a, 0xf4, 0xe4, 0xe4, 0x11, 0x3f, 0x3f, 0x3f, 0x29,
  0x18, 0x09, 0x04, 0x81, 0x07, 0x0f, 0x0f, 0xfe, 0xdd, 0xc7, 0xc7, 0xc7,
  0xde, 0x84, 0x3f, 0xcc, 0xcf, 0xd3, 0xe7, 0xfd, 0x06, 0x20, 0x47, 0x4c,
  0xe3, 0xe5, 0xf7, 0x0a, 0x0a, 0x19, 0x19, 0x19, 0xe4, 0xe5, 0xe7, 0xe7,
  0xe7, 0xe5, 0xe4, 0xbb, 0xbb, 0x21, 0x46, 0x5f, 0x5f, 0x5f, 0x37, 0x13,
  0xf0, 0xca, 0xca, 0x20, 0x20, 0x00, 0xe9, 0xe0, 0xd1, 0xc9, 0xc9, 0xc9,
  0xd1, 0xe0, 0xeb, 0xf1, 0x03, 0x12, 0x12, 0x48, 0x48, 0x10, 0xe4, 0xcb,
  0xab, 0x9a, 0x06, 0x07, 0xf5, 0xe6, 0x43, 0x09, 0x9c, 0x9a, 0xa8, 0xca,
  0xe6, 0x01, 0x2d, 0x44, 0x00, 0xf9, 0x81, 0x0a, 0xec, 0xe9, 0xcc, 0xb1,
  0xa7, 0xa7, 0xa7, 0xba, 0xcb, 0xe5, 0xed, 0x82, 0x02, 0xfa, 0x0d, 0xec,
  0x81, 0x12, 0xfe, 0x00, 0x04, 0xfd, 0xfd, 0xfd, 0xcd, 0xcd, 0xcd, 0xea,
  0x04, 0x23, 0x47, 0x47, 0x47, 0x05, 0xd1, 0xe4, 0xea, 0x82, 0x04, 0xff,
  0xff, 0x00, 0x01, 0x01, 0x82, 0x16, 0x02, 0xf3, 0xda, 0xda, 0x14, 0x52,
  0x52, 0x52, 0x38, 0x22, 0x10, 0x01, 0xfb, 0x00, 0x11, 0x11, 0xfd, 0xd6,
  0xbb, 0xbb, 0xbb, 0xd6, 0xfe, 0x83, 0x80, 0x01, 0x00, 0x08, 0x00, 0x2c,
  0x00, 0x00, 0x16, 0x15, 0x00, 0x01, 0x01, 0x01, 0x01, 0x02, 0x02, 0x01,
  0x01, 0x01, 0x01, 0x01, 0x01, 0x02, 0x01, 0x01, 0x01, 0x02, 0x03, 0x03,
  0x05, 0x04, 0x15, 0x30, 0x3b, 0x51, 0x57, 0x54, 0xe2, 0x5a, 0x54, 0x3c,
  0x30, 0x35, 0x34, 0x30, 0x30, 0x34, 0x35, 0x0c, 0xc7, 0xb0, 0x0c, 0x5a,
  0x17, 0x81, 0x01, 0xec, 0xde, 0x81, 0x01, 0x27, 0x17, 0x82, 0x0a, 0x05,
  0x06, 0xfa, 0xfb, 0x00, 0x70, 0x54, 0xdf, 0x8f, 0x21, 0x00, 0x80, 0x01,
  0x00, 0x08, 0x00, 0x3b, 0x00, 0x00, 0x00, 0x1f, 0x0b, 0x01, 0xf0, 0xe7,
  0xe7, 0xe7, 0xf1, 0x00, 0x0b, 0x13, 0x29, 0x27, 0xaf, 0xbe, 0xe6, 0x01,
  0x1e, 0x4b, 0x64, 0x64, 0x64, 0x4a, 0x1e, 0x01, 0xe4, 0xba, 0xad, 0x24,
  0x26, 0x12, 0x00, 0x0b, 0x81, 0x82, 0x00, 0x01, 0x85, 0x12, 0xed, 0xd7,
  0xbb, 0xa4, 0x8d, 0x8d, 0x8d, 0xab, 0xde, 0x00, 0x22, 0x56, 0x73, 0x73,
  0x73, 0x56, 0x39, 0x1e, 0x0d, 0x84, 0x80, 0x01, 0x00, 0x08, 0x00, 0x07,
  0x00, 0x00, 0x00, 0x80, 0x02, 0xd0, 0x00, 0x0b, 0x81, 0x85, 0x80, 0x01,
  0x00, 0x08, 0x00, 0x07, 0x00, 0x00, 0x00, 0x80, 0x02, 0xd4, 0x00, 0x0b,
  0x81, 0x85, 0x80, 0x01, 0x00, 0x08, 0x00, 0x06, 0x00, 0x00, 0x02, 0x01,
  0x01, 0x02, 0x01, 0xfe, 0x0b, 0x01, 0xff, 0x00, 0x80, 0x01, 0x00, 0x08,
  0x00, 0x07, 0x00, 0x00, 0x00, 0x80, 0x02, 0xca, 0x00, 0x0b, 0x81, 0x85,
  0x80, 0x01, 0x00, 0x08, 0x00, 0x07, 0x00, 0x00, 0x00, 0x80, 0x02, 0xcf,
  0x00, 0x0b, 0x81, 0x85, 0x80, 0x01, 0x00, 0x08, 0x00, 0x4a, 0x00, 0x00,
  0x00, 0x25, 0xe7, 0xe2, 0xe3, 0xe7, 0xe7, 0xe7, 0xe3, 0xe2, 0xe7, 0xda,
  0xc2, 0xbc, 0xbc, 0x34, 0x34, 0xc2, 0xc0, 0xc6, 0xdc, 0x0b, 0xf2, 0xcc,
  0xb9, 0xbc, 0xbc, 0xb9, 0xcc, 0xf1, 0x0b, 0x27, 0x50, 0x67, 0x67, 0x67,
  0x50, 0x27, 0x00, 0x16, 0x81, 0x81, 0x04, 0xfb, 0xfa, 0x00, 0x06, 0x05,
  0x82, 0x01, 0x17, 0x28, 0x83, 0x13, 0xdd, 0xec, 0x00, 0x70, 0x70, 0x4f,
  0x16, 0xf1, 0x10, 0xea, 0xb0, 0x8f, 0x8f, 0x8f, 0xac, 0xdf, 0x00, 0x21,
  0x54, 0x70, 0x83, 0x00, 0x80, 0x01, 0x00, 0x08, 0x00, 0x07, 0x00, 0x00,
  0x00, 0x80, 0x02, 0x34, 0x00, 0x16, 0x81, 0x85, 0x80, 0x01, 0x00, 0x08,
  0x00, 0x53, 0x00, 0x00, 0x00, 0x29, 0xed, 0xed, 0x1b, 0x1b, 0xe7, 0xe2,
  0xe3, 0xe7, 0xe7, 0xe7, 0xe3, 0xe2, 0xe7, 0xda, 0xc2, 0xbc, 0xbc, 0x34,
  0x34, 0xc2, 0xc0, 0xc6, 0xdc, 0x0b, 0xf2, 0xcc, 0xb9, 0xbc, 0xbc, 0xb9,
  0xcc, 0xf1, 0x0b, 0x27, 0x50, 0x67, 0x67, 0x67, 0x50, 0x27, 0x00, 0x16,
  0x81, 0x03, 0xe6, 0x18, 0x18, 0xe6, 0x81, 0x04, 0xfb, 0xfa, 0x00, 0x06,
  0x05, 0x82, 0x01, 0x17, 0x28, 0x83, 0x13, 0xdd, 0xec, 0x00, 0x70, 0x70,
  0x4f, 0x16, 0xf1, 0x10, 0xea, 0xb0, 0x8f, 0x8f, 0x8f, 0xac, 0xdf, 0x00,
  0x21, 0x54, 0x70, 0x83, 0x80, 0x01, 0x00, 0x08, 0x00, 0x73, 0x00, 0x00,
  0x00, 0x23, 0xf0, 0xed, 0xe9, 0xe7, 0xe7, 0xe7, 0xe1, 0xda, 0xd9, 0xaa,
  0xa0, 0xa9, 0xbe, 0xc8, 0xc3, 0xb4, 0xae, 0xc3, 0xe0, 0xf3, 0xfb, 0x03,
  0x02, 0x12, 0x25, 0x14, 0x15, 0x0a, 0xfd, 0xfb, 0xfb, 0xf8, 0xf3, 0xf0,
  0xcf, 0x9b, 0x42, 0xff, 0x7d, 0xff, 0x7d, 0xff, 0x7d, 0x0b, 0x9b, 0xcf,
  0xf0, 0x13, 0x47, 0x65, 0x65, 0x65, 0x46, 0x11, 0x00, 0xe3, 0x81, 0x81,
  0x24, 0xf7, 0xe8, 0xde, 0xd4, 0xc4, 0xbc, 0xbc, 0xbc, 0xea, 0xd9, 0xc1,
  0xb7, 0xae, 0xbf, 0xc1, 0xa9, 0xa4, 0xfa, 0xfd, 0xff, 0x02, 0x14, 0x02,
  0xf2, 0xec, 0xe2, 0xe4, 0xf2, 0xf7, 0xfd, 0x00, 0x6b, 0x6b, 0x47, 0x08,
  0xde, 0xb4, 0x44, 0xff, 0x74, 0xff, 0x50, 0xff, 0x50, 0xff, 0x50, 0xff,
  0x74, 0x04, 0xb4, 0xde, 0x08, 0x47, 0x6b, 0x83, 0x80, 0x02, 0x00, 0x14,
  0x00, 0x3d, 0x40, 0x01, 0x00, 0x00, 0x40, 0x00, 0x00, 0x46, 0x40, 0x00,
  0x26, 0x66, 0x40, 0x00, 0x00, 0x22, 0xf8, 0xf6, 0xf3, 0xf1, 0xf1, 0xf1,
  0xf6, 0xfe, 0x04, 0xff, 0x0b, 0x1a, 0x1a, 0x40, 0x40, 0x27, 0x06, 0xf5,
  0xd8, 0xcf, 0x13, 0x11, 0x0b, 0x01, 0x41, 0xcc, 0xcc, 0xd2, 0xe8, 0x00,
  0x18, 0x35, 0x41, 0x00, 0x0b, 0x81, 0x8a, 0x0a, 0xf4, 0xe4, 0xe4, 0x11,
  0x3f, 0x3f, 0x3f, 0x29, 0x18, 0x09, 0x04, 0x81, 0x07, 0x0f, 0x0f, 0xfe,
  0xdd, 0xc7, 0xc7, 0xc7, 0xde, 0x84, 0x22, 0x07, 0xfe, 0xef, 0xe7, 0xe7,
  0xe7, 0xef, 0xfe, 0x09, 0x0f, 0x21, 0x30, 0x30, 0x66, 0x66, 0x2e, 0x02,
  0xe9, 0xc9, 0xb8, 0x24, 0x25, 0x13, 0x04, 0x61, 0xba, 0xb8, 0xc6, 0xe8,
  0x04, 0x1f, 0x4b, 0x62, 0x00, 0x17, 0x81, 0x81, 0x04, 0xff, 0xff, 0x00,
  0x01, 0x01, 0x82, 0x16, 0x02, 0xf3, 0xda, 0xda, 0x14, 0x52, 0x52, 0x52,
  0x38, 0x22, 0x10, 0x01, 0xfb, 0x00, 0x11, 0x11, 0xfd, 0xd6, 0xbb, 0xbb,
  0xbb, 0xd6, 0xfe, 0x83, 0x80, 0x01, 0x00, 0x08, 0x00, 0x07, 0x00, 0x00,
  0x00, 0x80, 0x02, 0xce, 0x00, 0x17, 0x81, 0x85, 0x80, 0x01, 0x00, 0x08,
  0x00, 0x07, 0x00, 0x00, 0x00, 0x80, 0x02, 0xd2, 0x00, 0x17, 0x81, 0x85,
  0x80, 0x01, 0x00, 0x08, 0x00, 0x07, 0x00, 0x00, 0x00, 0x80, 0x02, 0xc8,
  0x00, 0x17, 0x81, 0x85, 0x80, 0x01, 0x00, 0x08, 0x00, 0x09, 0x00, 0x00,
  0x00, 0x80, 0x40, 0xff, 0x78, 0x80, 0x00, 0x17, 0x81, 0x85, 0x80, 0x01,
  0x00, 0x08, 0x00, 0x07, 0x00, 0x00, 0x00, 0x80, 0x02, 0xcd, 0x00, 0x17,
  0x81, 0x85, 0x80, 0x01, 0x00, 0x08, 0x00, 0x07, 0x00, 0x00, 0x00, 0x80,
  0x02, 0x1e, 0x00, 0x17, 0x81, 0x85, 0x80, 0x01, 0x00, 0x08, 0x00, 0x07,
  0x00, 0x00, 0x00, 0x80, 0x02, 0x09, 0x00, 0x17, 0x81, 0x85, 0x80, 0x01,
  0x00, 0x08, 0x00, 0x06, 0x00, 0x00, 0x02, 0x01, 0x01, 0x02, 0x01, 0xe1,
  0x17, 0x01, 0xef, 0x00, 0x80, 0x01, 0x00, 0x08, 0x00, 0x35, 0x00, 0x00,
  0x00, 0x19, 0xe2, 0xe2, 0xf6, 0xf6, 0xe2, 0xe2, 0xe2, 0xf6, 0x0c, 0x22,
  0x45, 0x41, 0x14, 0x25, 0x33, 0x34, 0x46, 0x5a, 0x5a, 0x5a, 0x28, 0x28,
  0x5a, 0x5a, 0x00, 0x37, 0x81, 0x80, 0x01, 0xab, 0xab, 0x81, 0x0d, 0xef,
  0xf5, 0x0c, 0x0c, 0x0c, 0xff, 0xfb, 0xb1, 0xaf, 0xab, 0xab, 0xab, 0xbe,
  0xcb, 0x81, 0x01, 0xab, 0xab, 0x84, 0x80, 0x01, 0x00, 0x08, 0x00, 0x6b,
  0x00, 0x00, 0x00, 0x34, 0x1a, 0x06, 0xf3, 0xe5, 0xd7, 0x08, 0x0c, 0x06,
  0x05, 0x11, 0xfc, 0xda, 0xc6, 0xc6, 0xc6, 0xcb, 0xdd, 0xe7, 0xe2, 0xe3,
  0xe7, 0xe7, 0xe7, 0xe3, 0xe2, 0xe7, 0xdd, 0xcb, 0xc6, 0xc6, 0x3e, 0x3e,
  0x3e, 0x40, 0x33, 0x12, 0xfb, 0xd4, 0xbd, 0xbd, 0xbd, 0xd3, 0xfa, 0x12,
  0x2e, 0x5a, 0x73, 0x72, 0x73, 0x59, 0x2e, 0x00, 0x20, 0x81, 0x17, 0xfe,
  0xfe, 0xf8, 0xfc, 0x0a, 0x67, 0x66, 0x66, 0x65, 0x65, 0x65, 0x53, 0x29,
  0x06, 0xfb, 0x08, 0x18, 0x18, 0x18, 0x0d, 0xff, 0xfc, 0x02, 0x03, 0x82,
  0x01, 0x09, 0x0f, 0x81, 0x13, 0x0e, 0x12, 0x09, 0xfe, 0x78, 0x78, 0x5a,
  0x26, 0x03, 0xe3, 0xb0, 0x92, 0x92, 0x92, 0xb0, 0xe3, 0x03, 0x26, 0x5a,
  0x78, 0x83, 0x80, 0x01, 0x00, 0x08, 0x00, 0x07, 0x00, 0x00, 0x00, 0x80,
  0x02, 0xfb, 0x00, 0x20, 0x81, 0x85, 0x80, 0x01, 0x00, 0x08, 0x00, 0x07,
  0x00, 0x00, 0x00, 0x80, 0x02, 0xe1, 0x00, 0x20, 0x81, 0x85, 0x80, 0x01,
  0x00, 0x08, 0x00, 0x07, 0x00, 0x00, 0x00, 0x80, 0x02, 0xdc, 0x00, 0x20,
  0x81, 0x85, 0x80, 0x01, 0x00, 0x08, 0x00, 0x07, 0x00, 0x00, 0x00, 0x80,
  0x02, 0xe6, 0x00, 0x20, 0x81, 0x85, 0x80, 0x01, 0x00, 0x08, 0x00, 0x2d,
  0x00, 0x00, 0x00, 0x17, 0xe4, 0xe4, 0x5c, 0x5c, 0x5c, 0x4e, 0x3f, 0x42,
  0x39, 0x2d, 0x2e, 0x2e, 0xb6, 0xb6, 0xb6, 0xd0, 0xfa, 0x11, 0x32, 0x5c,
  0x5c, 0x5c, 0x00, 0x1a, 0x81, 0x82, 0x01, 0x15, 0x0c, 0x82, 0x02, 0xfe,
  0x00, 0x07, 0x82, 0x06, 0xca, 0x99, 0x8e, 0x8f, 0x91, 0xd4, 0x09, 0x84,
  0x80, 0x01, 0x00, 0x08, 0x00, 0x35, 0x00, 0x00, 0x00, 0x81, 0x19, 0x2e,
  0x2e, 0xe4, 0xe4, 0x5c, 0x5c, 0x5c, 0x4e, 0x3f, 0x42, 0x39, 0x2d, 0x2e,
  0x2e, 0xb6, 0xb6, 0xb6, 0xd0, 0xfa, 0x11, 0x32, 0x5c, 0x5c, 0x5c, 0x00,
  0x1a, 0x81, 0x03, 0xe6, 0x18, 0x18, 0xe6, 0x82, 0x01, 0x15, 0x0c, 0x82,
  0x02, 0xfe, 0x00, 0x07, 0x82, 0x06, 0xca, 0x99, 0x8e, 0x8f, 0x91, 0xd4,
  0x09, 0x84, 0x80, 0x01, 0x00, 0x08, 0x00, 0x07, 0x00, 0x00, 0x00, 0x80,
  0x02, 0xdd, 0x00, 0x1a, 0x81, 0x85, 0x80, 0x01, 0x00, 0x08, 0x00, 0x07,
  0x00, 0x00, 0x00, 0x80, 0x02, 0xe7, 0x00, 0x46, 0x81, 0x85, 0x80, 0x01,
  0x00, 0x08, 0x00, 0x09, 0x00, 0x00, 0x00, 0x05, 0xe8, 0xe8, 0x60, 0x60,
  0x00, 0x46, 0x81, 0x87, 0x80, 0x01, 0x00, 0x08, 0x00, 0x07, 0x00, 0x00,
  0x00, 0x80, 0x02, 0xe8, 0x00, 0x46, 0x81, 0x85, 0x80, 0x01, 0x00, 0x08,
  0x00, 0x07, 0x00, 0x00, 0x00, 0x80, 0x02, 0xe2, 0x00, 0x46, 0x81, 0x85,
  0x80, 0x01, 0x00, 0x08, 0x00, 0x3a, 0x00, 0x00, 0x00, 0x1d, 0x4a, 0x37,
  0x1a, 0x1a, 0x1a, 0x37, 0x4a, 0x5c, 0x7a, 0x7a, 0x7a, 0x5c, 0xfb, 0xe7,
  0xcb, 0xcb, 0xcb, 0xe7, 0xfb, 0x0e, 0x2b, 0x2b, 0x2b, 0x0e, 0xe8, 0xe8,
  0x60, 0x60, 0x00, 0x46, 0x81, 0x17, 0xc3, 0xc3, 0xe0, 0xf3, 0x05, 0x23,
  0x23, 0x23, 0x05, 0xf3, 0xe0, 0xc3, 0xc3, 0xc3, 0xdf, 0xf3, 0x06, 0x23,
  0x23, 0x23, 0x06, 0xf3, 0xdf, 0xc3, 0x87, 0x00, 0x80, 0x01, 0x00, 0x08,
  0x00, 0x07, 0x00, 0x00, 0x00, 0x80, 0x02, 0xe7, 0x00, 0x46, 0x81, 0x85,
  0x80, 0x01, 0x00, 0x08, 0x00, 0x07, 0x00, 0x00, 0x00, 0x80, 0x02, 0x38,
  0x00, 0x46, 0x81, 0x85, 0x80, 0x01, 0x00, 0x08, 0x00, 0x07, 0x00, 0x00,
  0x00, 0x80, 0x02, 0x23, 0x00, 0x46, 0x81, 0x85, 0x80, 0x01, 0x00, 0x08,
  0x00, 0x08, 0x00, 0x00, 0x00, 0x80, 0x03, 0xe7, 0x4d, 0x00, 0x46, 0x81,
  0x86, 0x00, 0x80, 0x01, 0x00, 0x08, 0x00, 0x08, 0x00, 0x00, 0x00, 0x80,
  0x03, 0xe7, 0x46, 0x00, 0x79, 0x81, 0x86, 0x00, 0x80, 0x01, 0x00, 0x08,
  0x00, 0x39, 0x00, 0x00, 0x00, 0x10, 0x0d, 0xf3, 0xce, 0xce, 0xce, 0xf3,
  0x0d, 0x26, 0x4c, 0x4c, 0x4c, 0x26, 0x0d, 0xe1, 0xec, 0x20, 0x0f, 0x81,
  0x08, 0xd1, 0xd1, 0xd1, 0x49, 0x49, 0x49, 0x25, 0x00, 0x33, 0x81, 0x0b,
  0xa6, 0xa6, 0xcb, 0xe5, 0xfe, 0x24, 0x24, 0x24, 0xfe, 0xe5, 0xcb, 0xa6,
  0x81, 0x06, 0x0b, 0x6d, 0x70, 0x71, 0x71, 0x71, 0x38, 0x81, 0x01, 0x2a,
  0x1b, 0x84, 0x80, 0x01, 0x00, 0x08, 0x00, 0x20, 0x00, 0x00, 0x00, 0x04,
  0x0d, 0xe1, 0xec, 0x20, 0x0f, 0x81, 0x08, 0xd1, 0xd1, 0xd1, 0x49, 0x49,
  0x49, 0x25, 0x00, 0x30, 0x81, 0x81, 0x06, 0x0b, 0x6d, 0x70, 0x71, 0x71,
  0x71, 0x38, 0x81, 0x01, 0x2a, 0x1b, 0x84, 0x00, 0x80, 0x01, 0x00, 0x08,
  0x00, 0x07, 0x00, 0x00, 0x00, 0x80, 0x02, 0xd2, 0x00, 0x30, 0x81, 0x85,
  0x80, 0x01, 0x00, 0x08, 0x00, 0x07, 0x00, 0x00, 0x00, 0x80, 0x02, 0xcc,
  0x00, 0x30, 0x81, 0x85, 0x80, 0x01, 0x00, 0x08, 0x00, 0x1b, 0x00, 0x00,
  0x00, 0x0d, 0xe2, 0xe2, 0x5a, 0x5a, 0xf7, 0x7b, 0x75, 0x6f, 0xed, 0x2d,
  0x5a, 0x5a, 0x00, 0x79, 0x81, 0x82, 0x00, 0x5d, 0x81, 0x00, 0xe7, 0x81,
  0x01, 0x90, 0xbd, 0x84, 0x80, 0x01, 0x00, 0x08, 0x00, 0x07, 0x00, 0x00,
  0x00, 0x80, 0x02, 0xf3, 0x00, 0x79, 0x81, 0x85, 0x80, 0x01, 0x00, 0x08,
  0x00, 0x09, 0x00, 0x00, 0x00, 0x05, 0xe2, 0xe2, 0x5a, 0x5a, 0x00, 0x3c,
  0x81, 0x87, 0x80, 0x01, 0x00, 0x08, 0x00, 0x06, 0x00, 0x00, 0x02, 0x01,
  0x01, 0x02, 0x01, 0xe3, 0x3c, 0x01, 0x1e, 0x00, 0x80, 0x01, 0x00, 0x08,
  0x00, 0x07, 0x00, 0x00, 0x00, 0x80, 0x02, 0x5a, 0x00, 0x3c, 0x81, 0x85,
  0x80, 0x01, 0x00, 0x08, 0x00, 0x07, 0x00, 0x00, 0x00, 0x80, 0x02, 0xe3,
  0x00, 0x3c, 0x81, 0x85, 0x80, 0x01, 0x00, 0x08, 0x00, 0x12, 0x00, 0x00,
  0x00, 0x09, 0xec, 0xec, 0x1e, 0x1e, 0xca, 0xca, 0x42, 0x42, 0x00, 0x0a,
  0x81, 0x03, 0xbf, 0x0f, 0x36, 0xe6, 0x87, 0x00, 0x80, 0x01, 0x00, 0x08,
  0x00, 0x48, 0x00, 0x00, 0x00, 0x26, 0xe2, 0xe2, 0x54, 0x58, 0x59, 0x56,
  0x4f, 0x52, 0x4c, 0x4c, 0x4f, 0x4d, 0x44, 0x4e, 0x43, 0x44, 0x44, 0xcc,
  0xcc, 0xcc, 0xe2, 0x03, 0x15, 0x2e, 0x4f, 0x4f, 0x4f, 0xd7, 0xd7, 0xd7,
  0xed, 0x0e, 0x20, 0x39, 0x5a, 0x5a, 0x5a, 0x00, 0x30, 0x81, 0x82, 0x01,
  0x0b, 0x06, 0x82, 0x02, 0x08, 0x10, 0x09, 0x82, 0x00, 0x02, 0x83, 0x06,
  0xca, 0x99, 0x8e, 0x8f, 0x91, 0xd4, 0x09, 0x82, 0x06, 0xca, 0x99, 0x8e,
  0x8f, 0x91, 0xd4, 0x09, 0x84, 0x00, 0x80, 0x01, 0x00, 0x08, 0x00, 0x2d,
  0x00, 0x00, 0x00, 0x17, 0xe2, 0xe2, 0x54, 0x58, 0x57, 0x4b, 0x3d, 0x40,
  0x37, 0x2b, 0x2c, 0x2c, 0xb4, 0xb4, 0xb4, 0xce, 0xf8, 0x0f, 0x30, 0x5a,
  0x5a, 0x5a, 0x00, 0x18, 0x81, 0x82, 0x01, 0x11, 0x08, 0x82, 0x02, 0xfe,
  0x00, 0x07, 0x82, 0x06, 0xca, 0x99, 0x8e, 0x8f, 0x91, 0xd4, 0x09, 0x84,
  0x80, 0x01, 0x00, 0x08, 0x00, 0x07, 0x00, 0x00, 0x00, 0x80, 0x02, 0xcc,
  0x00, 0x18, 0x81, 0x85, 0x80, 0x01, 0x00, 0x08, 0x00, 0x07, 0x00, 0x00,
  0x00, 0x80, 0x02, 0xd0, 0x00, 0x18, 0x81, 0x85, 0x80, 0x01, 0x00, 0x08,
  0x00, 0x07, 0x00, 0x00, 0x00, 0x80, 0x02, 0xcc, 0x00, 0x18, 0x81, 0x85,
  0x80, 0x01, 0x00, 0x08, 0x00, 0x07, 0x00, 0x00, 0x00, 0x80, 0x02, 0xf0,
  0x00, 0x18, 0x81, 0x85, 0x80, 0x01, 0x00, 0x08, 0x00, 0x41, 0x00, 0x00,
  0x00, 0x21, 0xf0, 0xc4, 0xcf, 0x03, 0xf2, 0xe3, 0xe3, 0xb4, 0xb4, 0xb4,
  0xb4, 0xce, 0xf8, 0x0f, 0x30, 0x5a, 0x5a, 0x5a, 0xe2, 0xe2, 0x54, 0x58,
  0x57, 0x4b, 0x3d, 0x40, 0x37, 0x2b, 0x2c, 0x2c, 0x2c, 0x08, 0x00, 0x18,
  0x81, 0x81, 0x0e, 0x0b, 0x6d, 0x70, 0x71, 0x71, 0x71, 0x38, 0x00, 0xca,
  0x99, 0x8e, 0x8f, 0x91, 0xd4, 0x09, 0x83, 0x01, 0x11, 0x08, 0x82, 0x04,
  0xfe, 0x00, 0x07, 0x2a, 0x1b, 0x84, 0x80, 0x01, 0x00, 0x08, 0x00, 0x12,
  0x00, 0x00, 0x09, 0x08, 0x03, 0x07, 0x02, 0x04, 0x04, 0x05, 0x04, 0x01,
  0x03, 0x08, 0xe7, 0x16, 0x1d, 0x02, 0xa0, 0x1f, 0x64, 0x4a, 0x04, 0x82,
  0x05, 0x6f, 0x00, 0x91, 0x21, 0x53, 0x00, 0x00, 0x80, 0x01, 0x00, 0x08,
  0x00, 0x07, 0x00, 0x00, 0x00, 0x80, 0x02, 0xc1, 0x00, 0x04, 0x81, 0x85,
  0x80, 0x01, 0x00, 0x08, 0x00, 0x07, 0x00, 0x00, 0x00, 0x80, 0x02, 0xbb,
  0x00, 0x04, 0x81, 0x85, 0x80, 0x01, 0x00, 0x08, 0x00, 0x09, 0x00, 0x00,
  0x00, 0x80, 0x40, 0xff, 0x6b, 0x80, 0x00, 0x04, 0x81, 0x85, 0x80, 0x01,
  0x00, 0x08, 0x00, 0x07, 0x00, 0x00, 0x00, 0x80, 0x02, 0x11, 0x00, 0x04,
  0x81, 0x85, 0x80, 0x01, 0x00, 0x08, 0x00, 0x07, 0x00, 0x00, 0x00, 0x80,
  0x02, 0xcc, 0x00, 0x04, 0x81, 0x85, 0x80, 0x01, 0x00, 0x08, 0x00, 0x07,
  0x00, 0x00, 0x00, 0x80, 0x02, 0xfc, 0x00, 0x04, 0x81, 0x85, 0x80, 0x01,
  0x00, 0x08, 0x00, 0x16, 0x00, 0x00, 0x0d, 0x0c, 0x00, 0x01, 0x01, 0x01,
  0x04, 0x07, 0x02, 0x04, 0x04, 0x05, 0x04, 0x01, 0x03, 0x0c, 0xe7, 0xd6,
  0x18, 0x29, 0xe3, 0x12, 0x19, 0xfe, 0x9c, 0x1b, 0x60, 0x46, 0xff, 0x86,
  0x05, 0x6f, 0x00, 0x91, 0x21, 0x53, 0x00, 0x00, 0x80, 0x01, 0x00, 0x08,
  0x00, 0x07, 0x00, 0x00, 0x00, 0x80, 0x02, 0xe5, 0x00, 0x04, 0x81, 0x85,
  0x80, 0x01, 0x00, 0x08, 0x00, 0x07, 0x00, 0x00, 0x00, 0x80, 0x02, 0x03,
  0x00, 0x1a, 0x81, 0x85, 0x80, 0x01, 0x00, 0x08, 0x00, 0x2b, 0x00, 0x00,
  0x16, 0x15, 0x00, 0x02, 0x01, 0x01, 0x01, 0x01, 0x01, 0x01, 0x01, 0x02,
  0x01, 0x01, 0x01, 0x01, 0x01, 0x01, 0x02, 0x02, 0x03, 0x03, 0x05, 0x04,
  0x15, 0xe2, 0x54, 0x56, 0x50, 0x3b, 0x30, 0x35, 0x34, 0x30, 0x30, 0x34,
  0x35, 0x30, 0x3c, 0x54, 0x5a, 0x0c, 0xc7, 0xb0, 0x0c, 0x5a, 0x17, 0x81,
  0x01, 0x22, 0x14, 0x82, 0x03, 0x05, 0x06, 0xfa, 0xfb, 0x82, 0x07, 0xea,
  0xd9, 0x70, 0x54, 0xdf, 0x8f, 0x21, 0x00, 0x00, 0x80, 0x01, 0x00, 0x08,
  0x00, 0x2b, 0x00, 0x00, 0x16, 0x15, 0x00, 0x02, 0x01, 0x01, 0x01, 0x01,
  0x01, 0x01, 0x01, 0x02, 0x01, 0x01, 0x01, 0x01, 0x01, 0x01, 0x02, 0x02,
  0x03, 0x03, 0x05, 0x04, 0x15, 0xe2, 0x5a, 0x5a, 0x54, 0x3c, 0x30, 0x35,
  0x34, 0x30, 0x30, 0x34, 0x35, 0x30, 0x3c, 0x54, 0x5a, 0x0c, 0xc7, 0xb0,
  0x0c, 0x5a, 0x17, 0x81, 0x01, 0x27, 0x17, 0x82, 0x03, 0x05, 0x06, 0xfa,
  0xfb, 0x82, 0x07, 0xea, 0xd9, 0x70, 0x54, 0xdf, 0x8f, 0x21, 0x00, 0x00,
  0x80, 0x01, 0x00, 0x08, 0x00, 0x49, 0x00, 0x00, 0x00, 0x24, 0xbd, 0xbd,
  0xc3, 0xdb, 0xe7, 0xe2, 0xe3, 0xe7, 0xe7, 0xe7, 0xe3, 0xe2, 0xe7, 0xdd,
  0xc7, 0xc1, 0xc4, 0x35, 0x35, 0x0b, 0xf4, 0xd1, 0xbd, 0xbd, 0xbd, 0xd1,
  0xf4, 0x0b, 0x27, 0x51, 0x68, 0x67, 0x68, 0x50, 0x27, 0x00, 0x21, 0x81,
  0x80, 0x01, 0xd9, 0xea, 0x82, 0x04, 0xfb, 0xfa, 0x00, 0x06, 0x05, 0x82,
  0x01, 0x13, 0x21, 0x82, 0x0f, 0x70, 0x70, 0x54, 0x21, 0x00, 0xdf, 0xac,
  0x8f, 0x8f, 0x8f, 0xac, 0xdf, 0x00, 0x21, 0x54, 0x70, 0x83, 0x80, 0x01,
  0x00, 0x08, 0x00, 0x1d, 0x00, 0x00, 0x00, 0x0e, 0xe2, 0xe2, 0x5a, 0x5a,
  0x5d, 0x5c, 0x5a, 0x5a, 0x57, 0x57, 0x5a, 0x5a, 0x5a, 0x00, 0x5f, 0x81,
  0x82, 0x01, 0xfa, 0xfa, 0x81, 0x04, 0x87, 0x87, 0x95, 0xbc, 0xe3, 0x84,
  0x80, 0x01, 0x00, 0x08, 0x00, 0x07, 0x00, 0x00, 0x00, 0x80, 0x02, 0xe6,
  0x00, 0x5f, 0x81, 0x85, 0x80, 0x01, 0x00, 0x08, 0x00, 0x07, 0x00, 0x00,
  0x00, 0x80, 0x02, 0xea, 0x00, 0x5f, 0x81, 0x85, 0x80, 0x01, 0x00, 0x08,
  0x00, 0x07, 0x00, 0x00, 0x00, 0x80, 0x02, 0xea, 0x00, 0x5f, 0x81, 0x85,
  0x80, 0x02, 0x00, 0x14, 0x00, 0x59, 0x40, 0x01, 0x00, 0x00, 0x40, 0x00,
  0x00, 0x5b, 0x40, 0x00, 0x26, 0x66, 0x40, 0x00, 0x00, 0x2b, 0xff, 0x08,
  0x06, 0xf9, 0xf1, 0x2c, 0x2a, 0x13, 0x0a, 0xf6, 0xd0, 0xd0, 0xd0, 0xe9,
  0x05, 0x08, 0x03, 0xf9, 0xf9, 0xf9, 0x01, 0x00, 0x04, 0x10, 0x19, 0x18,
  0xe1, 0xea, 0xf2, 0x09, 0x23, 0x43, 0x43, 0x43, 0x2e, 0x17, 0x2d, 0x2d,
  0x23, 0x19, 0x19, 0x19, 0x12, 0x06, 0x83, 0x81, 0x11, 0xfb, 0xfc, 0x07,
  0x27, 0x34, 0x3e, 0x3e, 0x3e, 0x25, 0x0f, 0xfd, 0xe0, 0xd8, 0xd7, 0xd8,
  0xe6, 0xf1, 0xf9, 0x82, 0x13, 0xfd, 0xf9, 0xf8, 0xdd, 0xca, 0xc3, 0xc3,
  0xc3, 0xd9, 0xee, 0xf7, 0x11, 0x18, 0x13, 0x13, 0x0b, 0x04, 0x08, 0x08,
  0x04, 0x84, 0x2d, 0xf5, 0xfc, 0xf8, 0xee, 0xec, 0x45, 0x3f, 0x1c, 0x00,
  0xdb, 0xa5, 0xa5, 0xa5, 0xbf, 0xd7, 0xdf, 0xdf, 0xe4, 0xe4, 0xe4, 0xfa,
  0xff, 0x0f, 0x1b, 0x1e, 0x20, 0xcb, 0xd4, 0xf1, 0x0b, 0x2f, 0x59, 0x59,
  0x59, 0x45, 0x32, 0x30, 0x2d, 0x2c, 0x2d, 0x2d, 0x2d, 0x21, 0x08, 0x00,
  0x19, 0x81, 0x81, 0x11, 0xfa, 0xf7, 0xfe, 0x22, 0x2c, 0x4a, 0x4a, 0x4a,
  0x2c, 0x11, 0xfb, 0xe0, 0xd9, 0xd6, 0xd5, 0xe4, 0xf1, 0xf9, 0x82, 0x13,
  0xfc, 0xf6, 0xf4, 0xd6, 0xc3, 0xb5, 0xb5, 0xb5, 0xd2, 0xf0, 0xfa, 0x14,
  0x19, 0x1a, 0x1b, 0x1b, 0x13, 0x0b, 0x07, 0x03, 0x84, 0x00, 0x80, 0x01,
  0x00, 0x08, 0x00, 0x07, 0x00, 0x00, 0x00, 0x80, 0x02, 0xc4, 0x00, 0x19,
  0x81, 0x85, 0x80, 0x01, 0x00, 0x08, 0x00, 0x07, 0x00, 0x00, 0x00, 0x80,
  0x02, 0xc8, 0x00, 0x19, 0x81, 0x85, 0x80, 0x01, 0x00, 0x08, 0x00, 0x06,
  0x00, 0x00, 0x02, 0x01, 0x01, 0x02, 0x01, 0xf2, 0x19, 0x01, 0x01, 0x00,
  0x80, 0x01, 0x00, 0x08, 0x00, 0x07, 0x00, 0x00, 0x00, 0x80, 0x02, 0xbe,
  0x00, 0x19, 0x81, 0x85, 0x80, 0x01, 0x00, 0x08, 0x00, 0x06, 0x00, 0x00,
  0x02, 0x01, 0x01, 0x02, 0x01, 0xc4, 0x19, 0x01, 0x01, 0x00, 0x80, 0x01,
  0x00, 0x08, 0x00, 0x59, 0x00, 0x00, 0x00, 0x2c, 0xe2, 0xe2, 0xe2, 0xee,
  0x07, 0x19, 0x28, 0x3e, 0x4a, 0x4a, 0x4a, 0x5f, 0x71, 0x64, 0x4f, 0x4f,
  0x4f, 0x48, 0x40, 0x41, 0x37, 0x37, 0x2b, 0x03, 0xd8, 0xd8, 0xd8, 0x01,
  0x28, 0x32, 0x32, 0x3a, 0x0c, 0xe1, 0xd5, 0xd5, 0xd5, 0xf8, 0x17, 0x30,
  0x56, 0x56, 0x56, 0x00, 0x36, 0x81, 0x80, 0x02, 0xd5, 0xed, 0xff, 0x82,
  0x0a, 0x04, 0xfc, 0xea, 0x06, 0x19, 0x12, 0x11, 0x16, 0x13, 0x0c, 0x03,
  0x82, 0x14, 0x68, 0x68, 0x68, 0x4a, 0x26, 0xff, 0xd6, 0xd6, 0xd6, 0x2e,
  0x2e, 0x2e, 0x1e, 0x01, 0xed, 0xcf, 0xa2, 0xa2, 0xa2, 0xc4, 0xd5, 0x84,
  0x80, 0x01, 0x00, 0x08, 0x00, 0x30, 0x00, 0x00, 0x00, 0x19, 0x0c, 0xf4,
  0xe8, 0xe8, 0xe8, 0xf6, 0xf6, 0xe8, 0xe8, 0x60, 0x60, 0x28, 0x28, 0x60,
  0x60, 0x60, 0x42, 0x2c, 0x28, 0x29, 0x1a, 0x3e, 0x42, 0x1c, 0x00, 0x39,
  0x81, 0x81, 0x03, 0x0f, 0x1e, 0xa1, 0xa1, 0x85, 0x0a, 0xa1, 0xa1, 0x4f,
  0x5b, 0x70, 0x70, 0x70, 0x73, 0x69, 0x1b, 0x17, 0x84, 0x00, 0x80, 0x01,
  0x00, 0x08, 0x00, 0x3c, 0x00, 0x00, 0x00, 0x1a, 0x0c, 0xf4, 0xe8, 0xe8,
  0xe8, 0xf6, 0xf6, 0xe8, 0xe8, 0x60, 0x60, 0x28, 0x28, 0x60, 0x60, 0x60,
  0x42, 0x2c, 0x28, 0x29, 0x1a, 0x3e, 0x42, 0x1c, 0x3b, 0x1b, 0x6a, 0x40,
  0x00, 0x85, 0x80, 0x00, 0x56, 0x81, 0x81, 0x03, 0x0f, 0x1e, 0xa1, 0xa1,
  0x85, 0x0f, 0xa1, 0xa1, 0x4f, 0x5b, 0x70, 0x70, 0x70, 0x73, 0x69, 0x1b,
  0x17, 0x00, 0x1c, 0xe7, 0xe7, 0x1c, 0x83, 0x00, 0x80, 0x01, 0x00, 0x08,
  0x00, 0x07, 0x00, 0x00, 0x00, 0x80, 0x02, 0xd3, 0x00, 0x39, 0x81, 0x85,
  0x80, 0x01, 0x00, 0x08, 0x00, 0x2d, 0x00, 0x00, 0x00, 0x17, 0xdb, 0xd7,
  0xe0, 0xec, 0xec, 0xec, 0x64, 0x64, 0x64, 0x4a, 0x1f, 0x09, 0xe8, 0xbe,
  0xbe, 0xbe, 0x36, 0x36, 0xc4, 0xc0, 0xc1, 0xcd, 0x00, 0x18, 0x81, 0x81,
  0x02, 0x02, 0xff, 0xf9, 0x82, 0x06, 0x37, 0x67, 0x72, 0x71, 0x70, 0x2d,
  0xf7, 0x83, 0x01, 0xef, 0xf7, 0x84, 0x80, 0x01, 0x00, 0x08, 0x00, 0x07,
  0x00, 0x00, 0x00, 0x80, 0x02, 0xce, 0x00, 0x18, 0x81, 0x85, 0x80, 0x01,
  0x00, 0x08, 0x00, 0x07, 0x00, 0x00, 0x00, 0x80, 0x02, 0xe2, 0x00, 0x18,
  0x81, 0x85, 0x80, 0x01, 0x00, 0x08, 0x00, 0x07, 0x00, 0x00, 0x00, 0x80,
  0x02, 0xc8, 0x00, 0x18, 0x81, 0x85, 0x80, 0x01, 0x00, 0x08, 0x00, 0x09,
  0x00, 0x00, 0x00, 0x80, 0x40, 0xff, 0x78, 0x80, 0x00, 0x18, 0x81, 0x85,
  0x80, 0x01, 0x00, 0x08, 0x00, 0x07, 0x00, 0x00, 0x00, 0x80, 0x02, 0x1e,
  0x00, 0x18, 0x81, 0x85, 0x80, 0x01, 0x00, 0x08, 0x00, 0x07, 0x00, 0x00,
  0x00, 0x80, 0x02, 0xd9, 0x00, 0x18, 0x81, 0x85, 0x80, 0x01, 0x00, 0x08,
  0x00, 0x07, 0x00, 0x00, 0x00, 0x80, 0x02, 0x09, 0x00, 0x18, 0x81, 0x85,
  0x80, 0x01, 0x00, 0x08, 0x00, 0x07, 0x00, 0x00, 0x00, 0x80, 0x02, 0x23,
  0x00, 0x18, 0x81, 0x85, 0x80, 0x01, 0x00, 0x08, 0x00, 0x07, 0x00, 0x00,
  0x00, 0x80, 0x02, 0xe1, 0x00, 0x18, 0x81, 0x85, 0x80, 0x01, 0x00, 0x08,
  0x00, 0x10, 0x00, 0x00, 0x00, 0x08, 0xf1, 0xfb, 0x77, 0x2a, 0xde, 0x59,
  0x63, 0x00, 0x54, 0x81, 0x82, 0x40, 0x00, 0x87, 0x86, 0x00, 0x80, 0x01,
  0x00, 0x08, 0x00, 0x1c, 0x00, 0x00, 0x00, 0x81, 0x0c, 0x7c, 0x3e, 0x00,
  0x75, 0x35, 0xfb, 0x77, 0x76, 0x03, 0x3a, 0x72, 0x00, 0x77, 0x81, 0x82,
  0x40, 0x00, 0x97, 0x81, 0x40, 0x00, 0x9d, 0x83, 0x00, 0x84, 0x84, 0x00,
  0x80, 0x01, 0x00, 0x08, 0x00, 0x05, 0x00, 0x00, 0x00, 0x82, 0x00, 0x77,
  0x81, 0x85, 0x80, 0x01, 0x00, 0x08, 0x00, 0x07, 0x00, 0x00, 0x00, 0x80,
  0x02, 0xfa, 0x00, 0x77, 0x81, 0x85, 0x80, 0x01, 0x00, 0x08, 0x00, 0x07,
  0x00, 0x00, 0x00, 0x80, 0x02, 0xaa, 0x00, 0x77, 0x81, 0x85, 0x80, 0x01,
  0x00, 0x08, 0x00, 0x07, 0x00, 0x00, 0x00, 0x80, 0x02, 0x50, 0x00, 0x77,
  0x81, 0x85, 0x80, 0x01, 0x00, 0x08, 0x00, 0x23, 0x00, 0x00, 0x00, 0x80,
  0x01, 0x04, 0x00, 0x40, 0x00, 0x8c, 0x01, 0x46, 0x00, 0x42, 0x00, 0x8c,
  0x00, 0x87, 0x00, 0x8c, 0x80, 0x00, 0x46, 0x40, 0x00, 0x8c, 0x80, 0x40,
  0x00, 0x8c, 0x81, 0x83, 0x00, 0x63, 0x84, 0x00, 0x9e, 0x84, 0x80, 0x01,
  0x00, 0x08, 0x00, 0x34, 0x00, 0x00, 0x00, 0x10, 0x61, 0x4e, 0x2c, 0x32,
  0x5f, 0x50, 0x45, 0x46, 0x39, 0x31, 0x2d, 0x0d, 0xf5, 0x7f, 0x3f, 0xf4,
  0x7d, 0x42, 0x00, 0x9b, 0x00, 0x96, 0x00, 0x8b, 0x02, 0x77, 0x00, 0x73,
  0x81, 0x81, 0x09, 0x0f, 0x12, 0x70, 0x71, 0x70, 0x70, 0x70, 0x60, 0x57,
  0x0a, 0x81, 0x40, 0x00, 0x8b, 0x81, 0x02, 0x3e, 0x30, 0x13, 0x84, 0x00,
  0x80, 0x01, 0x00, 0x08, 0x00, 0x07, 0x00, 0x00, 0x00, 0x80, 0x02, 0xff,
  0x00, 0x73, 0x81, 0x85, 0x80, 0x01, 0x00, 0x08, 0x00, 0x07, 0x00, 0x00,
  0x00, 0x80, 0x02, 0xf9, 0x00, 0x73, 0x81, 0x85, 0x80, 0x01, 0x00, 0x08,
  0x00, 0x07, 0x00, 0x00, 0x00, 0x80, 0x02, 0xa9, 0x00, 0x73, 0x81, 0x85,
  0x80, 0x01, 0x00, 0x08, 0x00, 0x07, 0x00, 0x00, 0x00, 0x80, 0x02, 0x4f,
  0x00, 0x73, 0x81, 0x85, 0x80, 0x01, 0x00, 0x08, 0x00, 0x12, 0x00, 0x00,
  0x07, 0x06, 0x01, 0x01, 0x02, 0x02, 0x01, 0x02, 0x02, 0x00, 0xe2, 0x40,
  0xff, 0x72, 0x04, 0xe2, 0x00, 0x71, 0xfd, 0xdf, 0x04, 0x49, 0xa6, 0x00,
  0xb4, 0x59, 0x81, 0x00, 0x80, 0x01, 0x00, 0x08, 0x00, 0x07, 0x00, 0x00,
  0x00, 0x80, 0x02, 0xb6, 0x00, 0xdf, 0x81, 0x85, 0x80, 0x01, 0x00, 0x08,
  0x00, 0x07, 0x00, 0x00, 0x00, 0x80, 0x02, 0xba, 0x00, 0xdf, 0x81, 0x85,
  0x80, 0x01, 0x00, 0x08, 0x00, 0x07, 0x00, 0x00, 0x00, 0x80, 0x02, 0xb5,
  0x00, 0xdf, 0x81, 0x85, 0x80, 0x01, 0x00, 0x08, 0x00, 0x4a, 0x00, 0x00,
  0x00, 0x25, 0xe7, 0xe2, 0xe3, 0xe7, 0xe7, 0xe7, 0xe3, 0xe2, 0xe7, 0xda,
  0xc2, 0xbc, 0xbc, 0x34, 0x34, 0xc2, 0xc0, 0xc6, 0xdc, 0x0b, 0xf2, 0xcc,
  0xb9, 0xbc, 0xbc, 0xb9, 0xcc, 0xf1, 0x0b, 0x27, 0x51, 0x68, 0x67, 0x68,
  0x50, 0x27, 0x00, 0x16, 0x81, 0x81, 0x04, 0xfb, 0xfa, 0x00, 0x06, 0x05,
  0x82, 0x01, 0x17, 0x28, 0x83, 0x13, 0xdd, 0xec, 0x00, 0x70, 0x70, 0x4f,
  0x16, 0xf1, 0x10, 0xea, 0xb0, 0x8f, 0x8f, 0x8f, 0xac, 0xdf, 0x00, 0x21,
  0x54, 0x70, 0x83, 0x00, 0x80, 0x01, 0x00, 0x08, 0x00, 0x07, 0x00, 0x00,
  0x00, 0x80, 0x02, 0xcb, 0x00, 0x16, 0x81, 0x85, 0x80, 0x01, 0x00, 0x08,
  0x00, 0x07, 0x00, 0x00, 0x00, 0x80, 0x02, 0xdf, 0x00, 0x16, 0x81, 0x85,
  0x80, 0x01, 0x00, 0x08, 0x00, 0x07, 0x00, 0x00, 0x00, 0x80, 0x02, 0xcf,
  0x00, 0x16, 0x81, 0x85, 0x80, 0x01, 0x00, 0x08, 0x00, 0x07, 0x00, 0x00,
  0x00, 0x80, 0x02, 0xc5, 0x00, 0x16, 0x81, 0x85, 0x80, 0x01, 0x00, 0x08,
  0x00, 0x09, 0x00, 0x00, 0x00, 0x80, 0x40, 0xff, 0x75, 0x80, 0x00, 0x16,
  0x81, 0x85, 0x80, 0x01, 0x00, 0x08, 0x00, 0x07, 0x00, 0x00, 0x00, 0x80,
  0x02, 0x1b, 0x00, 0x16, 0x81, 0x85, 0x80, 0x01, 0x00, 0x08, 0x00, 0x07,
  0x00, 0x00, 0x00, 0x80, 0x02, 0x06, 0x00, 0x16, 0x81, 0x85, 0x80, 0x01,
  0x00, 0x08, 0x00, 0x07, 0x00, 0x00, 0x00, 0x80, 0x02, 0x21, 0x00, 0x16,
  0x81, 0x85, 0x80, 0x01, 0x00, 0x08, 0x00, 0x07, 0x00, 0x00, 0x00, 0x80,
  0x02, 0xde, 0x00, 0x16, 0x81, 0x85, 0x80, 0x01, 0x00, 0x08, 0x00, 0x07,
  0x00, 0x00, 0x00, 0x80, 0x02, 0xef, 0x00, 0x16, 0x81, 0x85, 0x80, 0x01,
  0x00, 0x08, 0x00, 0x24, 0x00, 0x00, 0x00, 0x11, 0x11, 0xf4, 0xe2, 0xe2,
  0xe2, 0x5a, 0x5a, 0x5a, 0x43, 0x33, 0x2c, 0x26, 0x14, 0x38, 0x3e, 0x1e,
  0x00, 0x33, 0x81, 0x81, 0x01, 0x0f, 0x1e, 0x81, 0x08, 0x4f, 0x5e, 0x75,
  0x75, 0x75, 0x75, 0x69, 0x1b, 0x17, 0x84, 0x00, 0x80, 0x01, 0x00, 0x08,
  0x00, 0x06, 0x00, 0x00, 0x02, 0x01, 0x01, 0x02, 0x01, 0xe3, 0x33, 0x01,
  0x1e, 0x00, 0x80, 0x01, 0x00, 0x08, 0x00, 0x07, 0x00, 0x00, 0x00, 0x80,
  0x02, 0x5a, 0x00, 0x33, 0x81, 0x85, 0x80, 0x01, 0x00, 0x08, 0x00, 0x07,
  0x00, 0x00, 0x00, 0x80, 0x02, 0x82, 0x00, 0x33, 0x81, 0x85, 0x80, 0x01,
  0x00, 0x08, 0x00, 0x2d, 0x00, 0x00, 0x00, 0x15, 0xec, 0xec, 0x1e, 0x1e,
  0xf9, 0xdc, 0xca, 0xca, 0xca, 0x42, 0x42, 0x42, 0x2b, 0x1b, 0x14, 0x0e,
  0xfc, 0x20, 0x26, 0x06, 0x00, 0x20, 0x81, 0x03, 0xbf, 0x0f, 0x36, 0xe6,
  0x81, 0x01, 0x0f, 0x1e, 0x81, 0x08, 0x4f, 0x5e, 0x75, 0x75, 0x75, 0x75,
  0x69, 0x1b, 0x17, 0x84, 0x80, 0x01, 0x00, 0x08, 0x00, 0x4f, 0x00, 0x00,
  0x00, 0x27, 0xe0, 0xe3, 0xe4, 0xee, 0xfb, 0xff, 0x0e, 0x20, 0x21, 0xed,
  0xef, 0xf6, 0x01, 0x0a, 0x1c, 0x1c, 0x1c, 0xed, 0xee, 0xef, 0xef, 0xef,
  0xef, 0xed, 0xd9, 0xd9, 0x0c, 0x2b, 0x2b, 0x2b, 0x17, 0x05, 0xf3, 0xdf,
  0xdf, 0xde, 0xde, 0xe6, 0x00, 0x0e, 0x81, 0x80, 0x09, 0xf5, 0xe6, 0xd9,
  0xd4, 0xd4, 0xd4, 0xdf, 0xe6, 0xf2, 0xf6, 0x82, 0x01, 0xfd, 0x07, 0x82,
  0x11, 0xfe, 0x00, 0x03, 0xfe, 0xfe, 0xfe, 0xe7, 0xe7, 0xe7, 0x02, 0x12,
  0x24, 0x24, 0x24, 0x0a, 0xf6, 0x00, 0xfd, 0x84, 0x80, 0x01, 0x00, 0x08,
  0x00, 0x14, 0x00, 0x00, 0x0b, 0x0a, 0x02, 0x03, 0x03, 0x01, 0x03, 0x03,
  0x01, 0x03, 0x02, 0x02, 0x05, 0x0a, 0xf3, 0xef, 0xfc, 0x03, 0x0a, 0xfd,
  0xe6, 0xcc, 0xfc, 0x2e, 0xf9, 0x84, 0x05, 0x38, 0x38, 0xe7, 0xc9, 0xe7,
  0x00, 0x00, 0x80, 0x01, 0x00, 0x08, 0x00, 0x17, 0x00, 0x00, 0x0d, 0x0c,
  0x00, 0x01, 0x01, 0x03, 0x03, 0x05, 0x05, 0x01, 0x05, 0x02, 0x03, 0x02,
  0x02, 0x0c, 0x08, 0xff, 0xef, 0xe7, 0x06, 0x2a, 0xca, 0xb6, 0x06, 0x46,
  0x5b, 0x21, 0x11, 0x85, 0x06, 0x52, 0x20, 0x94, 0xb0, 0x20, 0x6e, 0x00,
  0x80, 0x01, 0x00, 0x08, 0x00, 0x1d, 0x00, 0x00, 0x00, 0x0d, 0xcd, 0xcd,
  0xd5, 0xe0, 0xe2, 0xe2, 0xec, 0xea, 0xe1, 0xde, 0x3c, 0x3c, 0x00, 0x14,
  0x81, 0x80, 0x40, 0xff, 0x73, 0x06, 0x83, 0x9d, 0xa1, 0x0f, 0x0c, 0x0a,
  0x06, 0x86, 0x80, 0x01, 0x00, 0x08, 0x00, 0x55, 0x00, 0x00, 0x00, 0x1e,
  0xf1, 0xf1, 0xf1, 0x06, 0x25, 0x32, 0xd8, 0xcf, 0xd0, 0xd7, 0xd7, 0xd7,
  0xec, 0x0c, 0x1c, 0x35, 0x59, 0x70, 0x74, 0xf6, 0xf3, 0xfa, 0x0f, 0x22,
  0x34, 0x4a, 0x54, 0x54, 0x54, 0x38, 0x2f, 0x43, 0x00, 0x8f, 0x00, 0xa8,
  0x00, 0xac, 0x00, 0x9a, 0x03, 0x51, 0x51, 0x00, 0x2e, 0x81, 0x80, 0x22,
  0x48, 0x40, 0x49, 0x59, 0x5c, 0x10, 0x08, 0xf5, 0xe5, 0xdf, 0xcb, 0xa8,
  0x91, 0x91, 0x91, 0xa1, 0xba, 0xc7, 0xd8, 0xe3, 0xf6, 0x01, 0x01, 0x01,
  0xfb, 0xed, 0xe1, 0xc9, 0xc3, 0xc8, 0x18, 0x2e, 0x56, 0x68, 0x68, 0x84,
  0x80, 0x01, 0x00, 0x08, 0x00, 0x65, 0x00, 0x00, 0x00, 0x32, 0x1c, 0x04,
  0xdb, 0xc7, 0xd1, 0x53, 0x4b, 0x35, 0x1e, 0x14, 0xeb, 0xb6, 0xb6, 0xb6,
  0xe2, 0x1d, 0x33, 0xff, 0xff, 0x33, 0x0e, 0xc0, 0xc0, 0xc0, 0xd4, 0xfb,
  0x16, 0x26, 0x37, 0x46, 0x53, 0xce, 0xc2, 0xda, 0x06, 0x16, 0x1e, 0x2e,
  0x39, 0x39, 0x39, 0x35, 0x39, 0x33, 0x30, 0x30, 0x30, 0x24, 0x1a, 0x00,
  0x1c, 0x81, 0x81, 0x1f, 0x0f, 0x3a, 0x65, 0x61, 0x65, 0x66, 0x65, 0x65,
  0x65, 0x31, 0x0e, 0xea, 0xc5, 0xb7, 0xb7, 0xb7, 0x13, 0x13, 0x13, 0xf7,
  0xdb, 0xcc, 0xae, 0x9b, 0x9b, 0x9b, 0xa0, 0x9f, 0x94, 0x92, 0xba, 0xeb,
  0x82, 0x0a, 0xff, 0xf8, 0xee, 0xe9, 0xe8, 0xe8, 0xe5, 0xea, 0xf6, 0xf4,
  0xf9, 0x84, 0x80, 0x01, 0x00, 0x08, 0x00, 0x14, 0x00, 0x00, 0x09, 0x08,
  0x01, 0x02, 0x01, 0x02, 0x02, 0x02, 0x01, 0x02, 0x02, 0x08, 0xde, 0xd8,
  0xc4, 0x4d, 0x1d, 0x4d, 0x3f, 0xde, 0x1d, 0x08, 0xb6, 0x1a, 0x00, 0x18,
  0xb6, 0x00, 0x18, 0x8a, 0x00, 0x00, 0x80, 0x01, 0x00, 0x08, 0x00, 0x48,
  0x00, 0x00, 0x00, 0x23, 0x07, 0xf7, 0xda, 0xd0, 0xdd, 0x63, 0x42, 0x12,
  0xfa, 0xd2, 0xa0, 0xa0, 0xa0, 0xd0, 0xf4, 0x03, 0x30, 0x3e, 0xd2, 0xe6,
  0x19, 0x19, 0x46, 0x47, 0x44, 0x41, 0x47, 0x37, 0x29, 0x23, 0x23, 0x23,
  0x1c, 0x10, 0x00, 0x0f, 0x81, 0x81, 0x10, 0x11, 0x2b, 0x38, 0x35, 0x50,
  0x68, 0x68, 0x68, 0x36, 0x10, 0xe4, 0xb7, 0xb7, 0xb7, 0xc1, 0xcc, 0xe2,
  0x81, 0x0b, 0x92, 0x92, 0x10, 0x0c, 0x08, 0x07, 0x06, 0x0a, 0x15, 0x1b,
  0x13, 0x06, 0x84, 0x00, 0x80, 0x01, 0x00, 0x08, 0x00, 0x64, 0x00, 0x00,
  0x00, 0x31, 0x01, 0x05, 0x01, 0xf8, 0xee, 0xee, 0xee, 0xe5, 0xe3, 0xf8,
  0x15, 0x1d, 0x22, 0x25, 0xf5, 0xf6, 0xfe, 0x09, 0x41, 0x6a, 0x63, 0x4c,
  0x4b, 0x34, 0x27, 0x25, 0x22, 0x21, 0x21, 0x21, 0x1c, 0x0f, 0x02, 0xe7,
  0xbf, 0xa9, 0xa9, 0xa9, 0xbf, 0xe7, 0x02, 0x1d, 0x45, 0x5a, 0x5a, 0x5a,
  0x45, 0x1d, 0x00, 0x21, 0x81, 0x81, 0x06, 0xf8, 0xee, 0xe4, 0xe3, 0xce,
  0xd0, 0xe8, 0x82, 0x23, 0x01, 0x00, 0xa5, 0xa2, 0x99, 0x99, 0x99, 0xea,
  0x2c, 0x2e, 0x21, 0x14, 0x14, 0x14, 0x0b, 0x02, 0x01, 0x03, 0x02, 0x00,
  0x60, 0x60, 0x4c, 0x25, 0x0b, 0xf2, 0xce, 0xbb, 0xbb, 0xbb, 0xce, 0xf2,
  0x0b, 0x25, 0x4c, 0x60, 0x83, 0x00, 0x80, 0x01, 0x00, 0x08, 0x00, 0x16,
  0x00, 0x00, 0x00, 0x05, 0x1b, 0xa3, 0xec, 0xec, 0x2b, 0x2b, 0x40, 0x00,
  0xa1, 0x80, 0x00, 0x2b, 0x81, 0x80, 0x01, 0x90, 0x90, 0x81, 0x00, 0xb8,
  0x84, 0x00, 0x80, 0x01, 0x00, 0x08, 0x00, 0x40, 0x00, 0x00, 0x23, 0x22,
  0x01, 0x01, 0x02, 0x02, 0x01, 0x01, 0x02, 0x02, 0x01, 0x01, 0x01, 0x01,
  0x02, 0x02, 0x01, 0x01, 0x01, 0x02, 0x01, 0x01, 0x01, 0x02, 0x01, 0x03,
  0x01, 0x03, 0x02, 0x01, 0x03, 0x01, 0x04, 0x02, 0x01, 0x01, 0x02, 0x22,
  0xe9, 0xdf, 0xe2, 0xd6, 0xd7, 0xd5, 0xdb, 0xdd, 0xea, 0xfd, 0x0f, 0x1e,
  0x20, 0x25, 0x23, 0x23, 0x19, 0x19, 0x1c, 0x11, 0xfd, 0x9b, 0x9b, 0xfd,
  0x1b, 0x60, 0x47, 0x1b, 0xac, 0xac, 0x20, 0x4f, 0x4f, 0x20, 0xfb, 0x82,
  0x02, 0x03, 0x06, 0x07, 0x86, 0x03, 0x07, 0x06, 0x04, 0x01, 0x82, 0x0e,
  0x5e, 0x37, 0x17, 0xdb, 0xdb, 0x17, 0x4d, 0x5e, 0x06, 0xee, 0xa9, 0xee,
  0x06, 0x21, 0x00, 0x00, 0x80, 0x01, 0x00, 0x08, 0x00, 0x65, 0x00, 0x00,
  0x00, 0x1a, 0x20, 0x1b, 0x20, 0x29, 0x33, 0x33, 0x33, 0x3c, 0x3e, 0x29,
  0x0c, 0x05, 0x00, 0xfc, 0x2c, 0x2b, 0x23, 0x18, 0xe0, 0xb6, 0xbe, 0xd5,
  0xd6, 0xed, 0xfa, 0xfc, 0xff, 0x82, 0x13, 0x05, 0x13, 0x1f, 0x3a, 0x62,
  0x78, 0x78, 0x78, 0x62, 0x3a, 0x1f, 0x04, 0xdc, 0xc7, 0xc7, 0xc7, 0xdc,
  0x04, 0x00, 0x21, 0x81, 0x2f, 0xff, 0xff, 0x07, 0x11, 0x1b, 0x1c, 0x31,
  0x2f, 0x17, 0xff, 0xff, 0xff, 0xfe, 0xff, 0x5a, 0x5d, 0x66, 0x66, 0x66,
  0x15, 0xd3, 0xd1, 0xdf, 0xeb, 0xeb, 0xeb, 0xf4, 0xfd, 0xfe, 0xfc, 0xfd,
  0xff, 0x9f, 0x9f, 0xb3, 0xd9, 0xf4, 0x0e, 0x31, 0x44, 0x44, 0x44, 0x31,
  0x0e, 0xf4, 0xd9, 0xb3, 0x9f, 0x83, 0x80, 0x01, 0x00, 0x08, 0x00, 0x1f,
  0x00, 0x00, 0x11, 0x10, 0x00, 0x01, 0x01, 0x03, 0x03, 0x05, 0x05, 0x01,
  0x05, 0x02, 0x03, 0x02, 0x01, 0x01, 0x01, 0x01, 0x02, 0x10, 0x08, 0xff,
  0xef, 0xe7, 0x06, 0x2a, 0xca, 0xb6, 0x06, 0x46, 0x5b, 0x21, 0xdc, 0xbf,
  0x31, 0x43, 0x11, 0x85, 0x0a, 0x52, 0x20, 0x94, 0xb0, 0x20, 0x6e, 0xfb,
  0xe2, 0x11, 0x1d, 0x00, 0x80, 0x01, 0x00, 0x08, 0x00, 0x06, 0x00, 0x00,
  0x00, 0x02, 0x01, 0x00, 0x14, 0x81, 0x84, 0x00, 0x80, 0x01, 0x00, 0x08,
  0x00, 0x25, 0x00, 0x00, 0x00, 0x11, 0xed, 0xed, 0x39, 0x39, 0xd8, 0xd8,
  0xe0, 0xeb, 0xed, 0xed, 0xf7, 0xf5, 0xec, 0xe9, 0x47, 0x47, 0x00, 0x14,
  0x81, 0x80, 0x01, 0x69, 0x69, 0x81, 0x40, 0xff, 0x73, 0x06, 0x83, 0x9d,
  0xa1, 0x0f, 0x0c, 0x0a, 0x06, 0x86, 0x80, 0x01, 0x00, 0x08, 0x00, 0x06,
  0x00, 0x00, 0x00, 0x02, 0xf0, 0x00, 0x14, 0x81, 0x84, 0x00, 0x80, 0x01,
  0x00, 0x08, 0x00, 0x05, 0x00, 0x00, 0x00, 0x81, 0x00, 0x14, 0x81, 0x84,
  0x80, 0x01, 0x00, 0x08, 0x00, 0x1f, 0x00, 0x00, 0x00, 0x0f, 0x29, 0xd8,
  0xbf, 0xfa, 0xd8, 0xd8, 0x0b, 0x13, 0x13, 0xd8, 0xd8, 0xc0, 0x45, 0x45,
  0x00, 0x14, 0x81, 0x0a, 0xfa, 0x1a, 0x00, 0xbe, 0xb6, 0x1a, 0x18, 0x18,
  0xb6, 0x00, 0xcf, 0x86, 0x80, 0x01, 0x00, 0x08, 0x00, 0x06, 0x00, 0x00,
  0x00, 0x02, 0x02, 0x00, 0x14, 0x81, 0x84, 0x00, 0x80, 0x01, 0x00, 0x08,
  0x00, 0x06, 0x00, 0x00, 0x00, 0x02, 0xf9, 0x00, 0x14, 0x81, 0x84, 0x00,
  0x80, 0x01, 0x00, 0x08, 0x00, 0x06, 0x00, 0x00, 0x00, 0x02, 0xf5, 0x00,
  0x14, 0x81, 0x84, 0x00, 0x80, 0x01, 0x00, 0x08, 0x00, 0x06, 0x00, 0x00,
  0x00, 0x02, 0x0d, 0x00, 0x14, 0x81, 0x84, 0x00, 0x80, 0x01, 0x00, 0x08,
  0x00, 0x06, 0x00, 0x00, 0x00, 0x02, 0xfa, 0x00, 0x14, 0x81, 0x84, 0x00,
  0x80, 0x01, 0x00, 0x08, 0x00, 0x20, 0x00, 0x00, 0x11, 0x10, 0x00, 0x01,
  0x01, 0x01, 0x01, 0x01, 0x01, 0x03, 0x03, 0x05, 0x05, 0x01, 0x05, 0x02,
  0x03, 0x02, 0x02, 0x10, 0xe5, 0xc8, 0x3a, 0x4c, 0x09, 0x00, 0xf0, 0xe8,
  0x07, 0x2b, 0xcb, 0xb7, 0x07, 0x47, 0x5c, 0x22, 0x14, 0x03, 0xfb, 0xe2,
  0x11, 0x1d, 0x85, 0x06, 0x52, 0x20, 0x94, 0xb0, 0x20, 0x6e, 0x00, 0x00,
  0x80, 0x01, 0x00, 0x08, 0x00, 0x02, 0x00, 0x00, 0x00, 0x84, 0x84, 0x00,
  0x80, 0x01, 0x00, 0x08, 0x00, 0x05, 0x00, 0x00, 0x00, 0x81, 0x00, 0xfd,
  0x81, 0x84, 0x80, 0x01, 0x00, 0x08, 0x00, 0x05, 0x00, 0x00, 0x00, 0x81,
  0x00, 0x0d, 0x81, 0x84, 0x80, 0x01, 0x00, 0x08, 0x00, 0x05, 0x00, 0x00,
  0x00, 0x81, 0x00, 0x01, 0x81, 0x84, 0x80, 0x01, 0x00, 0x08, 0x00, 0x05,
  0x00, 0x00, 0x00, 0x81, 0x00, 0x07, 0x81, 0x84, 0x80, 0x01, 0x00, 0x08,
  0x00, 0x07, 0x00, 0x00, 0x00, 0x81, 0x00, 0xfc, 0x81, 0x00, 0xff, 0x83,
  0x80, 0x01, 0x00, 0x08, 0x00, 0x07, 0x00, 0x00, 0x00, 0x81, 0x00, 0x0d,
  0x81, 0x00, 0xff, 0x83, 0x80, 0x01, 0x00, 0x08, 0x00, 0x05, 0x00, 0x00,
  0x00, 0x81, 0x00, 0x12, 0x81, 0x84, 0x80, 0x01, 0x00, 0x08, 0x00, 0x07,
  0x00, 0x00, 0x00, 0x81, 0x00, 0xf2, 0x81, 0x00, 0xff, 0x83, 0x80, 0x01,
  0x00, 0x08, 0x00, 0x07, 0x00, 0x00, 0x00, 0x81, 0x00, 0x0d, 0x81, 0x00,
  0xff, 0x83, 0x80, 0x01, 0x00, 0x08, 0x00, 0x12, 0x00, 0x00, 0x0b, 0x0a,
  0x01, 0x01, 0x03, 0x01, 0x04, 0x03, 0x02, 0x01, 0x04, 0x02, 0x04, 0x0a,
  0xfa, 0xf4, 0xef, 0xf3, 0x0c, 0x11, 0x05, 0xff, 0xd6, 0xff, 0x2e, 0x86,
  0x03, 0x37, 0xe8, 0xca, 0x18, 0x00, 0x80, 0x01, 0x00, 0x08, 0x00, 0x1f,
  0x00, 0x00, 0x00, 0x0e, 0xe2, 0xe2, 0xe9, 0x19, 0x19, 0xec, 0xec, 0xf2,
  0xea, 0xe9, 0x11, 0x08, 0xf8, 0x00, 0xfd, 0x81, 0x80, 0x00, 0xdf, 0x82,
  0x07, 0xd0, 0x08, 0x05, 0x03, 0x01, 0xe1, 0xd1, 0xcd, 0x83, 0x80, 0x01,
  0x00, 0x08, 0x00, 0x4d, 0x00, 0x00, 0x00, 0x25, 0x32, 0xf7, 0xf7, 0x02,
  0x11, 0x18, 0xea, 0xe5, 0xea, 0xea, 0xea, 0x00, 0x0c, 0x21, 0x35, 0x38,
  0xf9, 0xf7, 0xfb, 0x06, 0x0f, 0x1d, 0x28, 0x28, 0x28, 0x19, 0x16, 0x3e,
  0x40, 0x3c, 0x34, 0xf7, 0xf7, 0x23, 0x26, 0x26, 0x00, 0x0d, 0x81, 0x22,
  0x16, 0x24, 0x20, 0x24, 0x2c, 0x2e, 0x08, 0x03, 0xf5, 0xf0, 0xe0, 0xc9,
  0xc9, 0xc9, 0xdc, 0xe4, 0xec, 0xf2, 0xfb, 0x01, 0x01, 0x01, 0xf9, 0xf0,
  0xe3, 0xe1, 0xe4, 0x06, 0x09, 0x0a, 0x0e, 0x00, 0x24, 0x34, 0x34, 0x84,
  0x80, 0x01, 0x00, 0x08, 0x00, 0x68, 0x00, 0x00, 0x00, 0x33, 0x05, 0xf6,
  0xd9, 0xdf, 0x20, 0x16, 0x03, 0x01, 0xeb, 0xd2, 0xd2, 0xd2, 0xe8, 0x06,
  0x10, 0xf6, 0xf6, 0x0d, 0x07, 0x09, 0x0f, 0x0f, 0x0f, 0x09, 0x04, 0xf6,
  0xf6, 0x10, 0xfe, 0xd7, 0xd7, 0xd7, 0xed, 0x02, 0x0a, 0x15, 0x20, 0xde,
  0xd7, 0xe4, 0xfa, 0x01, 0x04, 0x0d, 0x13, 0x13, 0x13, 0x0a, 0x06, 0x0d,
  0x00, 0x01, 0x81, 0x81, 0x25, 0x11, 0x33, 0x31, 0x3a, 0x32, 0x32, 0x32,
  0x18, 0x07, 0xf5, 0xe3, 0xdc, 0xdc, 0xdc, 0xfa, 0xfa, 0xfa, 0xf8, 0xf8,
  0xfb, 0xfa, 0xfd, 0x00, 0xf1, 0x09, 0x09, 0x09, 0xfc, 0xee, 0xe2, 0xce,
  0xce, 0xce, 0xcf, 0xca, 0xc9, 0xdd, 0xf5, 0x82, 0x06, 0xff, 0xfc, 0xf7,
  0xf1, 0xef, 0xf1, 0xf1, 0x83, 0x00, 0x80, 0x01, 0x00, 0x08, 0x00, 0x1f,
  0x00, 0x00, 0x00, 0x0f, 0x0e, 0xe4, 0xda, 0xf9, 0xe4, 0xe4, 0xfe, 0x07,
  0x07, 0xe7, 0xe7, 0xdb, 0x1f, 0x1f, 0x00, 0x07, 0x81, 0x0a, 0xfd, 0x0d,
  0x00, 0xdf, 0xdb, 0x0d, 0x0c, 0x0c, 0xdb, 0x00, 0xe7, 0x86, 0x80, 0x01,
  0x00, 0x08, 0x00, 0x4c, 0x00, 0x00, 0x00, 0x25, 0xfd, 0xf5, 0xe6, 0xe0,
  0xe7, 0x2a, 0x1a, 0x01, 0xf6, 0xe1, 0xc8, 0xc8, 0xc8, 0xe1, 0xf3, 0xfc,
  0x12, 0x18, 0xe1, 0xeb, 0x05, 0x05, 0xfc, 0xeb, 0x27, 0x14, 0x0b, 0x05,
  0x00, 0x0b, 0x1d, 0x11, 0x0a, 0x0a, 0x0a, 0x03, 0x00, 0xfc, 0x81, 0x81,
  0x10, 0x08, 0x15, 0x1c, 0x1b, 0x28, 0x34, 0x34, 0x34, 0x1b, 0x08, 0xf2,
  0xdc, 0xdc, 0xdc, 0xe3, 0xe6, 0xf1, 0x81, 0x0d, 0xc9, 0xc9, 0xfe, 0xfe,
  0xe6, 0xf1, 0xec, 0xf7, 0x05, 0x03, 0x02, 0x09, 0x0d, 0x07, 0x84, 0x00,
  0x80, 0x01, 0x00, 0x08, 0x00, 0x56, 0x00, 0x00, 0x00, 0x2b, 0xfd, 0x00,
  0xfa, 0xf3, 0xf3, 0xf3, 0xef, 0xee, 0xf8, 0x07, 0x0c, 0x0d, 0x0e, 0xf6,
  0xf7, 0xfd, 0x01, 0x1d, 0x31, 0x2e, 0x22, 0x22, 0x17, 0x10, 0x0f, 0x0d,
  0x0d, 0x0d, 0x0d, 0x08, 0xfd, 0xe9, 0xd1, 0xd1, 0xd1, 0xe9, 0xfd, 0x12,
  0x29, 0x29, 0x29, 0x12, 0x00, 0x0d, 0x81, 0x81, 0x05, 0xfa, 0xf2, 0xf1,
  0xe6, 0xe8, 0xf4, 0x84, 0x1c, 0xd2, 0xd0, 0xcc, 0xcc, 0xcc, 0xf5, 0x16,
  0x17, 0x11, 0x0a, 0x0a, 0x0a, 0x05, 0x01, 0x01, 0x02, 0x00, 0x30, 0x30,
  0x1b, 0x06, 0xf2, 0xdd, 0xdd, 0xdd, 0xf2, 0x06, 0x1a, 0x30, 0x83, 0x00,
  0x80, 0x01, 0x00, 0x08, 0x00, 0x18, 0x00, 0x00, 0x00, 0x0a, 0x0a, 0xc6,
  0x12, 0x4e, 0xf3, 0xf3, 0x12, 0x12, 0xbf, 0x00, 0x12, 0x81, 0x80, 0x03,
  0xbc, 0xdc, 0x00, 0xc8, 0x81, 0x01, 0xdc, 0xc8, 0x83, 0x00, 0x80, 0x01,
  0x00, 0x08, 0x00, 0x36, 0x00, 0x00, 0x1e, 0x1d, 0x01, 0x02, 0x02, 0x02,
  0x02, 0x02, 0x01, 0x03, 0x01, 0x01, 0x02, 0x01, 0x01, 0x02, 0x01, 0x02,
  0x01, 0x01, 0x03, 0x01, 0x01, 0x01, 0x02, 0x01, 0x03, 0x01, 0x02, 0x03,
  0x01, 0x02, 0x1d, 0xea, 0xeb, 0xe9, 0x07, 0x07, 0x07, 0xf8, 0xc8, 0xc8,
  0xe2, 0x0f, 0x2a, 0x2a, 0x0f, 0xf8, 0xd0, 0xd0, 0xd0, 0x0a, 0x22, 0x22,
  0x22, 0xf8, 0xeb, 0xe7, 0xeb, 0x06, 0x0a, 0x06, 0xf2, 0x81, 0x01, 0x06,
  0x06, 0x81, 0x0f, 0x2f, 0x0c, 0xff, 0xed, 0xed, 0xff, 0x0c, 0x2f, 0x11,
  0x03, 0xf7, 0xe7, 0xd5, 0xe7, 0xf7, 0x03, 0x87, 0x80, 0x01, 0x00, 0x08,
  0x00, 0x57, 0x00, 0x00, 0x00, 0x0f, 0x06, 0x02, 0xff, 0xfe, 0x16, 0x15,
  0x12, 0x0c, 0xee, 0xdb, 0xdf, 0xeb, 0xec, 0xf9, 0xfd, 0xfd, 0x83, 0x17,
  0x05, 0x10, 0x0c, 0x13, 0x1a, 0x1a, 0x1a, 0x1e, 0x1f, 0x14, 0x10, 0xfb,
  0xe4, 0xe4, 0xe4, 0xfb, 0x10, 0x24, 0x3c, 0x3c, 0x3c, 0x23, 0x00, 0x0d,
  0x81, 0x13, 0xff, 0xff, 0xff, 0xff, 0x2d, 0x2e, 0x33, 0x33, 0x33, 0x07,
  0xea, 0xe8, 0xf2, 0xf5, 0xf5, 0xf5, 0xfa, 0xfe, 0xff, 0xfd, 0x82, 0x12,
  0x07, 0x0d, 0x0e, 0x18, 0x17, 0x0b, 0xff, 0x22, 0x22, 0x0d, 0xfa, 0xe7,
  0xd0, 0xd0, 0xd0, 0xe7, 0xfa, 0x0e, 0x22, 0x83, 0x80, 0x01, 0x00, 0x08,
  0x00, 0x09, 0x00, 0x00, 0x00, 0x05, 0xf1, 0xf1, 0x19, 0x19, 0x00, 0x0a,
  0x81, 0x87, 0x80, 0x01, 0x00, 0x08, 0x00, 0x08, 0x00, 0x00, 0x00, 0x80,
  0x03, 0xfd, 0x07, 0x00, 0x14, 0x81, 0x86, 0x00, 0x80, 0x01, 0x00, 0x08,
  0x00, 0x08, 0x00, 0x00, 0x00, 0x80, 0x03, 0xfd, 0x11, 0x00, 0x18, 0x81,
  0x86, 0x00, 0x80, 0x01, 0x00, 0x08, 0x00, 0x08, 0x00, 0x00, 0x00, 0x80,
  0x03, 0x01, 0x15, 0x00, 0x1c, 0x81, 0x86, 0x00, 0x80, 0x01, 0x00, 0x08,
  0x00, 0x0b, 0x00, 0x00, 0x00, 0x80, 0x03, 0xfd, 0x07, 0x00, 0xf9, 0x81,
  0x81, 0x00, 0xff, 0x83, 0x80, 0x01, 0x00, 0x08, 0x00, 0x0b, 0x00, 0x00,
  0x00, 0x80, 0x03, 0x01, 0x0b, 0x00, 0xfd, 0x81, 0x81, 0x00, 0xff, 0x83,
  0x80, 0x01, 0x00, 0x08, 0x00, 0x0b, 0x00, 0x00, 0x00, 0x80, 0x03, 0xfc,
  0x06, 0x00, 0xf8, 0x81, 0x81, 0x00, 0xff, 0x83, 0x80, 0x01, 0x00, 0x08,
  0x00, 0x0b, 0x00, 0x00, 0x00, 0x80, 0x03, 0x26, 0x30, 0x00, 0x22, 0x81,
  0x81, 0x00, 0xff, 0x83, 0x80, 0x01, 0x00, 0x08, 0x00, 0x02, 0x00, 0x00,
  0x00, 0x84, 0x84, 0x00, 0x80, 0x01, 0x00, 0x08, 0x00, 0x05, 0x00, 0x00,
  0x00, 0x81, 0x00, 0xfd, 0x81, 0x84, 0x80, 0x01, 0x00, 0x08, 0x00, 0x05,
  0x00, 0x00, 0x00, 0x81, 0x00, 0x0d, 0x81, 0x84, 0x80, 0x01, 0x00, 0x08,
  0x00, 0x05, 0x00, 0x00, 0x00, 0x81, 0x00, 0x01, 0x81, 0x84, 0x80, 0x01,
  0x00, 0x08, 0x00, 0x05, 0x00, 0x00, 0x00, 0x81, 0x00, 0x07, 0x81, 0x84,
  0x80, 0x01, 0x00, 0x08, 0x00, 0x07, 0x00, 0x00, 0x00, 0x81, 0x00, 0xfc,
  0x81, 0x00, 0xff, 0x83, 0x80, 0x01, 0x00, 0x08, 0x00, 0x07, 0x00, 0x00,
  0x00, 0x81, 0x00, 0x0d, 0x81, 0x00, 0xff, 0x83, 0x80, 0x01, 0x00, 0x08,
  0x00, 0x05, 0x00, 0x00, 0x00, 0x81, 0x00, 0x12, 0x81, 0x84, 0x80, 0x01,
  0x00, 0x08, 0x00, 0x07, 0x00, 0x00, 0x00, 0x81, 0x00, 0xf2, 0x81, 0x00,
  0xff, 0x83, 0x80, 0x01, 0x00, 0x08, 0x00, 0x07, 0x00, 0x00, 0x00, 0x81,
  0x00, 0x0d, 0x81, 0x00, 0xff, 0x83, 0x80, 0x01, 0x00, 0x08, 0x00, 0x02,
  0x00, 0x00, 0x00, 0x84, 0x84, 0x00, 0x80, 0x01, 0x00, 0x08, 0x00, 0x05,
  0x00, 0x00, 0x00, 0x81, 0x00, 0xfd, 0x81, 0x84, 0x80, 0x01, 0x00, 0x08,
  0x00, 0x05, 0x00, 0x00, 0x00, 0x81, 0x00, 0x0d, 0x81, 0x84, 0x80, 0x01,
  0x00, 0x08, 0x00, 0x05, 0x00, 0x00, 0x00, 0x81, 0x00, 0x01, 0x81, 0x84,
  0x80, 0x01, 0x00, 0x08, 0x00, 0x05, 0x00, 0x00, 0x00, 0x81, 0x00, 0x07,
  0x81, 0x84, 0x80, 0x01, 0x00, 0x08, 0x00, 0x05, 0x00, 0x00, 0x00, 0x81,
  0x00, 0xfc, 0x81, 0x84, 0x80, 0x01, 0x00, 0x08, 0x00, 0x05, 0x00, 0x00,
  0x00, 0x81, 0x00, 0x0d, 0x81, 0x84, 0x80, 0x01, 0x00, 0x08, 0x00, 0x05,
  0x00, 0x00, 0x00, 0x81, 0x00, 0x12, 0x81, 0x84, 0x80, 0x01, 0x00, 0x08,
  0x00, 0x05, 0x00, 0x00, 0x00, 0x81, 0x00, 0xf2, 0x81, 0x84, 0x80, 0x01,
  0x00, 0x08, 0x00, 0x05, 0x00, 0x00, 0x00, 0x81, 0x00, 0x0d, 0x81, 0x84,
  0x80, 0x01, 0x00, 0x08, 0x00, 0x05, 0x00, 0x00, 0x00, 0x80, 0x00, 0xec,
  0x81, 0x83, 0x80, 0x01, 0x00, 0x08, 0x00, 0x05, 0x00, 0x00, 0x00, 0x80,
  0x00, 0xec, 0x81, 0x83, 0x80, 0x01, 0x00, 0x08, 0x00, 0x1e, 0x00, 0x00,
  0x00, 0x0d, 0x2f, 0x18, 0xf6, 0xf6, 0xf6, 0x18, 0x2f, 0x46, 0x68, 0x68,
  0x68, 0x46, 0x00, 0x5e, 0x81, 0x0b, 0xff, 0xff, 0x21, 0x38, 0x4f, 0x71,
  0x71, 0x71, 0x4f, 0x38, 0x21, 0xff, 0x83, 0x00, 0x80, 0x01, 0x00, 0x08,
  0x00, 0x0e, 0x00, 0x00, 0x00, 0x05, 0xe5, 0xf0, 0x5d, 0x2f, 0x00, 0x48,
  0x81, 0x03, 0x03, 0x3c, 0x3c, 0x03, 0x83, 0x00, 0x80, 0x01, 0x00, 0x08,
  0x00, 0x35, 0x00, 0x00, 0x00, 0x01, 0x39, 0x22, 0x82, 0x14, 0x22, 0x39,
  0x50, 0x72, 0x72, 0x72, 0x50, 0x37, 0x20, 0xfe, 0xfe, 0xfe, 0x20, 0x37,
  0x4e, 0x70, 0x70, 0x70, 0x4e, 0x00, 0x70, 0x81, 0x17, 0x8c, 0x8c, 0xae,
  0xc5, 0xdc, 0xfe, 0xfe, 0xfe, 0xdc, 0xc5, 0xae, 0x8c, 0x01, 0x01, 0x23,
  0x3a, 0x51, 0x73, 0x73, 0x73, 0x51, 0x3a, 0x23, 0x01, 0x83, 0x80, 0x01,
  0x00, 0x08, 0x00, 0x26, 0x00, 0x00, 0x00, 0x11, 0x3e, 0x27, 0x05, 0x05,
  0x05, 0x27, 0x3e, 0x55, 0x77, 0x77, 0x77, 0x55, 0xef, 0xfa, 0x67, 0x39,
  0x00, 0x6a, 0x81, 0x0f, 0x88, 0x88, 0xaa, 0xc1, 0xd8, 0xfa, 0xfa, 0xfa,
  0xd8, 0xc1, 0xaa, 0x88, 0x03, 0x3c, 0x3c, 0x03, 0x83, 0x00, 0x80, 0x01,
  0x00, 0x08, 0x00, 0x0c, 0x00, 0x00, 0x00, 0x80, 0x00, 0x40, 0x40, 0x00,
  0x80, 0x80, 0x40, 0x00, 0xde, 0x81, 0x86, 0x00, 0x80, 0x01, 0x00, 0x08,
  0x00, 0x26, 0x00, 0x00, 0x00, 0x11, 0xdc, 0xcd, 0x55, 0x46, 0x11, 0xfa,
  0xd8, 0xd8, 0xd8, 0xfa, 0x11, 0x28, 0x4a, 0x4a, 0x4a, 0x28, 0x00, 0x22,
  0x81, 0x00, 0x3a, 0x81, 0x0c, 0x3a, 0xfe, 0xfe, 0x20, 0x37, 0x4e, 0x70,
  0x70, 0x70, 0x4e, 0x37, 0x20, 0xfe, 0x83, 0x00, 0x80, 0x01, 0x00, 0x08,
  0x00, 0x25, 0x00, 0x00, 0x00, 0x11, 0x46, 0x55, 0xcd, 0xdc, 0x11, 0x28,
  0x4a, 0x4a, 0x4a, 0x28, 0x11, 0xfa, 0xd8, 0xd8, 0xd8, 0xfa, 0x00, 0x0e,
  0x81, 0x03, 0xc4, 0xfe, 0xfe, 0xc4, 0x81, 0x08, 0xde, 0xc7, 0xb0, 0x8e,
  0x8e, 0x8e, 0xb0, 0xc7, 0xde, 0x84, 0x80, 0x01, 0x00, 0x08, 0x00, 0x4f,
  0x00, 0x00, 0x00, 0x26, 0xe3, 0xdc, 0x0d, 0xee, 0xc5, 0xc5, 0xc5, 0xed,
  0x0c, 0x25, 0x4e, 0x53, 0xec, 0xec, 0xfd, 0x0c, 0x16, 0x26, 0x2f, 0x2f,
  0x2f, 0x38, 0x46, 0x4e, 0x4b, 0x17, 0x01, 0xde, 0xde, 0xde, 0x01, 0x17,
  0x2d, 0x50, 0x50, 0x50, 0x2d, 0x00, 0x16, 0x81, 0x0d, 0x1e, 0x19, 0x22,
  0x27, 0xfa, 0xe0, 0xc1, 0x9a, 0x9a, 0x9a, 0xad, 0xbc, 0xd3, 0xeb, 0x82,
  0x13, 0xf8, 0xea, 0xe0, 0xe8, 0xf3, 0xf5, 0xf0, 0x1e, 0xff, 0xff, 0x22,
  0x38, 0x4e, 0x71, 0x71, 0x71, 0x4e, 0x38, 0x22, 0xff, 0x83, 0x80, 0x01,
  0x00, 0x08, 0x00, 0x50, 0x00, 0x00, 0x00, 0x26, 0x37, 0x3e, 0x0d, 0x2c,
  0x55, 0x55, 0x55, 0x2c, 0x0e, 0xf6, 0xcd, 0xc7, 0x2e, 0x2e, 0x1d, 0x0e,
  0x04, 0xf4, 0xeb, 0xeb, 0xeb, 0xe2, 0xd4, 0xcc, 0xcf, 0x03, 0x19, 0x3c,
  0x3c, 0x3c, 0x19, 0x03, 0xed, 0xca, 0xca, 0xca, 0xed, 0x00, 0x10, 0x81,
  0x24, 0xe0, 0xe5, 0xdc, 0xd8, 0x04, 0x1e, 0x3d, 0x64, 0x64, 0x64, 0x51,
  0x42, 0x2b, 0x13, 0xfe, 0xfe, 0xfe, 0x06, 0x15, 0x1e, 0x16, 0x0b, 0x09,
  0x0e, 0xe0, 0xff, 0xff, 0xdc, 0xc6, 0xb0, 0x8d, 0x8d, 0x8d, 0xb0, 0xc6,
  0xdc, 0xff, 0x83, 0x00, 0x80, 0x01, 0x00, 0x08, 0x00, 0x08, 0x00, 0x00,
  0x00, 0x02, 0xd8, 0x00, 0x0e, 0x81, 0x00, 0xe4, 0x83, 0x00, 0x80, 0x01,
  0x00, 0x08, 0x00, 0x26, 0x00, 0x00, 0x00, 0x11, 0xe8, 0xde, 0xcd, 0xc4,
  0xc4, 0xc4, 0xcd, 0xde, 0xe8, 0xf3, 0x03, 0x0c, 0x0c, 0x0c, 0x03, 0xf3,
  0x00, 0xd0, 0x81, 0x0f, 0xe4, 0xe4, 0xed, 0xfc, 0x06, 0x10, 0x1e, 0x28,
  0x28, 0x28, 0x1e, 0x10, 0x06, 0xfc, 0xed, 0xe4, 0x83, 0x00, 0x80, 0x01,
  0x00, 0x08, 0x00, 0x2e, 0x00, 0x00, 0x00, 0x15, 0xfe, 0xf8, 0x10, 0x2e,
  0x0f, 0xdf, 0xfb, 0x15, 0x04, 0xe2, 0xf4, 0x0c, 0xf8, 0xea, 0x26, 0x18,
  0x0d, 0x03, 0x1b, 0x2e, 0x00, 0x10, 0x81, 0x0c, 0xb7, 0xd7, 0xea, 0xdb,
  0xb9, 0xdb, 0xec, 0xda, 0xd2, 0xce, 0x06, 0xf0, 0xe2, 0x81, 0x04, 0xe2,
  0xd3, 0xf1, 0x08, 0xcf, 0x83, 0x00, 0x80, 0x01, 0x00, 0x08, 0x00, 0x21,
  0x00, 0x00, 0x00, 0x11, 0xd3, 0xd3, 0x1e, 0x1e, 0x00, 0x0c, 0x0c, 0x00,
  0xec, 0xec, 0x37, 0x37, 0xf4, 0x05, 0x05, 0xf4, 0x00, 0x05, 0x81, 0x83,
  0x03, 0xe1, 0x35, 0x35, 0xe1, 0x83, 0x00, 0xab, 0x81, 0x00, 0xab, 0x83,
  0x80, 0x01, 0x00, 0x08, 0x00, 0x08, 0x00, 0x00, 0x00, 0x81, 0x03, 0x64,
  0x64, 0x00, 0x64, 0x81, 0x87, 0x00, 0x80, 0x01, 0x00, 0x08, 0x00, 0x09,
  0x00, 0x00, 0x00, 0x00, 0x64, 0x81, 0x02, 0x64, 0x00, 0x64, 0x81, 0x87,
  0x80, 0x01, 0x00, 0x08, 0x00, 0x08, 0x00, 0x00, 0x00, 0x02, 0xf6, 0x00,
  0x4a, 0x81, 0x00, 0xda, 0x83, 0x00, 0x80, 0x01, 0x00, 0x08, 0x00, 0x06,
  0x00, 0x00, 0x00, 0x00, 0x98, 0x83, 0x00, 0xee, 0x83, 0x00, 0x80, 0x01,
  0x00, 0x08, 0x00, 0x08, 0x00, 0x00, 0x03, 0x02, 0x00, 0x02, 0x03, 0x02,
  0xf6, 0xf6, 0xec, 0x02, 0xd2, 0x2f, 0x00, 0x00, 0x80, 0x01, 0x00, 0x08,
  0x00, 0x07, 0x00, 0x00, 0x00, 0x87, 0x03, 0xd2, 0x2f, 0x2f, 0xd2, 0x83,
  0x80, 0x01, 0x00, 0x08, 0x00, 0x07, 0x00, 0x00, 0x00, 0x87, 0x03, 0xd2,
  0x2f, 0x2f, 0xd2, 0x83, 0x80, 0x01, 0x00, 0x08, 0x00, 0x07, 0x00, 0x00,
  0x03, 0x02, 0x00, 0x02, 0x03, 0x02, 0xfb, 0xfb, 0xf6, 0x00, 0xa3, 0x81,
  0x80, 0x01, 0x00, 0x08, 0x00, 0x08, 0x00, 0x00, 0x06, 0x05, 0x00, 0x07,
  0x01, 0x02, 0x07, 0x02, 0x05, 0xec, 0xec, 0xec, 0x5a, 0x5a, 0x46, 0x85,
  0x80, 0x01, 0x00, 0x08, 0x00, 0x08, 0x00, 0x00, 0x06, 0x05, 0x00, 0x02,
  0x07, 0x01, 0x07, 0x02, 0x05, 0x5a, 0xec, 0xec, 0x5a, 0x5a, 0x46, 0x85,
  0x80, 0x01, 0x00, 0x08, 0x00, 0x24, 0x00, 0x00, 0x13, 0x12, 0x01, 0x04,
  0x02, 0x03, 0x01, 0x01, 0x01, 0x02, 0x03, 0x03, 0x01, 0x02, 0x04, 0x03,
  0x02, 0x02, 0x01, 0x01, 0x02, 0x12, 0xf6, 0xec, 0xf1, 0x1e, 0x1e, 0x2c,
  0x3b, 0x42, 0x14, 0xfc, 0xf1, 0xec, 0xf6, 0x36, 0x43, 0x3c, 0x2d, 0x1e,
  0x14, 0x00, 0x28, 0x82, 0x02, 0xb0, 0xb1, 0xbe, 0x84, 0x00, 0xd8, 0x81,
  0x03, 0x42, 0x50, 0x50, 0x00, 0x00, 0x80, 0x01, 0x00, 0x08, 0x00, 0x25,
  0x00, 0x00, 0x14, 0x13, 0x01, 0x01, 0x02, 0x02, 0x01, 0x01, 0x03, 0x01,
  0x02, 0x04, 0x01, 0x01, 0x01, 0x02, 0x01, 0x04, 0x02, 0x03, 0x02, 0x04,
  0x13, 0xff, 0xdf, 0xd2, 0xd8, 0xe8, 0xf6, 0x18, 0x23, 0x28, 0x1e, 0xf6,
  0xf6, 0xe8, 0xd1, 0xd1, 0x1e, 0x22, 0x28, 0x23, 0x14, 0x82, 0x02, 0xbe,
  0xb1, 0xb0, 0x82, 0x04, 0x28, 0x00, 0x50, 0x50, 0x1f, 0x81, 0x00, 0xd8,
  0x82, 0x00, 0x80, 0x01, 0x00, 0x08, 0x00, 0x0b, 0x00, 0x00, 0x05, 0x04,
  0x01, 0x02, 0x02, 0x02, 0x02, 0x04, 0xd8, 0x56, 0x2e, 0x56, 0x2e, 0x80,
  0x01, 0x9a, 0x66, 0x81, 0x80, 0x01, 0x00, 0x08, 0x00, 0x0b, 0x00, 0x00,
  0x05, 0x04, 0x01, 0x02, 0x02, 0x02, 0x02, 0x04, 0xd8, 0x00, 0xd8, 0x56,
  0x2e, 0x80, 0x01, 0x66, 0x9a, 0x81, 0x80, 0x01, 0x00, 0x08, 0x00, 0x05,
  0x00, 0x00, 0x00, 0x81, 0x00, 0x59, 0x81, 0x84, 0x80, 0x01, 0x00, 0x08,
  0x00, 0x1c, 0x00, 0x00, 0x00, 0x01, 0x58, 0x63, 0x41, 0x00, 0xd0, 0x00,
  0xa2, 0x04, 0xec, 0xf7, 0x64, 0x36, 0x00, 0x40, 0x00, 0xd8, 0x81, 0x07,
  0x03, 0x3c, 0x3c, 0x03, 0x03, 0x3c, 0x3c, 0x03, 0x83, 0x00, 0x80, 0x01,
  0x00, 0x08, 0x00, 0x1d, 0x00, 0x00, 0x00, 0x03, 0x64, 0x59, 0xec, 0x1a,
  0x43, 0x00, 0xd0, 0x00, 0xc5, 0x00, 0x58, 0x00, 0x86, 0x80, 0x40, 0x00,
  0xc4, 0x81, 0x07, 0x05, 0xcc, 0xcc, 0x05, 0x05, 0xcc, 0xcc, 0x05, 0x83,
  0x80, 0x01, 0x00, 0x08, 0x00, 0x1c, 0x00, 0x00, 0x00, 0x01, 0x60, 0x6b,
  0x41, 0x00, 0xd8, 0x00, 0xaa, 0x04, 0xf4, 0xff, 0x6c, 0x3e, 0x00, 0x40,
  0x00, 0xc4, 0x81, 0x00, 0xc7, 0x81, 0x01, 0xc7, 0xc7, 0x81, 0x00, 0xc7,
  0x83, 0x00, 0x80, 0x01, 0x00, 0x08, 0x00, 0x0d, 0x00, 0x00, 0x00, 0x05,
  0x64, 0x59, 0xec, 0x1a, 0x00, 0x58, 0x81, 0x80, 0x01, 0xc7, 0xc7, 0x84,
  0x80, 0x01, 0x00, 0x08, 0x00, 0x08, 0x00, 0x00, 0x00, 0x02, 0x0f, 0x00,
  0x58, 0x81, 0x00, 0xc4, 0x83, 0x00, 0x80, 0x01, 0x00, 0x08, 0x00, 0x08,
  0x00, 0x00, 0x00, 0x00, 0x60, 0x81, 0x40, 0x00, 0xba, 0x81, 0x85, 0x00,
  0x80, 0x01, 0x00, 0x08, 0x00, 0x19, 0x00, 0x00, 0x00, 0x05, 0x6e, 0xf1,
  0xd9, 0xf1, 0x6e, 0x5f, 0x40, 0x00, 0xce, 0x02, 0x51, 0x39, 0x51, 0x41,
  0x00, 0xce, 0x00, 0xbf, 0x80, 0x40, 0x00, 0xba, 0x81, 0x8f, 0x80, 0x01,
  0x00, 0x08, 0x00, 0x0e, 0x00, 0x00, 0x00, 0x03, 0xec, 0xfb, 0xec, 0x69,
  0x40, 0x00, 0x81, 0x02, 0x69, 0x00, 0x5f, 0x81, 0x89, 0x00, 0x80, 0x01,
  0x00, 0x08, 0x00, 0x0b, 0x00, 0x00, 0x00, 0x07, 0x73, 0xf6, 0xde, 0xf6,
  0x73, 0x64, 0x00, 0x5f, 0x81, 0x89, 0x80, 0x01, 0x00, 0x08, 0x00, 0x09,
  0x00, 0x00, 0x00, 0x80, 0x01, 0x6c, 0x00, 0x40, 0x00, 0xd5, 0x81, 0x85,
  0x80, 0x01, 0x00, 0x08, 0x00, 0x0e, 0x00, 0x00, 0x00, 0x05, 0x0f, 0x00,
  0x69, 0x5a, 0x00, 0x69, 0x81, 0x00, 0xce, 0x81, 0x00, 0xce, 0x83, 0x00,
  0x80, 0x01, 0x00, 0x08, 0x00, 0x61, 0x00, 0x00, 0x32, 0x31, 0x00, 0x02,
  0x03, 0x06, 0x01, 0x04, 0x01, 0x01, 0x01, 0x01, 0x01, 0x01, 0x01, 0x01,
  0x01, 0x05, 0x03, 0x01, 0x01, 0x01, 0x01, 0x02, 0x01, 0x02, 0x01, 0x01,
  0x02, 0x03, 0x02, 0x03, 0x02, 0x01, 0x01, 0x03, 0x01, 0x01, 0x01, 0x01,
  0x01, 0x02, 0x01, 0x01, 0x01, 0x01, 0x01, 0x02, 0x02, 0x02, 0x02, 0x03,
  0x31, 0x03, 0xf3, 0xe7, 0x09, 0x14, 0x1f, 0x16, 0x08, 0xfe, 0xfc, 0xe2,
  0xd2, 0xd2, 0xe3, 0xf1, 0x13, 0xf1, 0xdd, 0xc3, 0xc1, 0xc0, 0x0a, 0x0a,
  0x0a, 0x00, 0xef, 0xe7, 0xf2, 0x03, 0x1a, 0x1f, 0x1f, 0x1a, 0x03, 0xfa,
  0xdf, 0xd3, 0xfe, 0xfe, 0x24, 0x00, 0xcd, 0xc7, 0xc6, 0xca, 0x1b, 0x5f,
  0x77, 0x62, 0x06, 0x01, 0x05, 0x05, 0x86, 0x28, 0x01, 0xf9, 0xda, 0xea,
  0xff, 0xff, 0xff, 0xff, 0xff, 0x1c, 0x35, 0x00, 0x1e, 0x1e, 0x30, 0x30,
  0x23, 0x00, 0xcb, 0xc2, 0xdc, 0x00, 0x0e, 0x27, 0x43, 0x43, 0x45, 0x46,
  0x14, 0x0e, 0x55, 0x55, 0x2f, 0x13, 0xf1, 0xd2, 0xa9, 0xc0, 0x00, 0x3f,
  0x00, 0x00, 0x80, 0x01, 0x00, 0x08, 0x00, 0x80, 0x00, 0x00, 0x00, 0x3e,
  0xf4, 0xee, 0xe6, 0xe2, 0xe2, 0xe2, 0xd5, 0xc4, 0xbe, 0x1c, 0x06, 0xeb,
  0xdf, 0xdf, 0xdf, 0xf9, 0x0f, 0x1c, 0x34, 0x34, 0x34, 0x2a, 0x1c, 0x33,
  0x28, 0xb0, 0xf5, 0xc8, 0xbd, 0xc0, 0xca, 0xca, 0xca, 0xda, 0xf5, 0x05,
  0x19, 0x34, 0x42, 0x42, 0x42, 0x42, 0x2d, 0x0d, 0x12, 0x21, 0x43, 0x5a,
  0x5a, 0x5a, 0x28, 0x02, 0xeb, 0xd8, 0xd4, 0xd7, 0xd7, 0x39, 0x39, 0x28,
  0x08, 0x00, 0x09, 0x81, 0x17, 0x03, 0x03, 0x06, 0x09, 0x0c, 0xfc, 0xef,
  0xea, 0xe6, 0x26, 0x17, 0x00, 0xee, 0xe4, 0xcd, 0xae, 0xae, 0xae, 0xcf,
  0xe2, 0xeb, 0xfd, 0x0c, 0xf0, 0x81, 0x22, 0xaa, 0xe2, 0xf1, 0xf7, 0xee,
  0xe4, 0xec, 0xf8, 0xfd, 0xfd, 0xfd, 0xf5, 0xe7, 0xdf, 0xdc, 0xd9, 0xc8,
  0xb2, 0xb5, 0xbf, 0xd4, 0xf4, 0x11, 0x33, 0x5d, 0x5d, 0x5d, 0x48, 0x28,
  0x03, 0xf4, 0xf4, 0xf8, 0xff, 0x03, 0x83, 0x00, 0x80, 0x01, 0x00, 0x08,
  0x00, 0x1c, 0x00, 0x00, 0x0d, 0x0c, 0x00, 0x02, 0x02, 0x02, 0x02, 0x02,
  0x02, 0x02, 0x02, 0x02, 0x02, 0x02, 0x02, 0x08, 0x2f, 0xf9, 0xe7, 0xf9,
  0x2f, 0x1e, 0x1d, 0x52, 0x4d, 0x40, 0x00, 0x82, 0x02, 0x47, 0x4e, 0x5a,
  0x05, 0xc8, 0xcf, 0xe5, 0xf9, 0x00, 0xc8, 0x84, 0x01, 0x90, 0x00, 0x00,
  0x80, 0x01, 0x00, 0x08, 0x00, 0xb0, 0x00, 0x00, 0x00, 0x3f, 0xc6, 0xcb,
  0xc0, 0xb6, 0xba, 0xfc, 0xf8, 0xdf, 0xcc, 0xac, 0x91, 0x91, 0x91, 0xb2,
  0xca, 0xb5, 0xaf, 0xb2, 0xb2, 0xb2, 0xc0, 0xc7, 0xc8, 0xce, 0xd8, 0xdf,
  0x96, 0x9f, 0xca, 0xd5, 0xe3, 0xf6, 0xf6, 0xf6, 0xe4, 0xd7, 0xee, 0xe1,
  0xd7, 0xd7, 0xd7, 0xcb, 0xce, 0xcf, 0xc0, 0xb4, 0xb7, 0x04, 0x00, 0xf9,
  0xe4, 0xc9, 0xae, 0x99, 0x99, 0x99, 0xba, 0xd2, 0xbd, 0xb7, 0xba, 0xba,
  0xba, 0xc8, 0x16, 0xcf, 0xcf, 0xd2, 0xd9, 0xe1, 0x9e, 0xa6, 0xc3, 0xd4,
  0xe7, 0xfe, 0xfe, 0xfe, 0xed, 0xe0, 0xf6, 0xe8, 0xdf, 0xdf, 0xdf, 0xd3,
  0x00, 0x96, 0x81, 0x3e, 0xff, 0xff, 0x01, 0x07, 0x0b, 0x1c, 0x26, 0x37,
  0x36, 0x35, 0x21, 0x13, 0x01, 0xed, 0xe8, 0xef, 0xf2, 0xff, 0x02, 0x09,
  0x11, 0x11, 0x11, 0x18, 0x15, 0x09, 0xf4, 0xe4, 0xda, 0xda, 0xda, 0xf0,
  0xfd, 0x10, 0x22, 0x24, 0x1c, 0x1e, 0x17, 0x0e, 0xff, 0xff, 0xee, 0xee,
  0xf1, 0xf5, 0xfa, 0x0a, 0x10, 0x1b, 0x22, 0x22, 0x22, 0x0e, 0x01, 0xf0,
  0xdd, 0xd7, 0xdd, 0xe0, 0xee, 0xf1, 0xf8, 0x82, 0x12, 0x06, 0x03, 0xf6,
  0xe3, 0xd3, 0xc9, 0xc9, 0xc9, 0xdf, 0xec, 0xff, 0x0d, 0x10, 0x0a, 0x0d,
  0x06, 0xfc, 0xee, 0xee, 0x83, 0x00, 0x80, 0x01, 0x00, 0x08, 0x00, 0x8b,
  0x00, 0x00, 0x00, 0x3f, 0xe7, 0xe3, 0xe1, 0xe4, 0xe7, 0xe7, 0xe7, 0xe4,
  0xe1, 0xe3, 0xe7, 0xeb, 0xec, 0xea, 0xe7, 0xe7, 0xe7, 0xea, 0xec, 0xeb,
  0xea, 0xe6, 0xe6, 0xea, 0xea, 0xea, 0xe6, 0xe6, 0xea, 0xe9, 0xe5, 0xeb,
  0xea, 0xbd, 0xbe, 0xbe, 0xd8, 0xea, 0xff, 0x20, 0x20, 0x20, 0xff, 0xea,
  0xda, 0xc1, 0xc1, 0xbd, 0xea, 0xee, 0xeb, 0xee, 0xe7, 0xd9, 0xc1, 0xb3,
  0xb3, 0xb3, 0xc2, 0xda, 0xe7, 0xf5, 0x0d, 0x1b, 0x05, 0x1b, 0x1b, 0x0d,
  0xf5, 0x00, 0xce, 0x81, 0x81, 0x06, 0xfd, 0xfb, 0xfc, 0x00, 0x05, 0x06,
  0x03, 0x82, 0x06, 0x03, 0x06, 0x05, 0x00, 0xfc, 0xfb, 0xfd, 0x82, 0x04,
  0xfc, 0xfc, 0x00, 0x04, 0x04, 0x82, 0x25, 0x02, 0xfe, 0x00, 0xf0, 0xeb,
  0xde, 0xcc, 0xcc, 0xcc, 0xeb, 0x00, 0x14, 0x34, 0x34, 0x34, 0x25, 0x1b,
  0x0f, 0x00, 0x0a, 0x01, 0x00, 0x36, 0x36, 0x28, 0x10, 0x00, 0xf0, 0xd8,
  0xca, 0xca, 0xca, 0xd8, 0xf0, 0x00, 0x10, 0x28, 0x36, 0x83, 0x80, 0x01,
  0x00, 0x08, 0x00, 0x7b, 0x00, 0x00, 0x00, 0x3c, 0xf7, 0xf3, 0xee, 0xe9,
  0xe7, 0xe7, 0xe7, 0xe9, 0xee, 0xf3, 0xf7, 0xfa, 0x00, 0x05, 0x07, 0x07,
  0x07, 0x05, 0x00, 0xfa, 0xf7, 0xf6, 0xf3, 0xef, 0xef, 0xef, 0xf3, 0xf6,
  0xf7, 0xf8, 0xfb, 0xff, 0xff, 0xff, 0xfb, 0xf8, 0xee, 0xee, 0x01, 0x07,
  0x0c, 0x0c, 0x0c, 0x10, 0x12, 0x0c, 0xe9, 0xf2, 0x0c, 0x0c, 0x0c, 0xfa,
  0xf4, 0xeb, 0xeb, 0xeb, 0xf5, 0xff, 0x0c, 0x00, 0xee, 0x81, 0x08, 0xe0,
  0xe0, 0xe2, 0xe7, 0xec, 0xf0, 0xf3, 0xf9, 0xfe, 0x82, 0x2e, 0xfe, 0xf9,
  0xf3, 0xf0, 0xec, 0xe7, 0xe2, 0xe0, 0xf8, 0xf8, 0xf5, 0xf1, 0xf0, 0xef,
  0xeb, 0xe8, 0xe8, 0xe8, 0xeb, 0xef, 0xf0, 0xf1, 0xf5, 0xf8, 0xf7, 0xf6,
  0xf7, 0xf7, 0xf2, 0xef, 0xef, 0xed, 0xec, 0xf7, 0xf7, 0xe7, 0xe7, 0xf7,
  0x02, 0x02, 0x02, 0xf7, 0xef, 0xe6, 0xdb, 0xdb, 0xdb, 0x83, 0x80, 0x01,
  0x00, 0x08, 0x00, 0x29, 0x00, 0x00, 0x00, 0x15, 0x2d, 0x4e, 0x4e, 0x12,
  0x12, 0x58, 0x2c, 0x00, 0x47, 0x47, 0x0a, 0x0a, 0xf5, 0xf5, 0x04, 0x04,
  0x22, 0x22, 0x32, 0x32, 0x00, 0x33, 0x81, 0x01, 0xdd, 0xa9, 0x83, 0x00,
  0x41, 0x83, 0x03, 0xa7, 0x00, 0xc8, 0xc8, 0x81, 0x01, 0xc8, 0xc8, 0x84,
  0x80, 0x01, 0x00, 0x08, 0x00, 0x20, 0x00, 0x00, 0x0f, 0x0e, 0x01, 0x01,
  0x01, 0x02, 0x02, 0x02, 0x01, 0x01, 0x02, 0x01, 0x03, 0x03, 0x03, 0x03,
  0x03, 0x0e, 0x03, 0xf5, 0xec, 0xec, 0x04, 0x13, 0x21, 0x2a, 0x2a, 0x21,
  0xff, 0xee, 0x17, 0x28, 0x16, 0x0e, 0xd1, 0xd6, 0xe0, 0xf0, 0x01, 0x01,
  0xfb, 0xf0, 0xe0, 0xd6, 0x08, 0xdc, 0xca, 0xf5, 0x00, 0x00, 0x80, 0x01,
  0x00, 0x08, 0x00, 0x09, 0x00, 0x00, 0x00, 0x05, 0xd8, 0xd8, 0x25, 0x25,
  0x00, 0xfd, 0x81, 0x87, 0x80, 0x01, 0x00, 0x08, 0x00, 0x0c, 0x00, 0x00,
  0x00, 0x81, 0x01, 0x4d, 0x4d, 0x81, 0x03, 0x4d, 0x4d, 0x00, 0x4d, 0x81,
  0x8b, 0x00, 0x80, 0x01, 0x00, 0x08, 0x00, 0x1e, 0x00, 0x00, 0x00, 0x0d,
  0xcc, 0xf4, 0xd6, 0x3a, 0x1c, 0x44, 0x08, 0x08, 0x08, 0x08, 0x08, 0x08,
  0x00, 0x10, 0x81, 0x80, 0x00, 0xd5, 0x81, 0x07, 0xd5, 0x00, 0x9c, 0x0a,
  0xec, 0x0a, 0x9c, 0xba, 0x83, 0x00, 0x80, 0x01, 0x00, 0x08, 0x00, 0x32,
  0x00, 0x00, 0x00, 0x17, 0xc9, 0xf1, 0xdd, 0xf1, 0xd3, 0x37, 0x19, 0x2d,
  0x19, 0x41, 0x0a, 0x0a, 0x0a, 0x0b, 0x0b, 0x0a, 0x04, 0x04, 0x05, 0x05,
  0x05, 0x05, 0x00, 0x10, 0x81, 0x80, 0x02, 0x2f, 0x00, 0xd5, 0x81, 0x0f,
  0xd5, 0x00, 0x2f, 0x00, 0xfc, 0x60, 0x47, 0x60, 0xfc, 0x15, 0xa1, 0x05,
  0xec, 0x05, 0xa1, 0xba, 0x83, 0x00, 0x80, 0x01, 0x00, 0x08, 0x00, 0x3f,
  0x00, 0x00, 0x00, 0x23, 0xf4, 0xf4, 0x10, 0x10, 0x0b, 0x01, 0xf0, 0xe7,
  0xe7, 0xe7, 0xf1, 0x00, 0x0b, 0x13, 0x29, 0x27, 0xaf, 0xbe, 0xe6, 0x01,
  0x1e, 0x4b, 0x64, 0x64, 0x64, 0x4a, 0x1e, 0x01, 0xe4, 0xba, 0xad, 0x24,
  0x26, 0x12, 0x00, 0x0b, 0x81, 0x86, 0x00, 0x01, 0x85, 0x12, 0xed, 0xd7,
  0xbb, 0xa4, 0x8d, 0x8d, 0x8d, 0xab, 0xde, 0x00, 0x22, 0x56, 0x73, 0x73,
  0x73, 0x56, 0x39, 0x1e, 0x0d, 0x84, 0x80, 0x01, 0x00, 0x08, 0x00, 0x5e,
  0x00, 0x00, 0x00, 0x2d, 0x31, 0x1b, 0xfd, 0xee, 0xee, 0xee, 0xfd, 0x19,
  0x2f, 0x45, 0x62, 0x70, 0x70, 0x70, 0x63, 0x46, 0x27, 0xed, 0x36, 0x71,
  0x30, 0x1e, 0x0c, 0x0c, 0x0c, 0x1d, 0x2f, 0x41, 0x52, 0x52, 0x52, 0x41,
  0x41, 0xec, 0x26, 0x7c, 0x3f, 0xe4, 0x1f, 0x78, 0x20, 0xe5, 0x3f, 0x78,
  0x00, 0x64, 0x81, 0x2b, 0xc6, 0xc6, 0xd1, 0xeb, 0x00, 0x16, 0x32, 0x3f,
  0x3f, 0x3f, 0x32, 0x16, 0x00, 0xeb, 0xd1, 0xc6, 0xb9, 0xf3, 0x3d, 0x04,
  0x26, 0x26, 0x13, 0x00, 0xef, 0xdf, 0xdf, 0xdf, 0xef, 0x00, 0x13, 0x26,
  0xba, 0x0c, 0x45, 0xf2, 0xb9, 0x10, 0x48, 0xf3, 0xbd, 0xf6, 0x45, 0x0c,
  0x83, 0x00, 0x80, 0x01, 0x00, 0x08, 0x00, 0x62, 0x00, 0x00, 0x00, 0x31,
  0xef, 0xfb, 0xf0, 0xe1, 0xe7, 0x55, 0x4d, 0x1c, 0xfc, 0xc5, 0x93, 0x93,
  0x93, 0xcf, 0xf8, 0xd8, 0xd1, 0xd3, 0xd9, 0xd9, 0xd9, 0xe7, 0xee, 0xeb,
  0xed, 0xf9, 0x05, 0x99, 0xa8, 0xdb, 0xf8, 0x1a, 0x44, 0x44, 0x44, 0x25,
  0x0f, 0x2d, 0x16, 0x02, 0x02, 0x02, 0xfa, 0xf0, 0xc7, 0xc7, 0x1c, 0x1c,
  0x00, 0xeb, 0x81, 0x2b, 0x01, 0x01, 0x04, 0x0a, 0x10, 0x28, 0x3b, 0x58,
  0x56, 0x55, 0x34, 0x1a, 0xf9, 0xd9, 0xcf, 0xd7, 0xd9, 0xe3, 0xee, 0xee,
  0xf6, 0xff, 0xff, 0xff, 0x0b, 0x08, 0xf1, 0xd9, 0xbb, 0xaa, 0xaa, 0xaa,
  0xcd, 0xe7, 0x08, 0x22, 0x26, 0x1c, 0x1f, 0x1e, 0x12, 0x04, 0xfd, 0x01,
  0x87, 0x00, 0x80, 0x01, 0x00, 0x08, 0x00, 0x51, 0x00, 0x00, 0x00, 0x2b,
  0x27, 0x15, 0xfa, 0xeb, 0xeb, 0xeb, 0xfb, 0x17, 0x2a, 0x42, 0x5a, 0x65,
  0x66, 0xf8, 0xfc, 0x0f, 0x25, 0x2a, 0x3c, 0x59, 0x69, 0x69, 0x69, 0x5a,
  0x3d, 0x29, 0x26, 0x10, 0xf9, 0xf6, 0x65, 0x64, 0x5a, 0x40, 0xf6, 0xf6,
  0x24, 0x24, 0xf6, 0xf6, 0x24, 0x24, 0x00, 0x4c, 0x81, 0x89, 0x1f, 0xf6,
  0xe3, 0xd6, 0xbf, 0xb2, 0x9d, 0x90, 0x90, 0x90, 0xad, 0xe0, 0x00, 0x21,
  0x54, 0x70, 0x70, 0x70, 0x61, 0x46, 0x36, 0x1f, 0x15, 0x08, 0x00, 0xfc,
  0x1a, 0x1a, 0xfc, 0xe6, 0x04, 0x04, 0xe6, 0x83, 0x80, 0x01, 0x00, 0x08,
  0x00, 0x4b, 0x00, 0x00, 0x00, 0x40, 0xff, 0x6e, 0x03, 0xd8, 0xd8, 0xbf,
  0x9c, 0x41, 0xff, 0x65, 0xff, 0x65, 0x01, 0xd8, 0xd8, 0x41, 0xff, 0x60,
  0xff, 0x5f, 0x14, 0x92, 0xbb, 0xd8, 0xd8, 0xf6, 0xfa, 0x19, 0x06, 0xed,
  0xec, 0xf6, 0xfa, 0xef, 0xee, 0x05, 0x29, 0x3e, 0x65, 0xf7, 0x00, 0xce,
  0x81, 0x80, 0x0c, 0xba, 0xff, 0xff, 0xff, 0xd2, 0xaf, 0xaf, 0xf5, 0xf5,
  0xd0, 0xa3, 0xa3, 0xa3, 0x81, 0x0c, 0xbb, 0xbb, 0xc2, 0xe1, 0xf5, 0xf5,
  0xaf, 0xaf, 0xbd, 0xcb, 0xc5, 0xb6, 0xb4, 0x84, 0x80, 0x01, 0x00, 0x08,
  0x00, 0x4a, 0x00, 0x00, 0x00, 0x24, 0xf6, 0xf6, 0xe8, 0xe8, 0xe8, 0xe8,
  0xe8, 0xf6, 0xf6, 0xe8, 0xe8, 0xe8, 0xf3, 0x07, 0x17, 0x23, 0x36, 0x40,
  0x40, 0xcb, 0xcb, 0xf2, 0x15, 0x33, 0x5c, 0x5c, 0x5c, 0x65, 0x65, 0x5c,
  0x5c, 0x5c, 0x52, 0x40, 0x40, 0x00, 0x2c, 0x81, 0x80, 0x0b, 0x70, 0x70,
  0x70, 0x6f, 0x6e, 0xed, 0xed, 0x3e, 0x3e, 0xd5, 0xed, 0xff, 0x82, 0x11,
  0x01, 0xfa, 0xee, 0xef, 0xd1, 0xa2, 0xa2, 0xa2, 0xc4, 0xd5, 0x3e, 0x3e,
  0xed, 0xed, 0x69, 0x71, 0x70, 0x70, 0x84, 0x00, 0x80, 0x01, 0x00, 0x08,
  0x00, 0x3b, 0x00, 0x00, 0x00, 0x02, 0x74, 0xfc, 0xf6, 0x40, 0x00, 0x81,
  0x05, 0x02, 0x02, 0x7b, 0x7b, 0xfa, 0xfa, 0x41, 0x00, 0x81, 0x00, 0x81,
  0x01, 0xfa, 0xfa, 0x41, 0x00, 0x81, 0x00, 0x81, 0x01, 0x08, 0xfb, 0x41,
  0x00, 0x86, 0x00, 0x80, 0x80, 0x00, 0x7c, 0x81, 0x03, 0xf7, 0xf6, 0xf4,
  0xf4, 0x83, 0x0b, 0xe2, 0x0a, 0x0a, 0xe2, 0xf4, 0x1c, 0x1c, 0xf4, 0xf7,
  0xf4, 0xf4, 0xf6, 0x83, 0x80, 0x01, 0x00, 0x08, 0x00, 0x09, 0x00, 0x00,
  0x00, 0x05, 0xf9, 0xf8, 0x1b, 0x1c, 0x00, 0x14, 0x81, 0x87, 0x80, 0x01,
  0x00, 0x08, 0x00, 0x0c, 0x00, 0x00, 0x05, 0x04, 0x01, 0x02, 0x02, 0x02,
  0x02, 0x04, 0xe0, 0x33, 0x00, 0x14, 0x14, 0x04, 0x0a, 0xf6, 0x2a, 0xd7,
  0x00, 0x00, 0x80, 0x01, 0x00, 0x08, 0x00, 0x08, 0x00, 0x00, 0x03, 0x02,
  0x01, 0x02, 0x02, 0x02, 0x05, 0x0f, 0x14, 0x02, 0x2c, 0xd5, 0x00, 0x00,
  0x80, 0x01, 0x00, 0x08, 0x00, 0x16, 0x00, 0x00, 0x00, 0x09, 0xef, 0xec,
  0x26, 0x28, 0x26, 0xec, 0xee, 0x27, 0x00, 0x14, 0x81, 0x07, 0xe2, 0xe5,
  0x1e, 0x1c, 0xe2, 0x1c, 0x1e, 0xe5, 0x83, 0x00, 0x80, 0x01, 0x00, 0x08,
  0x00, 0x28, 0x00, 0x00, 0x13, 0x12, 0x01, 0x02, 0x01, 0x03, 0x01, 0x02,
  0x01, 0x01, 0x01, 0x02, 0x01, 0x03, 0x01, 0x02, 0x01, 0x01, 0x01, 0x02,
  0x02, 0x12, 0xf1, 0x23, 0x0a, 0xea, 0xea, 0x0a, 0x16, 0x2b, 0x2b, 0x16,
  0x0a, 0xe9, 0xe9, 0x0a, 0x16, 0x2a, 0x2a, 0x16, 0x14, 0x12, 0x2c, 0xd5,
  0xc5, 0xe6, 0xf2, 0x07, 0x07, 0xf2, 0xe6, 0xc5, 0xfa, 0x1a, 0x26, 0x3b,
  0x3b, 0x26, 0x1a, 0xfa, 0x00, 0x00, 0x80, 0x01, 0x00, 0x08, 0x00, 0x0c,
  0x00, 0x00, 0x05, 0x04, 0x00, 0x02, 0x02, 0x02, 0x03, 0x04, 0x0a, 0x0a,
  0x0a, 0x0a, 0x14, 0x04, 0xd7, 0x29, 0xd7, 0x29, 0x00, 0x00, 0x80, 0x01,
  0x00, 0x08, 0x00, 0x1e, 0x00, 0x00, 0x00, 0x0d, 0xd3, 0xe4, 0x28, 0x17,
  0x0a, 0x0a, 0x0a, 0x0a, 0x0a, 0x0a, 0x0a, 0x0a, 0x00, 0x14, 0x81, 0x0b,
  0x04, 0x04, 0x04, 0x04, 0xda, 0x2c, 0x2c, 0xda, 0xda, 0x2c, 0x2c, 0xda,
  0x83, 0x00, 0x80, 0x01, 0x00, 0x08, 0x00, 0x14, 0x00, 0x00, 0x00, 0x08,
  0xe2, 0xe2, 0xb9, 0xe2, 0xe2, 0x28, 0x28, 0x00, 0x14, 0x81, 0x06, 0xd1,
  0x30, 0x00, 0xd1, 0x2f, 0x25, 0xdb, 0x83, 0x00, 0x80, 0x01, 0x00, 0x08,
  0x00, 0x14, 0x00, 0x00, 0x00, 0x08, 0x32, 0x32, 0x5b, 0x32, 0x32, 0xec,
  0xec, 0x00, 0x14, 0x81, 0x06, 0x2e, 0xcf, 0xff, 0x2e, 0xd0, 0xda, 0x24,
  0x83, 0x00, 0x80, 0x01, 0x00, 0x08, 0x00, 0x1c, 0x00, 0x00, 0x00, 0x0c,
  0xe2, 0xe2, 0x28, 0x28, 0xe2, 0xe2, 0xb9, 0xe2, 0xe2, 0x28, 0x28, 0x00,
  0x14, 0x81, 0x80, 0x09, 0x45, 0x45, 0x00, 0x24, 0x73, 0x3b, 0x04, 0x52,
  0x59, 0x1d, 0x83, 0x00, 0x80, 0x01, 0x00, 0x08, 0x00, 0x1b, 0x00, 0x00,
  0x00, 0x0c, 0x32, 0xec, 0xec, 0x32, 0x32, 0xec, 0xec, 0x32, 0x32, 0x5b,
  0x32, 0x00, 0x14, 0x81, 0x81, 0x08, 0x45, 0x45, 0x24, 0x1d, 0x59, 0x52,
  0x04, 0x3b, 0x73, 0x83, 0x80, 0x01, 0x00, 0x08, 0x00, 0x10, 0x00, 0x00,
  0x07, 0x06, 0x01, 0x02, 0x02, 0x02, 0x02, 0x02, 0x02, 0x80, 0x05, 0x14,
  0x00, 0x14, 0xe0, 0x33, 0x14, 0x06, 0x57, 0x0e, 0x63, 0x1e, 0x3d, 0x27,
  0x00, 0x00, 0x80, 0x01, 0x00, 0x08, 0x00, 0x0c, 0x00, 0x00, 0x05, 0x04,
  0x01, 0x02, 0x02, 0x02, 0x02, 0x80, 0x03, 0x0a, 0xb3, 0x0a, 0x14, 0x04,
  0x35, 0xde, 0x35, 0xbe, 0x00, 0x00, 0x80, 0x01, 0x00, 0x08, 0x00, 0x52,
  0x00, 0x00, 0x00, 0x41, 0x00, 0x9f, 0x00, 0x89, 0x0e, 0x66, 0x51, 0x4f,
  0x5a, 0x5b, 0x4c, 0x48, 0x49, 0x4c, 0xf6, 0xf3, 0x0b, 0x33, 0x48, 0x6b,
  0x4b, 0x00, 0x96, 0x00, 0x9e, 0x00, 0x9a, 0x00, 0x9a, 0x00, 0x9e, 0x00,
  0x9c, 0x00, 0x9e, 0x00, 0x9b, 0x00, 0xf0, 0x00, 0xf4, 0x00, 0xdd, 0x00,
  0xb4, 0x80, 0x40, 0x00, 0xe6, 0x81, 0x1c, 0xa4, 0xa4, 0xb5, 0xcd, 0xd8,
  0xd2, 0xe6, 0xe6, 0xe6, 0xe8, 0xec, 0xec, 0x11, 0x42, 0x5c, 0x5c, 0x5c,
  0x53, 0x2a, 0x22, 0x1a, 0x1a, 0x1a, 0x13, 0x14, 0x14, 0xf1, 0xbe, 0xa4,
  0x83, 0x00, 0x80, 0x01, 0x00, 0x08, 0x00, 0x0d, 0x00, 0x00, 0x00, 0x09,
  0xf6, 0xf6, 0x50, 0x50, 0xf6, 0xf6, 0x50, 0x50, 0x00, 0x46, 0x81, 0x8b,
  0x80, 0x01, 0x00, 0x08, 0x00, 0x31, 0x00, 0x00, 0x00, 0x1b, 0x17, 0x2c,
  0x49, 0x49, 0x64, 0x64, 0x4a, 0x1f, 0x09, 0xe8, 0xbe, 0xbe, 0xca, 0xca,
  0xf2, 0xec, 0xec, 0x64, 0x64, 0x50, 0x50, 0xc4, 0xbe, 0xbe, 0x36, 0x36,
  0x00, 0x18, 0x81, 0x81, 0x00, 0xff, 0x81, 0x08, 0x37, 0x67, 0x72, 0x71,
  0x70, 0x2d, 0xf7, 0xf7, 0xf9, 0x83, 0x01, 0x19, 0x1b, 0x89, 0x80, 0x01,
  0x00, 0x08, 0x00, 0x45, 0x00, 0x00, 0x23, 0x22, 0x00, 0x01, 0x01, 0x01,
  0x01, 0x01, 0x02, 0x03, 0x01, 0x02, 0x04, 0x04, 0x01, 0x02, 0x01, 0x02,
  0x01, 0x02, 0x01, 0x01, 0x01, 0x02, 0x03, 0x01, 0x02, 0x04, 0x04, 0x01,
  0x02, 0x01, 0x02, 0x01, 0x02, 0x01, 0x02, 0x22, 0xef, 0xef, 0x49, 0x49,
  0x3e, 0x3a, 0x2e, 0x32, 0x3a, 0x43, 0x4e, 0x2d, 0x16, 0x16, 0x2d, 0x4e,
  0x66, 0x66, 0x4e, 0x01, 0xfd, 0xf1, 0xf5, 0xfd, 0x06, 0x11, 0xf0, 0xd9,
  0xd9, 0xf0, 0x11, 0x29, 0x29, 0x11, 0x3f, 0x83, 0x12, 0x01, 0x01, 0x0d,
  0x1f, 0x23, 0x23, 0x0d, 0x3a, 0x24, 0x00, 0xea, 0xea, 0x00, 0x24, 0x3a,
  0xde, 0xde, 0xea, 0xfc, 0x81, 0x09, 0xea, 0x17, 0x01, 0xdd, 0xc8, 0xc8,
  0xdd, 0x01, 0x17, 0x00, 0x80, 0x01, 0x00, 0x08, 0x00, 0x1c, 0x00, 0x00,
  0x00, 0x0d, 0x5d, 0x3e, 0x00, 0x29, 0x57, 0xfa, 0xfa, 0x57, 0x4d, 0x0e,
  0xf2, 0x29, 0x00, 0x4d, 0x81, 0x02, 0xb4, 0xdd, 0x27, 0x82, 0x04, 0xdf,
  0xdf, 0x21, 0xd9, 0xb5, 0x84, 0x00, 0x80, 0x01, 0x00, 0x08, 0x00, 0x22,
  0x00, 0x00, 0x00, 0x07, 0x1a, 0xd8, 0x90, 0xd2, 0xc3, 0xc3, 0xc8, 0xbf,
  0x41, 0xff, 0x72, 0xff, 0x74, 0x03, 0xc8, 0xc8, 0x00, 0xa0, 0x81, 0x04,
  0x0e, 0x50, 0x08, 0xc6, 0xaa, 0x81, 0x04, 0xac, 0xfb, 0xf6, 0x00, 0xfb,
  0x83, 0x00, 0x80, 0x01, 0x00, 0x08, 0x00, 0x1d, 0x00, 0x00, 0x00, 0x0d,
  0xcb, 0xf4, 0x3e, 0x17, 0xf6, 0xf6, 0xf6, 0xf6, 0x38, 0xf0, 0xcc, 0x17,
  0x00, 0x12, 0x81, 0x0a, 0xcc, 0xeb, 0x29, 0x00, 0xd2, 0x2f, 0x2f, 0xd2,
  0xdc, 0x1b, 0x37, 0x84, 0x80, 0x01, 0x00, 0x08, 0x00, 0x24, 0x00, 0x00,
  0x00, 0x03, 0xd8, 0x1a, 0xd2, 0x90, 0x40, 0xff, 0x74, 0x01, 0xca, 0xca,
  0x40, 0xff, 0x76, 0x05, 0xc5, 0xc0, 0xca, 0xc5, 0x00, 0xa2, 0x81, 0x0b,
  0x9a, 0xdc, 0x24, 0xe2, 0xf1, 0xf1, 0xec, 0xf5, 0x42, 0x40, 0xec, 0xec,
  0x83, 0x00, 0x80, 0x01, 0x00, 0x08, 0x00, 0x1e, 0x00, 0x00, 0x00, 0x0d,
  0x5d, 0x29, 0x00, 0x3e, 0x57, 0x57, 0xfa, 0xfa, 0x4d, 0x29, 0xf2, 0x0e,
  0x00, 0x4d, 0x81, 0x0b, 0x4c, 0x00, 0xd9, 0x23, 0x00, 0x21, 0x21, 0x00,
  0xdf, 0x00, 0x4b, 0x27, 0x83, 0x00, 0x80, 0x01, 0x00, 0x08, 0x00, 0x1e,
  0x00, 0x00, 0x00, 0x0d, 0x86, 0xc8, 0x10, 0xce, 0xdd, 0xdd, 0xd8, 0xe1,
  0x2e, 0x2c, 0xd8, 0xd8, 0x00, 0xa0, 0x81, 0x04, 0xf2, 0xb0, 0xf8, 0x3a,
  0x56, 0x81, 0x04, 0x54, 0x05, 0x0a, 0x00, 0x05, 0x83, 0x00, 0x80, 0x01,
  0x00, 0x08, 0x00, 0x1e, 0x00, 0x00, 0x00, 0x0d, 0x47, 0xfb, 0xd4, 0x1e,
  0x1c, 0x1c, 0x1c, 0x1c, 0xda, 0xfb, 0x46, 0x22, 0x00, 0x12, 0x81, 0x0b,
  0xcb, 0xff, 0x28, 0xea, 0xd1, 0xd1, 0x2e, 0x2e, 0xdb, 0xff, 0x36, 0x1a,
  0x83, 0x00, 0x80, 0x01, 0x00, 0x08, 0x00, 0x1e, 0x00, 0x00, 0x00, 0x0d,
  0xca, 0x88, 0xd0, 0x12, 0x2e, 0xd8, 0xd8, 0x2c, 0xdd, 0xe2, 0xd8, 0xdd,
  0x00, 0xa2, 0x81, 0x0b, 0x5a, 0x18, 0xd0, 0x12, 0x03, 0x03, 0x08, 0xff,
  0xb2, 0xb4, 0x08, 0x08, 0x83, 0x00, 0x80, 0x01, 0x00, 0x08, 0x00, 0x48,
  0x00, 0x00, 0x00, 0x41, 0x00, 0x9f, 0x00, 0x8c, 0x02, 0x6f, 0x6f, 0x6f,
  0x47, 0x00, 0x8c, 0x00, 0x9f, 0x00, 0xb1, 0x00, 0xcf, 0x00, 0xcf, 0x00,
  0xcf, 0x00, 0xb1, 0x00, 0x83, 0x04, 0x6f, 0x53, 0x53, 0x53, 0x6f, 0x45,
  0x00, 0x83, 0x00, 0x96, 0x00, 0xb3, 0x00, 0xb3, 0x00, 0xb3, 0x00, 0x96,
  0x83, 0x17, 0xc3, 0xc3, 0xe0, 0xf3, 0x05, 0x23, 0x23, 0x23, 0x05, 0xf3,
  0xe0, 0xc3, 0xc3, 0xc3, 0xdf, 0xf3, 0x06, 0x23, 0x23, 0x23, 0x06, 0xf3,
  0xdf, 0xc3, 0x83, 0x00, 0x80, 0x01, 0x00, 0x08, 0x00, 0x1b, 0x00, 0x00,
  0x00, 0x01, 0x3c, 0x24, 0x82, 0x06, 0x24, 0x3c, 0x54, 0x78, 0x78, 0x78,
  0x54, 0x83, 0x0b, 0xae, 0xae, 0xd2, 0xea, 0x02, 0x26, 0x26, 0x26, 0x02,
  0xea, 0xd2, 0xae, 0x83, 0x80, 0x01, 0x00, 0x08, 0x00, 0x0c, 0x00, 0x00,
  0x00, 0x03, 0x96, 0x94, 0xfd, 0xf4, 0x83, 0x00, 0xec, 0x81, 0x00, 0xec,
  0x83, 0x00, 0x80, 0x01, 0x00, 0x08, 0x00, 0x0c, 0x00, 0x00, 0x00, 0x03,
  0x16, 0x0d, 0x76, 0x74, 0x83, 0x00, 0xec, 0x81, 0x00, 0xec, 0x83, 0x00,
  0x80, 0x01, 0x00, 0x08, 0x00, 0x18, 0x00, 0x00, 0x00, 0x01, 0x40, 0x41,
  0x41, 0x00, 0x92, 0x00, 0x84, 0x03, 0x04, 0x01, 0x52, 0x46, 0x83, 0x00,
  0xec, 0x81, 0x01, 0xec, 0xec, 0x81, 0x00, 0xec, 0x83, 0x00, 0x80, 0x01,
  0x00, 0x08, 0x00, 0x0c, 0x00, 0x00, 0x00, 0x03, 0xf8, 0xd8, 0x27, 0x42,
  0x83, 0x03, 0x19, 0x01, 0x01, 0x19, 0x83, 0x00, 0x80, 0x01, 0x00, 0x08,
  0x00, 0x18, 0x00, 0x00, 0x00, 0x09, 0x24, 0x11, 0x11, 0x67, 0x6e, 0x0a,
  0x11, 0x67, 0x67, 0x54, 0x83, 0x01, 0xeb, 0xf4, 0x81, 0x01, 0xeb, 0xeb,
  0x81, 0x01, 0xf4, 0xeb, 0x83, 0x00, 0x80, 0x01, 0x00, 0x08, 0x00, 0x18,
  0x00, 0x00, 0x00, 0x09, 0x0d, 0x0d, 0x1c, 0x64, 0x5d, 0x07, 0x00, 0x48,
  0x57, 0x57, 0x83, 0x01, 0xec, 0xf0, 0x81, 0x01, 0xec, 0xec, 0x81, 0x01,
  0xf0, 0xec, 0x83, 0x00, 0x80, 0x01, 0x00, 0x08, 0x00, 0x12, 0x00, 0x00,
  0x08, 0x07, 0x00, 0x04, 0x02, 0x03, 0x02, 0x02, 0x01, 0x01, 0x07, 0x28,
  0x00, 0x68, 0x0c, 0xe8, 0x50, 0x45, 0x33, 0x07, 0xe5, 0x00, 0x11, 0x26,
  0x00, 0xf8, 0xec, 0xe5, 0x80, 0x01, 0x00, 0x08, 0x00, 0x1a, 0x00, 0x00,
  0x0c, 0x0b, 0x01, 0x01, 0x01, 0x02, 0x01, 0x02, 0x02, 0x01, 0x02, 0x01,
  0x05, 0x04, 0x0b, 0x1b, 0x04, 0xf6, 0xf6, 0x04, 0x28, 0x4b, 0x5a, 0x5a,
  0x4b, 0x23, 0x2d, 0x0b, 0xd4, 0xe0, 0xf3, 0x0d, 0x20, 0x2c, 0x20, 0x0d,
  0xf3, 0xe0, 0xfa, 0x06, 0x80, 0x01, 0x00, 0x08, 0x00, 0x36, 0x00, 0x00,
  0x00, 0x18, 0x16, 0x0b, 0x05, 0x06, 0x06, 0x01, 0x0c, 0x0b, 0x0a, 0xd2,
  0xd6, 0xdf, 0xee, 0xfb, 0x0b, 0x18, 0x18, 0x14, 0x15, 0x11, 0x0a, 0x09,
  0x41, 0x3c, 0x2d, 0x83, 0x18, 0xda, 0xda, 0xda, 0xda, 0xda, 0xda, 0xda,
  0xde, 0xd8, 0xd8, 0xf7, 0x0c, 0x0c, 0x0c, 0x0c, 0x0c, 0x0c, 0x0c, 0x0c,
  0x0c, 0x10, 0x0d, 0x0d, 0xe9, 0xda, 0x83, 0x00, 0x80, 0x01, 0x00, 0x08,
  0x00, 0x06, 0x00, 0x00, 0x02, 0x01, 0x01, 0x02, 0x01, 0xec, 0x14, 0x01,
  0x3f, 0xe1, 0x80, 0x01, 0x00, 0x08, 0x00, 0x0b, 0x00, 0x00, 0x00, 0x03,
  0x78, 0x6d, 0x00, 0x2e, 0x83, 0x80, 0x01, 0xec, 0xec, 0x84, 0x80, 0x01,
  0x00, 0x08, 0x00, 0x0b, 0x00, 0x00, 0x00, 0x03, 0x11, 0x11, 0x72, 0x5b,
  0x83, 0x80, 0x01, 0x18, 0x18, 0x84, 0x80, 0x01, 0x00, 0x08, 0x00, 0x2e,
  0x00, 0x00, 0x00, 0x15, 0xf2, 0xec, 0xe5, 0xf1, 0xf3, 0xf1, 0xe6, 0xde,
  0xdd, 0xd2, 0xd2, 0xd2, 0xdc, 0xeb, 0xec, 0x20, 0x1c, 0x18, 0x21, 0x21,
  0x21, 0x01, 0x83, 0x81, 0x12, 0x08, 0x05, 0x26, 0x27, 0x2f, 0x2f, 0x2f,
  0x2a, 0x1b, 0x0d, 0x01, 0xfa, 0x00, 0x0e, 0x07, 0x0a, 0x0d, 0x0c, 0x01,
  0x84, 0x00, 0x80, 0x01, 0x00, 0x08, 0x00, 0x2c, 0x00, 0x00, 0x00, 0x14,
  0x1e, 0x15, 0xfe, 0xec, 0xec, 0xec, 0xcd, 0xbb, 0x13, 0x1b, 0x3b, 0x3b,
  0x3b, 0x30, 0x25, 0x1a, 0x08, 0x08, 0x29, 0x27, 0x23, 0x83, 0x81, 0x11,
  0x08, 0x18, 0x24, 0x1b, 0x06, 0xf4, 0x00, 0x09, 0x1d, 0x31, 0x39, 0x3e,
  0x3e, 0x3e, 0x39, 0x3a, 0xfc, 0xfc, 0x84, 0x00, 0x80, 0x01, 0x00, 0x08,
  0x00, 0x30, 0x00, 0x00, 0x00, 0x16, 0x3e, 0x34, 0x18, 0x04, 0x04, 0x04,
  0x16, 0x30, 0x3a, 0x48, 0x41, 0x43, 0x4a, 0x4a, 0x4a, 0x41, 0x39, 0x34,
  0x21, 0x1c, 0x3d, 0x40, 0x43, 0x83, 0x81, 0x13, 0x03, 0x0c, 0x15, 0x19,
  0x15, 0x11, 0x1a, 0x1b, 0x10, 0x14, 0x24, 0x2b, 0x34, 0x3d, 0x3d, 0x3d,
  0x3b, 0x39, 0xfc, 0xfd, 0x84, 0x00, 0x80, 0x01, 0x00, 0x08, 0x00, 0x06,
  0x00, 0x00, 0x02, 0x01, 0x01, 0x02, 0x01, 0xe7, 0x19, 0x01, 0x3f, 0xe1,
  0x80, 0x01, 0x00, 0x08, 0x00, 0x06, 0x00, 0x00, 0x00, 0x02, 0xa3, 0x00,
  0x68, 0x81, 0x84, 0x00, 0x80, 0x01, 0x00, 0x08, 0x00, 0x05, 0x00, 0x00,
  0x00, 0x81, 0x00, 0x78, 0x81, 0x84, 0x80, 0x01, 0x00, 0x08, 0x00, 0x06,
  0x00, 0x00, 0x00, 0x02, 0x6c, 0x00, 0x61, 0x81, 0x84, 0x00, 0x80, 0x01,
  0x00, 0x08, 0x00, 0x06, 0x00, 0x00, 0x00, 0x02, 0xeb, 0x00, 0x61, 0x81,
  0x84, 0x00, 0x80, 0x01, 0x00, 0x08, 0x00, 0x06, 0x00, 0x00, 0x00, 0x81,
  0x40, 0x00, 0x9c, 0x81, 0x84, 0x00, 0x80, 0x01, 0x00, 0x08, 0x00, 0x06,
  0x00, 0x00, 0x00, 0x02, 0xf6, 0x00, 0x64, 0x81, 0x84, 0x00, 0x80, 0x01,
  0x00, 0x08, 0x00, 0x06, 0x00, 0x00, 0x00, 0x02, 0xf6, 0x00, 0x64, 0x81,
  0x84, 0x00, 0x80, 0x01, 0x00, 0x08, 0x00, 0x05, 0x00, 0x00, 0x00, 0x81,
  0x00, 0x50, 0x81, 0x84, 0x80, 0x01, 0x00, 0x08, 0x00, 0x29, 0x00, 0x00,
  0x0d, 0x0c, 0x01, 0x01, 0x01, 0x02, 0x01, 0x02, 0x02, 0x01, 0x02, 0x01,
  0x05, 0x04, 0x02, 0x4c, 0x00, 0xb5, 0x00, 0x9e, 0x00, 0x90, 0x00, 0x90,
  0x00, 0x9e, 0x00, 0xc2, 0x00, 0xe5, 0x00, 0xf4, 0x00, 0xf4, 0x00, 0xe5,
  0x00, 0xbd, 0x00, 0xc7, 0x01, 0x45, 0x0c, 0xd4, 0xe0, 0xf3, 0x0d, 0x20,
  0x2c, 0x20, 0x0d, 0xf3, 0xe0, 0xfa, 0x06, 0x00, 0x80, 0x01, 0x00, 0x08,
  0x00, 0x06, 0x00, 0x00, 0x00, 0x02, 0x2e, 0x00, 0x6f, 0x81, 0x84, 0x00,
  0x80, 0x01, 0x00, 0x08, 0x00, 0x02, 0x00, 0x00, 0x00, 0x84, 0x84, 0x00,
  0x80, 0x01, 0x00, 0x08, 0x00, 0x06, 0x00, 0x00, 0x00, 0x02, 0x0f, 0x00,
  0x30, 0x81, 0x84, 0x00, 0x80, 0x01, 0x00, 0x08, 0x00, 0x05, 0x00, 0x00,
  0x00, 0x81, 0x00, 0x0a, 0x81, 0x84, 0x80, 0x01, 0x00, 0x08, 0x00, 0x6e,
  0x00, 0x00, 0x00, 0x35, 0xef, 0xfb, 0xf0, 0xe1, 0xe7, 0x55, 0x4d, 0x1c,
  0xfc, 0xc5, 0x93, 0x93, 0x93, 0xcf, 0xf8, 0xd8, 0xd1, 0xd3, 0xd9, 0xd9,
  0xd9, 0xe7, 0xee, 0xeb, 0xed, 0xf9, 0x05, 0x99, 0xa8, 0xdb, 0xf8, 0x1a,
  0x44, 0x44, 0x44, 0x25, 0x0f, 0x2d, 0x16, 0x02, 0x02, 0x02, 0xfa, 0xf0,
  0xc7, 0xc7, 0x1c, 0x1c, 0xc7, 0xc7, 0x1c, 0x1c, 0x00, 0xeb, 0x81, 0x30,
  0x01, 0x01, 0x04, 0x0a, 0x10, 0x28, 0x3b, 0x58, 0x56, 0x55, 0x34, 0x1a,
  0xf9, 0xd9, 0xcf, 0xd7, 0xd9, 0xe3, 0xee, 0xee, 0xf6, 0xff, 0xff, 0xff,
  0x0b, 0x08, 0xf1, 0xd9, 0xbb, 0xaa, 0xaa, 0xaa, 0xcd, 0xe7, 0x08, 0x22,
  0x26, 0x1c, 0x1f, 0x1e, 0x12, 0x04, 0xfd, 0x01, 0x00, 0x39, 0x39, 0x00,
  0xc7, 0x81, 0x00, 0xc7, 0x83, 0x00, 0x00, 0x00, 0x00, 0x02, 0x00, 0x64,
  0xff, 0x56, 0x02, 0x60, 0x03, 0x16, 0x00, 0x03, 0x00, 0x07, 0x00, 0x00,
  0x17, 0x11, 0x21, 0x11, 0x25, 0x21, 0x11, 0x21, 0x64, 0x01, 0xfc, 0xfe,
  0x3e, 0x01, 0x88, 0xfe, 0x78, 0xaa, 0x03, 0xc0, 0xfc, 0x40, 0x3a, 0x03,
  0x4c, 0x00, 0x00, 0x02, 0x00, 0x0a, 0x00, 0x00, 0x02, 0x8c, 0x02, 0xbc,
  0x00, 0x07, 0x00, 0x0a, 0x00, 0x00, 0x33, 0x01, 0x33, 0x01, 0x23, 0x27,
  0x21, 0x07, 0x13, 0x21, 0x03, 0x0a, 0x01, 0x20, 0x42, 0x01, 0x20, 0x44,
  0x59, 0xfe, 0xb8, 0x59, 0x70, 0x01, 0x1a, 0x8d, 0x02, 0xbc, 0xfd, 0x44,
  0xd9, 0xd9, 0x01, 0x13, 0x01, 0x58, 0x00, 0x03, 0x00, 0x0a, 0x00, 0x00,
  0x02, 0x8c, 0x03, 0x5c, 0x00, 0x07, 0x00, 0x0a, 0x00, 0x0e, 0x00, 0x00,
  0x33, 0x01, 0x33, 0x01, 0x23, 0x27, 0x21, 0x07, 0x13, 0x21, 0x03, 0x27,
  0x37, 0x33, 0x07, 0x0a, 0x01, 0x20, 0x42, 0x01, 0x20, 0x44, 0x59, 0xfe,
  0xb8, 0x59, 0x70, 0x01, 0x1a, 0x8d, 0x3e, 0x77, 0x55, 0x80, 0x02, 0xbc,
  0xfd, 0x44, 0xd9, 0xd9, 0x01, 0x13, 0x01, 0x58, 0x79, 0x78, 0x78, 0x00,
  0xff, 0xff, 0x00, 0x0a, 0x00, 0x00, 0x02, 0x8c, 0x03, 0x66, 0x02, 0x26,
  0x00, 0x01, 0x00, 0x00, 0x00, 0x07, 0x01, 0xb2, 0x00, 0xa8, 0x00, 0xaa,
  0xff, 0xff, 0x00, 0x0a, 0x00, 0x00, 0x02, 0x8c, 0x03, 0x66, 0x02, 0x26,
  0x00, 0x01, 0x00, 0x00, 0x00, 0x07, 0x01, 0xb1, 0x00, 0xa8, 0x00, 0xaa,
  0xff, 0xff, 0x00, 0x0a, 0x00, 0x00, 0x02, 0x8c, 0x03, 0x72, 0x02, 0x26,
  0x00, 0x01, 0x00, 0x00, 0x00, 0x07, 0x01, 0xb0, 0x00, 0xa8, 0x00, 0xaa,
  0xff, 0xff, 0x00, 0x0a, 0x00, 0x00, 0x02, 0x8c, 0x03, 0x70, 0x02, 0x26,
  0x00, 0x01, 0x00, 0x00, 0x00, 0x07, 0x01, 0xaa, 0x00, 0xc4, 0x00, 0xaa,
  0xff, 0xff, 0x00, 0x0a, 0x00, 0x00, 0x02, 0x8c, 0x03, 0x67, 0x02, 0x26,
  0x00, 0x01, 0x00, 0x00, 0x00, 0x07, 0x01, 0xac, 0x00, 0x52, 0x00, 0xaa,
  0xff, 0xff, 0x00, 0x0a, 0x00, 0x00, 0x02, 0x8c, 0x03, 0x27, 0x02, 0x26,
  0x00, 0x01, 0x00, 0x00, 0x00, 0x07, 0x01, 0xb5, 0x00, 0xb5, 0x00, 0xaa,
  0xff, 0xff, 0x00, 0x0a, 0xff, 0x2c, 0x02, 0x9d, 0x02, 0xbc, 0x02, 0x26,
  0x00, 0x01, 0x00, 0x00, 0x00, 0x07, 0x01, 0xb9, 0x01, 0xc8, 0x00, 0x00,
  0xff, 0xff, 0x00, 0x0a, 0x00, 0x00, 0x02, 0x8c, 0x03, 0x89, 0x02, 0x26,
  0x00, 0x01, 0x00, 0x00, 0x00, 0x07, 0x01, 0xb3, 0x00, 0xc1, 0x00, 0xaa,
  0xff, 0xff, 0x00, 0x0a, 0x00, 0x00, 0x02, 0x8c, 0x03, 0x66, 0x02, 0x26,
  0x00, 0x01, 0x00, 0x00, 0x00, 0x07, 0x01, 0xb4, 0x00, 0x54, 0x00, 0xaa,
  0x00, 0x02, 0x00, 0x0a, 0x00, 0x00, 0x03, 0x89, 0x02, 0xbc, 0x00, 0x0f,
  0x00, 0x13, 0x00, 0x00, 0x33, 0x01, 0x21, 0x15, 0x21, 0x15, 0x21, 0x15,
  0x21, 0x11, 0x21, 0x15, 0x21, 0x35, 0x21, 0x07, 0x13, 0x33, 0x11, 0x23,
  0x0a, 0x01, 0xb6, 0x01, 0xc9, 0xfe, 0xad, 0x01, 0x3b, 0xfe, 0xc5, 0x01,
  0x53, 0xfe, 0x6d, 0xfe, 0xe3, 0x87, 0xab, 0xf9, 0x14, 0x02, 0xbc, 0x3a,
  0xfc, 0x3a, 0xfe, 0xee, 0x3a, 0xd9, 0xd9, 0x01, 0x13, 0x01, 0x6f, 0x00,
  0x00, 0x03, 0x00, 0x64, 0x00, 0x00, 0x02, 0x30, 0x02, 0xbc, 0x00, 0x10,
  0x00, 0x19, 0x00, 0x22, 0x00, 0x00, 0x33, 0x11, 0x33, 0x32, 0x16, 0x16,
  0x15, 0x14, 0x06, 0x07, 0x16, 0x16, 0x15, 0x14, 0x06, 0x06, 0x23, 0x27,
  0x33, 0x32, 0x36, 0x35, 0x34, 0x26, 0x23, 0x23, 0x35, 0x33, 0x32, 0x36,
  0x35, 0x34, 0x26, 0x23, 0x23, 0x64, 0xd7, 0x47, 0x64, 0x36, 0x30, 0x2c,
  0x36, 0x3a, 0x34, 0x61, 0x45, 0xb2, 0xb2, 0x49, 0x52, 0x60, 0x56, 0x97,
  0xb2, 0x40, 0x47, 0x55, 0x4d, 0x97, 0x02, 0xbc, 0x2c, 0x54, 0x3b, 0x37,
  0x50, 0x17, 0x19, 0x55, 0x3a, 0x3b, 0x54, 0x2c, 0x3b, 0x44, 0x3c, 0x42,
  0x49, 0x3b, 0x44, 0x3c, 0x3e, 0x43, 0x00, 0x01, 0x00, 0x32, 0xff, 0xf4,
  0x02, 0xa7, 0x02, 0xc8, 0x00, 0x21, 0x00, 0x00, 0x05, 0x22, 0x26, 0x26,
  0x35, 0x34, 0x36, 0x36, 0x33, 0x32, 0x16, 0x16, 0x17, 0x07, 0x2e, 0x02,
  0x23, 0x22, 0x06, 0x06, 0x15, 0x14, 0x16, 0x16, 0x33, 0x32, 0x36, 0x36,
  0x37, 0x17, 0x0e, 0x02, 0x01, 0x85, 0x63, 0x99, 0x57, 0x56, 0x98, 0x62,
  0x3b, 0x71, 0x5c, 0x19, 0x35, 0x15, 0x4b, 0x5c, 0x30, 0x4f, 0x7b, 0x46,
  0x46, 0x7d, 0x50, 0x31, 0x5c, 0x4b, 0x15, 0x35, 0x1a, 0x5b, 0x72, 0x0c,
  0x5d, 0xa3, 0x6a, 0x6a, 0xa3, 0x5d, 0x2b, 0x4d, 0x32, 0x21, 0x2b, 0x41,
  0x25, 0x4e, 0x89, 0x59, 0x5a, 0x8a, 0x4e, 0x29, 0x48, 0x2e, 0x21, 0x35,
  0x53, 0x2e, 0xff, 0xff, 0x00, 0x32, 0xff, 0xf4, 0x02, 0xa7, 0x03, 0x66,
  0x02, 0x26, 0x00, 0x0e, 0x00, 0x00, 0x00, 0x07, 0x01, 0xad, 0x00, 0x61,
  0x00, 0xaa, 0xff, 0xff, 0x00, 0x32, 0xff, 0xf4, 0x02, 0xa7, 0x03, 0x66,
  0x02, 0x26, 0x00, 0x0e, 0x00, 0x00, 0x00, 0x07, 0x01, 0xb1, 0x00, 0xdf,
  0x00, 0xaa, 0xff, 0xff, 0x00, 0x32, 0xff, 0x2e, 0x02, 0xa7, 0x02, 0xc8,
  0x02, 0x26, 0x00, 0x0e, 0x00, 0x00, 0x00, 0x06, 0x01, 0xb8, 0x5c, 0x00,
  0xff, 0xff, 0x00, 0x32, 0xff, 0xf4, 0x02, 0xa7, 0x03, 0x72, 0x02, 0x26,
  0x00, 0x0e, 0x00, 0x00, 0x00, 0x07, 0x01, 0xb0, 0x00, 0xdf, 0x00, 0xaa,
  0xff, 0xff, 0x00, 0x32, 0xff, 0xf4, 0x02, 0xa7, 0x03, 0x70, 0x02, 0x26,
  0x00, 0x0e, 0x00, 0x00, 0x00, 0x07, 0x01, 0xab, 0x01, 0x5a, 0x00, 0xaa,
  0x00, 0x02, 0x00, 0x64, 0x00, 0x00, 0x02, 0x79, 0x02, 0xbc, 0x00, 0x0a,
  0x00, 0x17, 0x00, 0x00, 0x33, 0x11, 0x33, 0x32, 0x16, 0x16, 0x15, 0x14,
  0x06, 0x06, 0x23, 0x27, 0x33, 0x32, 0x3e, 0x02, 0x35, 0x34, 0x2e, 0x02,
  0x23, 0x23, 0x64, 0xd1, 0x5f, 0x92, 0x53, 0x53, 0x92, 0x5f, 0x91, 0x91,
  0x36, 0x5e, 0x48, 0x28, 0x28, 0x48, 0x5e, 0x36, 0x91, 0x02, 0xbc, 0x59,
  0x9e, 0x67, 0x66, 0x9e, 0x5a, 0x3a, 0x2d, 0x51, 0x6a, 0x3c, 0x3c, 0x6a,
  0x51, 0x2d, 0xff, 0xff, 0x00, 0x64, 0x00, 0x00, 0x02, 0x79, 0x03, 0x66,
  0x02, 0x26, 0x00, 0x14, 0x00, 0x00, 0x00, 0x07, 0x01, 0xb1, 0x00, 0x91,
  0x00, 0xaa, 0xff, 0xff, 0x00, 0x50, 0x00, 0x00, 0x02, 0xbf, 0x02, 0xbc,
  0x02, 0x06, 0x00, 0x17, 0x00, 0x00, 0x00, 0x03, 0x00, 0x50, 0x00, 0x00,
  0x02, 0xbf, 0x02, 0xbc, 0x00, 0x03, 0x00, 0x0e, 0x00, 0x1b, 0x00, 0x00,
  0x13, 0x35, 0x21, 0x15, 0x03, 0x11, 0x33, 0x32, 0x16, 0x16, 0x15, 0x14,
  0x06, 0x06, 0x23, 0x27, 0x33, 0x32, 0x3e, 0x02, 0x35, 0x34, 0x2e, 0x02,
  0x23, 0x23, 0x50, 0x01, 0x3b, 0xe1, 0xd1, 0x5f, 0x92, 0x53, 0x53, 0x92,
  0x5f, 0x91, 0x91, 0x36, 0x5e, 0x48, 0x28, 0x28, 0x48, 0x5e, 0x36, 0x91,
  0x01, 0x40, 0x3a, 0x3a, 0xfe, 0xc0, 0x02, 0xbc, 0x59, 0x9e, 0x67, 0x66,
  0x9e, 0x5a, 0x3a, 0x2d, 0x51, 0x6a, 0x3c, 0x3c, 0x6a, 0x51, 0x2d, 0x00,
  0x00, 0x01, 0x00, 0x64, 0x00, 0x00, 0x01, 0xf7, 0x02, 0xbc, 0x00, 0x0b,
  0x00, 0x00, 0x33, 0x11, 0x21, 0x15, 0x21, 0x15, 0x21, 0x15, 0x21, 0x11,
  0x21, 0x15, 0x64, 0x01, 0x93, 0xfe, 0xad, 0x01, 0x3b, 0xfe, 0xc5, 0x01,
  0x53, 0x02, 0xbc, 0x3a, 0xfc, 0x3a, 0xfe, 0xee, 0x3a, 0x00, 0x00, 0x02,
  0x00, 0x64, 0x00, 0x00, 0x01, 0xf7, 0x03, 0x5c, 0x00, 0x0b, 0x00, 0x0f,
  0x00, 0x00, 0x33, 0x11, 0x21, 0x15, 0x21, 0x15, 0x21, 0x15, 0x21, 0x11,
  0x21, 0x15, 0x01, 0x37, 0x33, 0x07, 0x64, 0x01, 0x93, 0xfe, 0xad, 0x01,
  0x3b, 0xfe, 0xc5, 0x01, 0x53, 0xfe, 0xff, 0x77, 0x55, 0x80, 0x02, 0xbc,
  0x3a, 0xfc, 0x3a, 0xfe, 0xee, 0x3a, 0x02, 0xe4, 0x78, 0x78, 0xff, 0xff,
  0x00, 0x64, 0x00, 0x00, 0x01, 0xf7, 0x03, 0x66, 0x02, 0x26, 0x00, 0x18,
  0x00, 0x00, 0x00, 0x07, 0x01, 0xb1, 0x00, 0x91, 0x00, 0xaa, 0xff, 0xff,
  0x00, 0x64, 0x00, 0x00, 0x01, 0xf7, 0x03, 0x72, 0x02, 0x26, 0x00, 0x18,
  0x00, 0x00, 0x00, 0x07, 0x01, 0xb0, 0x00, 0x91, 0x00, 0xaa, 0xff, 0xff,
  0x00, 0x64, 0x00, 0x00, 0x01, 0xf7, 0x03, 0x70, 0x02, 0x26, 0x00, 0x18,
  0x00, 0x00, 0x00, 0x07, 0x01, 0xaa, 0x00, 0xad, 0x00, 0xaa, 0xff, 0xff,
  0x00, 0x64, 0x00, 0x00, 0x01, 0xf7, 0x03, 0x70, 0x02, 0x26, 0x00, 0x18,
  0x00, 0x00, 0x00, 0x07, 0x01, 0xab, 0x01, 0x0c, 0x00, 0xaa, 0xff, 0xff,
  0x00, 0x64, 0x00, 0x00, 0x01, 0xf7, 0x03, 0x67, 0x02, 0x26, 0x00, 0x18,
  0x00, 0x00, 0x00, 0x07, 0x01, 0xac, 0x00, 0x3b, 0x00, 0xaa, 0xff, 0xff,
  0x00, 0x64, 0x00, 0x00, 0x01, 0xf7, 0x03, 0x27, 0x02, 0x26, 0x00, 0x18,
  0x00, 0x00, 0x00, 0x07, 0x01, 0xb5, 0x00, 0x9e, 0x00, 0xaa, 0xff, 0xff,
  0x00, 0x64, 0xff, 0x2c, 0x02, 0x08, 0x02, 0xbc, 0x02, 0x26, 0x00, 0x18,
  0x00, 0x00, 0x00, 0x07, 0x01, 0xb9, 0x01, 0x33, 0x00, 0x00, 0x00, 0x01,
  0x00, 0x64, 0x00, 0x00, 0x01, 0xf7, 0x02, 0xbc, 0x00, 0x09, 0x00, 0x00,
  0x33, 0x11, 0x21, 0x15, 0x21, 0x11, 0x21, 0x15, 0x21, 0x11, 0x64, 0x01,
  0x93, 0xfe, 0xad, 0x01, 0x31, 0xfe, 0xcf, 0x02, 0xbc, 0x3a, 0xfe, 0xf5,
  0x3a, 0xfe, 0xc3, 0x00, 0x00, 0x01, 0x00, 0x32, 0xff, 0xf4, 0x02, 0xd7,
  0x02, 0xc8, 0x00, 0x24, 0x00, 0x00, 0x05, 0x22, 0x26, 0x26, 0x35, 0x34,
  0x36, 0x36, 0x33, 0x32, 0x16, 0x16, 0x17, 0x07, 0x2e, 0x02, 0x23, 0x22,
  0x06, 0x06, 0x15, 0x14, 0x16, 0x16, 0x33, 0x32, 0x36, 0x36, 0x35, 0x23,
  0x35, 0x33, 0x15, 0x14, 0x06, 0x06, 0x01, 0x9d, 0x6a, 0xa4, 0x5d, 0x5d,
  0xa4, 0x6a, 0x35, 0x6a, 0x59, 0x1b, 0x31, 0x16, 0x49, 0x57, 0x2c, 0x57,
  0x87, 0x4d, 0x4d, 0x87, 0x57, 0x49, 0x72, 0x41, 0xb0, 0xee, 0x50, 0x8e,
  0x0c, 0x5d, 0xa3, 0x69, 0x6b, 0xa3, 0x5d, 0x24, 0x3f, 0x29, 0x25, 0x23,
  0x36, 0x1e, 0x4e, 0x89, 0x5a, 0x58, 0x89, 0x4e, 0x3e, 0x6f, 0x48, 0x3b,
  0x3b, 0x58, 0x89, 0x4e, 0xff, 0xff, 0x00, 0x32, 0xff, 0xf4, 0x02, 0xd7,
  0x03, 0x84, 0x02, 0x26, 0x00, 0x22, 0x00, 0x00, 0x00, 0x07, 0x01, 0xb2,
  0x00, 0xdd, 0x00, 0xc8, 0xff, 0xff, 0x00, 0x32, 0xff, 0xf4, 0x02, 0xd7,
  0x03, 0x73, 0x02, 0x26, 0x00, 0x22, 0x00, 0x00, 0x00, 0x07, 0x01, 0xb0,
  0x00, 0xe2, 0x00, 0xab, 0xff, 0xff, 0x00, 0x32, 0xff, 0x38, 0x02, 0xd7,
  0x02, 0xc8, 0x02, 0x26, 0x00, 0x22, 0x00, 0x00, 0x00, 0x07, 0x01, 0xb7,
  0x01, 0x47, 0x00, 0x00, 0xff, 0xff, 0x00, 0x32, 0xff, 0xf4, 0x02, 0xd7,
  0x03, 0x8e, 0x02, 0x26, 0x00, 0x22, 0x00, 0x00, 0x00, 0x07, 0x01, 0xab,
  0x01, 0x58, 0x00, 0xc8, 0x00, 0x01, 0x00, 0x64, 0x00, 0x00, 0x02, 0x8c,
  0x02, 0xbc, 0x00, 0x0b, 0x00, 0x00, 0x33, 0x11, 0x33, 0x11, 0x21, 0x11,
  0x33, 0x11, 0x23, 0x11, 0x21, 0x11, 0x64, 0x40, 0x01, 0xa8, 0x40, 0x40,
  0xfe, 0x58, 0x02, 0xbc, 0xfe, 0xca, 0x01, 0x36, 0xfd, 0x44, 0x01, 0x4c,
  0xfe, 0xb4, 0x00, 0x02, 0x00, 0x05, 0x00, 0x00, 0x02, 0xeb, 0x02, 0xbc,
  0x00, 0x03, 0x00, 0x0f, 0x00, 0x00, 0x13, 0x35, 0x21, 0x15, 0x01, 0x11,
  0x33, 0x11, 0x21, 0x11, 0x33, 0x11, 0x23, 0x11, 0x21, 0x11, 0x05, 0x02,
  0xe6, 0xfd, 0x79, 0x40, 0x01, 0xa8, 0x40, 0x40, 0xfe, 0x58, 0x01, 0xf4,
  0x3a, 0x3a, 0xfe, 0x0c, 0x02, 0xbc, 0xfe, 0xca, 0x01, 0x36, 0xfd, 0x44,
  0x01, 0x4c, 0xfe, 0xb4, 0xff, 0xff, 0x00, 0x64, 0x00, 0x00, 0x02, 0x8c,
  0x03, 0x72, 0x02, 0x26, 0x00, 0x27, 0x00, 0x00, 0x00, 0x07, 0x01, 0xb0,
  0x00, 0xd6, 0x00, 0xaa, 0x00, 0x01, 0x00, 0x64, 0x00, 0x00, 0x00, 0xa4,
  0x02, 0xbc, 0x00, 0x03, 0x00, 0x00, 0x33, 0x11, 0x33, 0x11, 0x64, 0x40,
  0x02, 0xbc, 0xfd, 0x44, 0xff, 0xff, 0x00, 0x64, 0xff, 0xf5, 0x02, 0xa2,
  0x02, 0xbc, 0x00, 0x26, 0x00, 0x2a, 0x00, 0x00, 0x00, 0x07, 0x00, 0x33,
  0x01, 0x08, 0x00, 0x00, 0x00, 0x02, 0x00, 0x46, 0x00, 0x00, 0x01, 0x12,
  0x03, 0x5c, 0x00, 0x03, 0x00, 0x07, 0x00, 0x00, 0x33, 0x11, 0x33, 0x11,
  0x03, 0x37, 0x33, 0x07, 0x64, 0x40, 0x5e, 0x77, 0x55, 0x80, 0x02, 0xbc,
  0xfd, 0x44, 0x02, 0xe4, 0x78, 0x78, 0xff, 0xff, 0xff, 0xe1, 0x00, 0x00,
  0x01, 0x26, 0x03, 0x72, 0x02, 0x26, 0x00, 0x2a, 0x00, 0x00, 0x00, 0x07,
  0x01, 0xb0, 0xff, 0xe1, 0x00, 0xaa, 0x00, 0x03, 0x00, 0x20, 0x00, 0x00,
  0x00, 0xe9, 0x03, 0x70, 0x00, 0x0b, 0x00, 0x17, 0x00, 0x1b, 0x00, 0x00,
  0x13, 0x22, 0x26, 0x35, 0x34, 0x36, 0x33, 0x32, 0x16, 0x15, 0x14, 0x06,
  0x23, 0x22, 0x26, 0x35, 0x34, 0x36, 0x33, 0x32, 0x16, 0x15, 0x14, 0x06,
  0x13, 0x11, 0x33, 0x11, 0xc1, 0x10, 0x18, 0x18, 0x10, 0x11, 0x17, 0x17,
  0x8a, 0x10, 0x18, 0x18, 0x10, 0x11, 0x17, 0x17, 0x0b, 0x40, 0x03, 0x20,
  0x18, 0x10, 0x11, 0x17, 0x17, 0x11, 0x10, 0x18, 0x18, 0x10, 0x11, 0x17,
  0x17, 0x11, 0x10, 0x18, 0xfc, 0xe0, 0x02, 0xbc, 0xfd, 0x44, 0xff, 0xff,
  0x00, 0x5c, 0x00, 0x00, 0x00, 0xac, 0x03, 0x70, 0x02, 0x26, 0x00, 0x2a,
  0x00, 0x00, 0x00, 0x07, 0x01, 0xab, 0x00, 0x5c, 0x00, 0xaa, 0xff, 0xff,
  0x00, 0x1d, 0x00, 0x00, 0x00, 0xeb, 0x03, 0x67, 0x02, 0x26, 0x00, 0x2a,
  0x00, 0x00, 0x00, 0x07, 0x01, 0xac, 0xff, 0x8b, 0x00, 0xaa, 0xff, 0xff,
  0xff, 0xee, 0x00, 0x00, 0x01, 0x1a, 0x03, 0x27, 0x02, 0x26, 0x00, 0x2a,
  0x00, 0x00, 0x00, 0x07, 0x01, 0xb5, 0xff, 0xee, 0x00, 0xaa, 0xff, 0xff,
  0x00, 0x08, 0xff, 0x2c, 0x00, 0xb5, 0x02, 0xbc, 0x02, 0x26, 0x00, 0x2a,
  0x00, 0x00, 0x00, 0x06, 0x01, 0xb9, 0xe0, 0x00, 0x00, 0x01, 0x00, 0x06,
  0xff, 0xf5, 0x01, 0x9a, 0x02, 0xbc, 0x00, 0x14, 0x00, 0x00, 0x17, 0x22,
  0x2e, 0x02, 0x27, 0x37, 0x16, 0x16, 0x33, 0x32, 0x36, 0x36, 0x35, 0x11,
  0x33, 0x11, 0x14, 0x0e, 0x02, 0xb8, 0x1f, 0x35, 0x2d, 0x23, 0x0e, 0x2d,
  0x16, 0x41, 0x2e, 0x26, 0x4b, 0x31, 0x40, 0x28, 0x42, 0x50, 0x0b, 0x10,
  0x1c, 0x27, 0x17, 0x23, 0x23, 0x30, 0x25, 0x56, 0x48, 0x01, 0xca, 0xfe,
  0x18, 0x39, 0x54, 0x37, 0x1b, 0x00, 0xff, 0xff, 0x00, 0x06, 0xff, 0xf5,
  0x02, 0x08, 0x03, 0x66, 0x02, 0x26, 0x00, 0x33, 0x00, 0x00, 0x00, 0x07,
  0x01, 0xad, 0x00, 0x59, 0x00, 0xaa, 0xff, 0xff, 0x00, 0x06, 0xff, 0xf5,
  0x02, 0x1c, 0x03, 0x72, 0x02, 0x26, 0x00, 0x33, 0x00, 0x00, 0x00, 0x07,
  0x01, 0xb0, 0x00, 0xd7, 0x00, 0xaa, 0x00, 0x01, 0x00, 0x64, 0x00, 0x00,
  0x02, 0x47, 0x02, 0xbc, 0x00, 0x0b, 0x00, 0x00, 0x33, 0x11, 0x33, 0x11,
  0x01, 0x33, 0x01, 0x01, 0x23, 0x01, 0x07, 0x11, 0x64, 0x3c, 0x01, 0x4b,
  0x4e, 0xfe, 0xd1, 0x01, 0x3d, 0x4d, 0xfe, 0xe7, 0x41, 0x02, 0xbc, 0xfe,
  0xab, 0x01, 0x55, 0xfe, 0xc5, 0xfe, 0x7f, 0x01, 0x57, 0x44, 0xfe, 0xed,
  0xff, 0xff, 0x00, 0x64, 0xff, 0x38, 0x02, 0x47, 0x02, 0xbc, 0x02, 0x26,
  0x00, 0x36, 0x00, 0x00, 0x00, 0x07, 0x01, 0xb7, 0x00, 0xd0, 0x00, 0x00,
  0x00, 0x01, 0x00, 0x64, 0x00, 0x00, 0x01, 0xf7, 0x02, 0xbc, 0x00, 0x05,
  0x00, 0x00, 0x33, 0x11, 0x33, 0x11, 0x21, 0x15, 0x64, 0x40, 0x01, 0x53,
  0x02, 0xbc, 0xfd, 0x7e, 0x3a, 0x00, 0xff, 0xff, 0x00, 0x46, 0x00, 0x00,
  0x01, 0xf7, 0x03, 0x66, 0x02, 0x26, 0x00, 0x38, 0x00, 0x00, 0x00, 0x07,
  0x01, 0xad, 0xff, 0x63, 0x00, 0xaa, 0xff, 0xff, 0x00, 0x64, 0x00, 0x00,
  0x01, 0xf7, 0x02, 0xf6, 0x02, 0x26, 0x00, 0x38, 0x00, 0x00, 0x00, 0x07,
  0x01, 0xaf, 0x00, 0xcc, 0x00, 0x3b, 0xff, 0xff, 0x00, 0x64, 0xff, 0x38,
  0x01, 0xf7, 0x02, 0xbc, 0x02, 0x26, 0x00, 0x38, 0x00, 0x00, 0x00, 0x07,
  0x01, 0xb7, 0x00, 0xc6, 0x00, 0x00, 0x00, 0x02, 0x00, 0x04, 0x00, 0x00,
  0x01, 0xf7, 0x02, 0xbc, 0x00, 0x03, 0x00, 0x09, 0x00, 0x00, 0x13, 0x35,
  0x25, 0x15, 0x03, 0x11, 0x33, 0x11, 0x21, 0x15, 0x04, 0x01, 0x16, 0xb6,
  0x40, 0x01, 0x53, 0x01, 0x0a, 0x3a, 0x7c, 0x3a, 0xfe, 0x7a, 0x02, 0xbc,
  0xfd, 0x7e, 0x3a, 0x00, 0x00, 0x01, 0x00, 0x64, 0x00, 0x00, 0x02, 0xe5,
  0x02, 0xbc, 0x00, 0x0b, 0x00, 0x00, 0x33, 0x11, 0x33, 0x01, 0x01, 0x33,
  0x11, 0x23, 0x11, 0x01, 0x01, 0x11, 0x64, 0x40, 0x01, 0x01, 0x01, 0x00,
  0x40, 0x40, 0xfe, 0xff, 0xff, 0x00, 0x02, 0xbc, 0xfe, 0x84, 0x01, 0x7c,
  0xfd, 0x44, 0x02, 0x52, 0xfe, 0x81, 0x01, 0x7d, 0xfd, 0xb0, 0x00, 0x01,
  0x00, 0x64, 0x00, 0x00, 0x02, 0xa2, 0x02, 0xbc, 0x00, 0x09, 0x00, 0x00,
  0x33, 0x11, 0x33, 0x01, 0x11, 0x33, 0x11, 0x23, 0x01, 0x11, 0x64, 0x40,
  0x01, 0xbe, 0x40, 0x40, 0xfe, 0x42, 0x02, 0xbc, 0xfd, 0xab, 0x02, 0x55,
  0xfd, 0x44, 0x02, 0x56, 0xfd, 0xaa, 0xff, 0xff, 0x00, 0x64, 0x00, 0x00,
  0x02, 0xa2, 0x03, 0x66, 0x02, 0x26, 0x00, 0x3e, 0x00, 0x00, 0x00, 0x07,
  0x01, 0xad, 0x00, 0x5c, 0x00, 0xaa, 0xff, 0xff, 0x00, 0x64, 0x00, 0x00,
  0x02, 0xa2, 0x03, 0x66, 0x02, 0x26, 0x00, 0x3e, 0x00, 0x00, 0x00, 0x07,
  0x01, 0xb1, 0x00, 0xda, 0x00, 0xaa, 0xff, 0xff, 0x00, 0x64, 0xff, 0x38,
  0x02, 0xa2, 0x02, 0xbc, 0x02, 0x26, 0x00, 0x3e, 0x00, 0x00, 0x00, 0x07,
  0x01, 0xb7, 0x01, 0x2d, 0x00, 0x00, 0xff, 0xff, 0x00, 0x64, 0x00, 0x00,
  0x02, 0xa2, 0x03, 0x66, 0x02, 0x26, 0x00, 0x3e, 0x00, 0x00, 0x00, 0x07,
  0x01, 0xb4, 0x00, 0x86, 0x00, 0xaa, 0x00, 0x02, 0x00, 0x64, 0xff, 0x2c,
  0x02, 0xa2, 0x02, 0xbc, 0x00, 0x0d, 0x00, 0x17, 0x00, 0x00, 0x05, 0x22,
  0x27, 0x37, 0x16, 0x16, 0x33, 0x32, 0x35, 0x11, 0x33, 0x11, 0x14, 0x06,
  0x25, 0x11, 0x33, 0x01, 0x11, 0x33, 0x11, 0x23, 0x01, 0x11, 0x02, 0x15,
  0x1e, 0x3b, 0x16, 0x1a, 0x24, 0x0a, 0x4c, 0x3c, 0x46, 0xfe, 0x08, 0x40,
  0x01, 0xbe, 0x40, 0x40, 0xfe, 0x42, 0xd4, 0x18, 0x33, 0x0a, 0x0a, 0x61,
  0x02, 0x33, 0xfd, 0xcd, 0x4c, 0x4c, 0xd4, 0x02, 0xbc, 0xfd, 0xab, 0x02,
  0x55, 0xfd, 0x44, 0x02, 0x56, 0xfd, 0xaa, 0x00, 0x00, 0x02, 0x00, 0x32,
  0xff, 0xf4, 0x02, 0xd2, 0x02, 0xc8, 0x00, 0x0f, 0x00, 0x1f, 0x00, 0x00,
  0x05, 0x22, 0x26, 0x26, 0x35, 0x34, 0x36, 0x36, 0x33, 0x32, 0x16, 0x16,
  0x15, 0x14, 0x06, 0x06, 0x27, 0x32, 0x36, 0x36, 0x35, 0x34, 0x26, 0x26,
  0x23, 0x22, 0x06, 0x06, 0x15, 0x14, 0x16, 0x16, 0x01, 0x85, 0x63, 0x99,
  0x57, 0x56, 0x97, 0x63, 0x63, 0x98, 0x55, 0x55, 0x96, 0x62, 0x4f, 0x79,
  0x45, 0x46, 0x7a, 0x50, 0x4f, 0x7b, 0x46, 0x46, 0x7d, 0x0c, 0x5c, 0xa4,
  0x6a, 0x6b, 0xa3, 0x5c, 0x5d, 0xa3, 0x6a, 0x6a, 0xa4, 0x5c, 0x3a, 0x4e,
  0x89, 0x59, 0x59, 0x89, 0x4e, 0x4e, 0x89, 0x59, 0x59, 0x89, 0x4e, 0x00,
  0x00, 0x03, 0x00, 0x32, 0xff, 0xf4, 0x02, 0xd2, 0x03, 0x5c, 0x00, 0x0f,
  0x00, 0x1f, 0x00, 0x23, 0x00, 0x00, 0x05, 0x22, 0x26, 0x26, 0x35, 0x34,
  0x36, 0x36, 0x33, 0x32, 0x16, 0x16, 0x15, 0x14, 0x06, 0x06, 0x27, 0x32,
  0x36, 0x36, 0x35, 0x34, 0x26, 0x26, 0x23, 0x22, 0x06, 0x06, 0x15, 0x14,
  0x16, 0x16, 0x13, 0x37, 0x33, 0x07, 0x01, 0x85, 0x63, 0x99, 0x57, 0x56,
  0x97, 0x63, 0x63, 0x98, 0x55, 0x55, 0x96, 0x62, 0x4f, 0x79, 0x45, 0x46,
  0x7a, 0x50, 0x4f, 0x7b, 0x46, 0x46, 0x7d, 0x0c, 0x7d, 0x5a, 0x87, 0x0c,
  0x5c, 0xa4, 0x6a, 0x6b, 0xa3, 0x5c, 0x5d, 0xa3, 0x6a, 0x6a, 0xa4, 0x5c,
  0x3a, 0x4e, 0x89, 0x59, 0x59, 0x89, 0x4e, 0x4e, 0x89, 0x59, 0x59, 0x89,
  0x4e, 0x02, 0xb6, 0x78, 0x78, 0x00, 0xff, 0xff, 0x00, 0x32, 0xff, 0xf4,
  0x02, 0xd2, 0x03, 0x72, 0x02, 0x26, 0x00, 0x44, 0x00, 0x00, 0x00, 0x07,
  0x01, 0xb0, 0x00, 0xdf, 0x00, 0xaa, 0xff, 0xff, 0x00, 0x32, 0xff, 0xf4,
  0x02, 0xd2, 0x03, 0x70, 0x02, 0x26, 0x00, 0x44, 0x00, 0x00, 0x00, 0x07,
  0x01, 0xaa, 0x00, 0xfb, 0x00, 0xaa, 0xff, 0xff, 0x00, 0x32, 0xff, 0xf4,
  0x02, 0xd2, 0x03, 0x67, 0x02, 0x26, 0x00, 0x44, 0x00, 0x00, 0x00, 0x07,
  0x01, 0xac, 0x00, 0x89, 0x00, 0xaa, 0xff, 0xff, 0x00, 0x32, 0xff, 0xf4,
  0x02, 0xd2, 0x03, 0x66, 0x02, 0x26, 0x00, 0x44, 0x00, 0x00, 0x00, 0x07,
  0x01, 0xae, 0x00, 0xf4, 0x00, 0xaa, 0x00, 0x03, 0x00, 0x32, 0xff, 0xf4,
  0x02, 0xd2, 0x03, 0x27, 0x00, 0x0f, 0x00, 0x1f, 0x00, 0x23, 0x00, 0x00,
  0x05, 0x22, 0x26, 0x26, 0x35, 0x34, 0x36, 0x36, 0x33, 0x32, 0x16, 0x16,
  0x15, 0x14, 0x06, 0x06, 0x27, 0x32, 0x36, 0x36, 0x35, 0x34, 0x26, 0x26,
  0x23, 0x22, 0x06, 0x06, 0x15, 0x14, 0x16, 0x16, 0x03, 0x35, 0x21, 0x15,
  0x01, 0x85, 0x63, 0x99, 0x57, 0x56, 0x97, 0x63, 0x63, 0x98, 0x55, 0x55,
  0x96, 0x62, 0x4f, 0x79, 0x45, 0x46, 0x7a, 0x50, 0x4f, 0x7b, 0x46, 0x46,
  0x7d, 0x6c, 0x01, 0x71, 0x0c, 0x5c, 0xa4, 0x6a, 0x6b, 0xa3, 0x5c, 0x5d,
  0xa3, 0x6a, 0x6a, 0xa4, 0x5c, 0x3a, 0x4e, 0x89, 0x59, 0x59, 0x89, 0x4e,
  0x4e, 0x89, 0x59, 0x59, 0x89, 0x4e, 0x02, 0xc0, 0x39, 0x39, 0x00, 0x03,
  0x00, 0x2d, 0xff, 0xf4, 0x02, 0xe0, 0x02, 0xc8, 0x00, 0x03, 0x00, 0x13,
  0x00, 0x23, 0x00, 0x00, 0x33, 0x01, 0x33, 0x01, 0x05, 0x22, 0x26, 0x26,
  0x35, 0x34, 0x36, 0x36, 0x33, 0x32, 0x16, 0x16, 0x15, 0x14, 0x06, 0x06,
  0x27, 0x32, 0x36, 0x36, 0x35, 0x34, 0x26, 0x26, 0x23, 0x22, 0x06, 0x06,
  0x15, 0x14, 0x16, 0x16, 0x2d, 0x02, 0x64, 0x4f, 0xfd, 0x9b, 0x01, 0x0f,
  0x63, 0x99, 0x57, 0x56, 0x97, 0x63, 0x63, 0x98, 0x55, 0x55, 0x96, 0x62,
  0x4f, 0x79, 0x45, 0x46, 0x7a, 0x50, 0x4f, 0x7b, 0x46, 0x46, 0x7d, 0x02,
  0xbc, 0xfd, 0x44, 0x0c, 0x5c, 0xa4, 0x6a, 0x6b, 0xa3, 0x5c, 0x5d, 0xa3,
  0x6a, 0x6a, 0xa4, 0x5c, 0x3a, 0x4e, 0x89, 0x59, 0x59, 0x89, 0x4e, 0x4e,
  0x89, 0x59, 0x59, 0x89, 0x4e, 0x00, 0xff, 0xff, 0x00, 0x32, 0xff, 0xf4,
  0x02, 0xd2, 0x03, 0x66, 0x02, 0x26, 0x00, 0x44, 0x00, 0x00, 0x00, 0x07,
  0x01, 0xb4, 0x00, 0x8b, 0x00, 0xaa, 0x00, 0x03, 0x00, 0x32, 0xff, 0xf0,
  0x04, 0x1a, 0x02, 0xcc, 0x00, 0x0f, 0x00, 0x1f, 0x00, 0x2b, 0x00, 0x00,
  0x05, 0x22, 0x26, 0x26, 0x35, 0x34, 0x36, 0x36, 0x33, 0x32, 0x16, 0x16,
  0x15, 0x14, 0x06, 0x06, 0x27, 0x32, 0x36, 0x36, 0x35, 0x34, 0x26, 0x26,
  0x23, 0x22, 0x06, 0x06, 0x15, 0x14, 0x16, 0x16, 0x05, 0x11, 0x21, 0x15,
  0x21, 0x15, 0x21, 0x15, 0x21, 0x11, 0x21, 0x15, 0x01, 0x85, 0x63, 0x99,
  0x57, 0x56, 0x97, 0x63, 0x5d, 0x8f, 0x50, 0x50, 0x8d, 0x5c, 0x4c, 0x74,
  0x42, 0x43, 0x76, 0x4c, 0x4f, 0x7b, 0x46, 0x46, 0x7d, 0x01, 0x52, 0x01,
  0x93, 0xfe, 0xad, 0x01, 0x3b, 0xfe, 0xc5, 0x01, 0x53, 0x10, 0x5d, 0xa5,
  0x6c, 0x6c, 0xa5, 0x5d, 0x55, 0xa4, 0x75, 0x75, 0xa4, 0x55, 0x3a, 0x47,
  0x89, 0x64, 0x64, 0x89, 0x47, 0x4f, 0x8b, 0x5a, 0x5a, 0x8b, 0x4f, 0x2a,
  0x02, 0xbc, 0x3a, 0xfc, 0x3a, 0xfe, 0xee, 0x3a, 0x00, 0x02, 0x00, 0x64,
  0x00, 0x00, 0x02, 0x1c, 0x02, 0xbc, 0x00, 0x0c, 0x00, 0x15, 0x00, 0x00,
  0x33, 0x11, 0x33, 0x32, 0x16, 0x16, 0x15, 0x14, 0x06, 0x06, 0x23, 0x23,
  0x11, 0x11, 0x33, 0x32, 0x36, 0x35, 0x34, 0x26, 0x23, 0x23, 0x64, 0xd7,
  0x42, 0x66, 0x39, 0x33, 0x59, 0x3a, 0xb2, 0xb2, 0x3b, 0x4c, 0x5b, 0x47,
  0x97, 0x02, 0xbc, 0x37, 0x62, 0x40, 0x3f, 0x62, 0x38, 0xfe, 0xf6, 0x01,
  0x45, 0x58, 0x46, 0x47, 0x58, 0x00, 0x00, 0x02, 0x00, 0x64, 0x00, 0x01,
  0x02, 0x1c, 0x02, 0xbd, 0x00, 0x0e, 0x00, 0x17, 0x00, 0x00, 0x37, 0x11,
  0x33, 0x15, 0x33, 0x32, 0x16, 0x16, 0x15, 0x14, 0x06, 0x06, 0x23, 0x23,
  0x15, 0x35, 0x33, 0x32, 0x36, 0x35, 0x34, 0x26, 0x23, 0x23, 0x64, 0x40,
  0x97, 0x42, 0x66, 0x39, 0x33, 0x59, 0x3a, 0xb2, 0xb2, 0x3b, 0x4c, 0x5b,
  0x47, 0x97, 0x01, 0x02, 0xbc, 0x7a, 0x37, 0x62, 0x40, 0x3f, 0x62, 0x38,
  0x90, 0xcb, 0x58, 0x46, 0x47, 0x58, 0x00, 0x02, 0x00, 0x32, 0xff, 0xda,
  0x02, 0xd6, 0x02, 0xc8, 0x00, 0x15, 0x00, 0x2a, 0x00, 0x00, 0x05, 0x27,
  0x06, 0x06, 0x23, 0x22, 0x26, 0x26, 0x35, 0x34, 0x3e, 0x02, 0x33, 0x32,
  0x16, 0x16, 0x15, 0x14, 0x06, 0x07, 0x17, 0x25, 0x32, 0x36, 0x37, 0x27,
  0x37, 0x17, 0x36, 0x36, 0x35, 0x34, 0x26, 0x26, 0x23, 0x22, 0x06, 0x06,
  0x15, 0x14, 0x16, 0x16, 0x02, 0xac, 0x5c, 0x29, 0x67, 0x3b, 0x63, 0x99,
  0x57, 0x31, 0x5a, 0x7b, 0x4a, 0x63, 0x98, 0x55, 0x2e, 0x29, 0x5b, 0xfe,
  0xaf, 0x2e, 0x50, 0x21, 0x6f, 0x2c, 0x6e, 0x20, 0x23, 0x46, 0x7a, 0x50,
  0x4f, 0x7b, 0x46, 0x46, 0x7d, 0x26, 0x5d, 0x20, 0x23, 0x5c, 0xa4, 0x6a,
  0x50, 0x85, 0x60, 0x35, 0x5d, 0xa3, 0x6a, 0x4c, 0x82, 0x2f, 0x5c, 0x29,
  0x1c, 0x19, 0x70, 0x2a, 0x70, 0x29, 0x69, 0x3f, 0x59, 0x89, 0x4e, 0x4e,
  0x89, 0x59, 0x59, 0x89, 0x4e, 0x00, 0x00, 0x02, 0x00, 0x64, 0x00, 0x00,
  0x02, 0x38, 0x02, 0xbc, 0x00, 0x11, 0x00, 0x1b, 0x00, 0x00, 0x33, 0x11,
  0x33, 0x32, 0x16, 0x16, 0x15, 0x14, 0x06, 0x07, 0x13, 0x23, 0x03, 0x06,
  0x22, 0x23, 0x23, 0x11, 0x11, 0x33, 0x32, 0x36, 0x36, 0x35, 0x34, 0x26,
  0x23, 0x23, 0x64, 0xd7, 0x42, 0x66, 0x39, 0x52, 0x41, 0xaf, 0x46, 0xa8,
  0x07, 0x0e, 0x07, 0x8a, 0xa8, 0x28, 0x41, 0x28, 0x5b, 0x47, 0x97, 0x02,
  0xbc, 0x35, 0x5d, 0x3d, 0x45, 0x66, 0x16, 0xfe, 0xd4, 0x01, 0x1f, 0x01,
  0xfe, 0xe2, 0x01, 0x59, 0x26, 0x43, 0x2b, 0x42, 0x53, 0x00, 0xff, 0xff,
  0x00, 0x64, 0x00, 0x00, 0x02, 0x38, 0x03, 0x66, 0x02, 0x26, 0x00, 0x51,
  0x00, 0x00, 0x00, 0x07, 0x01, 0xad, 0xff, 0xff, 0x00, 0xaa, 0xff, 0xff,
  0x00, 0x64, 0x00, 0x00, 0x02, 0x38, 0x03, 0x66, 0x02, 0x26, 0x00, 0x51,
  0x00, 0x00, 0x00, 0x07, 0x01, 0xb1, 0x00, 0x7d, 0x00, 0xaa, 0xff, 0xff,
  0x00, 0x64, 0xff, 0x38, 0x02, 0x38, 0x02, 0xbc, 0x02, 0x26, 0x00, 0x51,
  0x00, 0x00, 0x00, 0x07, 0x01, 0xb7, 0x00, 0xdf, 0x00, 0x00, 0x00, 0x01,
  0x00, 0x37, 0xff, 0xf4, 0x02, 0x32, 0x02, 0xc8, 0x00, 0x2c, 0x00, 0x00,
  0x05, 0x22, 0x2e, 0x02, 0x27, 0x37, 0x16, 0x16, 0x33, 0x32, 0x36, 0x35,
  0x34, 0x26, 0x27, 0x27, 0x2e, 0x02, 0x35, 0x34, 0x36, 0x33, 0x32, 0x16,
  0x16, 0x17, 0x07, 0x26, 0x26, 0x23, 0x22, 0x06, 0x15, 0x14, 0x16, 0x17,
  0x17, 0x16, 0x16, 0x15, 0x14, 0x06, 0x06, 0x01, 0x3f, 0x3b, 0x59, 0x40,
  0x29, 0x0b, 0x3c, 0x11, 0x64, 0x48, 0x5c, 0x66, 0x5e, 0x4b, 0x47, 0x2e,
  0x4f, 0x30, 0x78, 0x73, 0x45, 0x64, 0x3d, 0x0a, 0x3b, 0x16, 0x63, 0x46,
  0x4a, 0x57, 0x44, 0x37, 0x47, 0x6a, 0x71, 0x36, 0x6c, 0x0c, 0x19, 0x2c,
  0x36, 0x1e, 0x17, 0x2f, 0x47, 0x47, 0x3a, 0x38, 0x43, 0x13, 0x12, 0x0c,
  0x2d, 0x46, 0x33, 0x5e, 0x69, 0x2f, 0x45, 0x23, 0x17, 0x37, 0x3d, 0x48,
  0x3d, 0x37, 0x37, 0x0e, 0x11, 0x19, 0x6d, 0x3e, 0x35, 0x59, 0x36, 0x00,
  0xff, 0xff, 0x00, 0x37, 0xff, 0xf4, 0x02, 0x32, 0x03, 0x66, 0x02, 0x26,
  0x00, 0x55, 0x00, 0x00, 0x00, 0x07, 0x01, 0xad, 0x00, 0x1f, 0x00, 0xaa,
  0xff, 0xff, 0x00, 0x37, 0xff, 0xf4, 0x02, 0x32, 0x03, 0x66, 0x02, 0x26,
  0x00, 0x55, 0x00, 0x00, 0x00, 0x07, 0x01, 0xb1, 0x00, 0x9d, 0x00, 0xaa,
  0xff, 0xff, 0x00, 0x37, 0xff, 0x2e, 0x02, 0x32, 0x02, 0xc8, 0x02, 0x26,
  0x00, 0x55, 0x00, 0x00, 0x00, 0x06, 0x01, 0xb8, 0x16, 0x00, 0xff, 0xff,
  0x00, 0x37, 0xff, 0xf4, 0x02, 0x32, 0x03, 0x72, 0x02, 0x26, 0x00, 0x55,
  0x00, 0x00, 0x00, 0x07, 0x01, 0xb0, 0x00, 0x9d, 0x00, 0xaa, 0xff, 0xff,
  0x00, 0x37, 0xff, 0x38, 0x02, 0x32, 0x02, 0xc8, 0x02, 0x26, 0x00, 0x55,
  0x00, 0x00, 0x00, 0x07, 0x01, 0xb7, 0x00, 0xe9, 0x00, 0x00, 0x00, 0x01,
  0x00, 0x64, 0xff, 0xf4, 0x01, 0xfd, 0x02, 0xc8, 0x00, 0x26, 0x00, 0x00,
  0x05, 0x22, 0x26, 0x27, 0x37, 0x16, 0x16, 0x33, 0x32, 0x36, 0x35, 0x34,
  0x26, 0x23, 0x23, 0x35, 0x37, 0x26, 0x26, 0x23, 0x22, 0x06, 0x15, 0x11,
  0x23, 0x11, 0x34, 0x36, 0x33, 0x32, 0x16, 0x16, 0x17, 0x07, 0x16, 0x16,
  0x15, 0x14, 0x06, 0x01, 0x35, 0x13, 0x42, 0x1d, 0x2d, 0x08, 0x23, 0x22,
  0x41, 0x3f, 0x4b, 0x42, 0x3d, 0xb9, 0x14, 0x40, 0x36, 0x40, 0x3e, 0x40,
  0x61, 0x62, 0x42, 0x54, 0x32, 0x0e, 0xbf, 0x5a, 0x65, 0x66, 0x0c, 0x15,
  0x1f, 0x28, 0x06, 0x1c, 0x49, 0x40, 0x40, 0x48, 0x3f, 0xd5, 0x18, 0x23,
  0x42, 0x3a, 0xfd, 0xee, 0x02, 0x1c, 0x52, 0x5a, 0x28, 0x37, 0x15, 0xdb,
  0x04, 0x65, 0x59, 0x5c, 0x67, 0x00, 0x00, 0x01, 0x00, 0x0a, 0x00, 0x00,
  0x02, 0x12, 0x02, 0xbc, 0x00, 0x07, 0x00, 0x00, 0x33, 0x11, 0x23, 0x35,
  0x21, 0x15, 0x23, 0x11, 0xee, 0xe4, 0x02, 0x08, 0xe4, 0x02, 0x82, 0x3a,
  0x3a, 0xfd, 0x7e, 0x00, 0xff, 0xff, 0x00, 0x0a, 0x00, 0x00, 0x02, 0x12,
  0x03, 0x66, 0x02, 0x26, 0x00, 0x5c, 0x00, 0x00, 0x00, 0x07, 0x01, 0xb1,
  0x00, 0x6b, 0x00, 0xaa, 0xff, 0xff, 0x00, 0x0a, 0xff, 0x38, 0x02, 0x12,
  0x02, 0xbc, 0x02, 0x26, 0x00, 0x5c, 0x00, 0x00, 0x00, 0x07, 0x01, 0xb7,
  0x00, 0xb8, 0x00, 0x00, 0x00, 0x01, 0x00, 0x5a, 0xff, 0xf0, 0x02, 0x6b,
  0x02, 0xbc, 0x00, 0x15, 0x00, 0x00, 0x05, 0x22, 0x26, 0x26, 0x35, 0x11,
  0x33, 0x11, 0x14, 0x16, 0x16, 0x33, 0x32, 0x36, 0x36, 0x35, 0x11, 0x33,
  0x11, 0x14, 0x06, 0x06, 0x01, 0x60, 0x4c, 0x77, 0x43, 0x40, 0x33, 0x5b,
  0x3a, 0x3b, 0x5b, 0x33, 0x40, 0x44, 0x79, 0x10, 0x43, 0x76, 0x4c, 0x01,
  0xc7, 0xfe, 0x39, 0x3b, 0x5c, 0x34, 0x34, 0x5c, 0x3b, 0x01, 0xc7, 0xfe,
  0x39, 0x4c, 0x76, 0x43, 0x00, 0x02, 0x00, 0x5a, 0xff, 0xf0, 0x02, 0x6b,
  0x03, 0x66, 0x00, 0x15, 0x00, 0x19, 0x00, 0x00, 0x05, 0x22, 0x26, 0x26,
  0x35, 0x11, 0x33, 0x11, 0x14, 0x16, 0x16, 0x33, 0x32, 0x36, 0x36, 0x35,
  0x11, 0x33, 0x11, 0x14, 0x06, 0x06, 0x03, 0x37, 0x33, 0x07, 0x01, 0x60,
  0x4c, 0x77, 0x43, 0x40, 0x33, 0x5b, 0x3a, 0x3b, 0x5b, 0x33, 0x40, 0x44,
  0x79, 0x89, 0x77, 0x55, 0x80, 0x10, 0x43, 0x76, 0x4c, 0x01, 0xc7, 0xfe,
  0x39, 0x3b, 0x5c, 0x34, 0x34, 0x5c, 0x3b, 0x01, 0xc7, 0xfe, 0x39, 0x4c,
  0x76, 0x43, 0x02, 0xf8, 0x7e, 0x7e, 0xff, 0xff, 0x00, 0x5a, 0xff, 0xf0,
  0x02, 0x6b, 0x03, 0x66, 0x02, 0x26, 0x00, 0x5f, 0x00, 0x00, 0x00, 0x07,
  0x01, 0xb2, 0x00, 0xc0, 0x00, 0xaa, 0xff, 0xff, 0x00, 0x5a, 0xff, 0xf0,
  0x02, 0x6b, 0x03, 0x72, 0x02, 0x26, 0x00, 0x5f, 0x00, 0x00, 0x00, 0x07,
  0x01, 0xb0, 0x00, 0xc0, 0x00, 0xaa, 0xff, 0xff, 0x00, 0x5a, 0xff, 0xf0,
  0x02, 0x6b, 0x03, 0x70, 0x02, 0x26, 0x00, 0x5f, 0x00, 0x00, 0x00, 0x07,
  0x01, 0xaa, 0x00, 0xdc, 0x00, 0xaa, 0xff, 0xff, 0x00, 0x5a, 0xff, 0xf0,
  0x02, 0x6b, 0x03, 0x67, 0x02, 0x26, 0x00, 0x5f, 0x00, 0x00, 0x00, 0x07,
  0x01, 0xac, 0x00, 0x6a, 0x00, 0xaa, 0xff, 0xff, 0x00, 0x5a, 0xff, 0xf0,
  0x02, 0x6b, 0x03, 0x66, 0x02, 0x26, 0x00, 0x5f, 0x00, 0x00, 0x00, 0x07,
  0x01, 0xae, 0x00, 0xd5, 0x00, 0xaa, 0xff, 0xff, 0x00, 0x5a, 0xff, 0xf0,
  0x02, 0x6b, 0x03, 0x27, 0x02, 0x26, 0x00, 0x5f, 0x00, 0x00, 0x00, 0x07,
  0x01, 0xb5, 0x00, 0xcd, 0x00, 0xaa, 0xff, 0xff, 0x00, 0x5a, 0xff, 0x3d,
  0x02, 0x6b, 0x02, 0xbc, 0x02, 0x26, 0x00, 0x5f, 0x00, 0x00, 0x00, 0x07,
  0x01, 0xba, 0x01, 0x88, 0x00, 0x11, 0xff, 0xff, 0x00, 0x5a, 0xff, 0xf0,
  0x02, 0x6b, 0x03, 0x89, 0x02, 0x26, 0x00, 0x5f, 0x00, 0x00, 0x00, 0x07,
  0x01, 0xb3, 0x00, 0xd9, 0x00, 0xaa, 0x00, 0x01, 0x00, 0x0a, 0x00, 0x00,
  0x02, 0x9f, 0x02, 0xbc, 0x00, 0x06, 0x00, 0x00, 0x21, 0x01, 0x33, 0x01,
  0x01, 0x33, 0x01, 0x01, 0x30, 0xfe, 0xda, 0x42, 0x01, 0x08, 0x01, 0x08,
  0x43, 0xfe, 0xd9, 0x02, 0xbc, 0xfd, 0x8a, 0x02, 0x76, 0xfd, 0x44, 0x00,
  0x00, 0x01, 0x00, 0x0a, 0x00, 0x00, 0x03, 0xac, 0x02, 0xbc, 0x00, 0x0c,
  0x00, 0x00, 0x33, 0x03, 0x33, 0x13, 0x13, 0x33, 0x13, 0x13, 0x33, 0x03,
  0x23, 0x03, 0x03, 0xe2, 0xd8, 0x40, 0xbb, 0xb6, 0x40, 0xb2, 0xbf, 0x40,
  0xdd, 0x46, 0xae, 0xb3, 0x02, 0xbc, 0xfd, 0xa6, 0x02, 0x5a, 0xfd, 0xa6,
  0x02, 0x5a, 0xfd, 0x44, 0x02, 0x51, 0xfd, 0xaf, 0xff, 0xff, 0x00, 0x0a,
  0x00, 0x00, 0x03, 0xac, 0x03, 0x66, 0x02, 0x26, 0x00, 0x6a, 0x00, 0x00,
  0x00, 0x07, 0x01, 0xad, 0x00, 0xba, 0x00, 0xaa, 0xff, 0xff, 0x00, 0x0a,
  0x00, 0x00, 0x03, 0xac, 0x03, 0x72, 0x02, 0x26, 0x00, 0x6a, 0x00, 0x00,
  0x00, 0x07, 0x01, 0xb0, 0x01, 0x38, 0x00, 0xaa, 0xff, 0xff, 0x00, 0x0a,
  0x00, 0x00, 0x03, 0xac, 0x03, 0x70, 0x02, 0x26, 0x00, 0x6a, 0x00, 0x00,
  0x00, 0x07, 0x01, 0xaa, 0x01, 0x54, 0x00, 0xaa, 0xff, 0xff, 0x00, 0x0a,
  0x00, 0x00, 0x03, 0xac, 0x03, 0x67, 0x02, 0x26, 0x00, 0x6a, 0x00, 0x00,
  0x00, 0x07, 0x01, 0xac, 0x00, 0xe2, 0x00, 0xaa, 0x00, 0x01, 0x00, 0x0a,
  0x00, 0x00, 0x02, 0x43, 0x02, 0xbc, 0x00, 0x0b, 0x00, 0x00, 0x33, 0x13,
  0x03, 0x33, 0x13, 0x13, 0x33, 0x03, 0x13, 0x23, 0x03, 0x03, 0x0a, 0xf8,
  0xf8, 0x4c, 0xd1, 0xd0, 0x4c, 0xf8, 0xf8, 0x4e, 0xce, 0xcf, 0x01, 0x62,
  0x01, 0x5a, 0xfe, 0xd9, 0x01, 0x27, 0xfe, 0xa6, 0xfe, 0x9e, 0x01, 0x2f,
  0xfe, 0xd1, 0x00, 0x01, 0x00, 0x0a, 0x00, 0x00, 0x02, 0x42, 0x02, 0xbc,
  0x00, 0x08, 0x00, 0x00, 0x21, 0x11, 0x03, 0x33, 0x13, 0x13, 0x33, 0x03,
  0x11, 0x01, 0x06, 0xfc, 0x4b, 0xd1, 0xd1, 0x4b, 0xfc, 0x01, 0x24, 0x01,
  0x98, 0xfe, 0xab, 0x01, 0x55, 0xfe, 0x68, 0xfe, 0xdc, 0x00, 0xff, 0xff,
  0x00, 0x0a, 0x00, 0x00, 0x02, 0x42, 0x03, 0x66, 0x02, 0x26, 0x00, 0x70,
  0x00, 0x00, 0x00, 0x07, 0x01, 0xad, 0x00, 0x05, 0x00, 0xaa, 0xff, 0xff,
  0x00, 0x0a, 0x00, 0x00, 0x02, 0x42, 0x03, 0x72, 0x02, 0x26, 0x00, 0x70,
  0x00, 0x00, 0x00, 0x07, 0x01, 0xb0, 0x00, 0x83, 0x00, 0xaa, 0xff, 0xff,
  0x00, 0x0a, 0x00, 0x00, 0x02, 0x42, 0x03, 0x70, 0x02, 0x26, 0x00, 0x70,
  0x00, 0x00, 0x00, 0x07, 0x01, 0xaa, 0x00, 0x9f, 0x00, 0xaa, 0xff, 0xff,
  0x00, 0x0a, 0x00, 0x00, 0x02, 0x42, 0x03, 0x67, 0x02, 0x26, 0x00, 0x70,
  0x00, 0x00, 0x00, 0x07, 0x01, 0xac, 0x00, 0x2d, 0x00, 0xaa, 0x00, 0x01,
  0x00, 0x32, 0x00, 0x00, 0x02, 0x52, 0x02, 0xbc, 0x00, 0x09, 0x00, 0x00,
  0x33, 0x35, 0x01, 0x21, 0x35, 0x21, 0x15, 0x01, 0x21, 0x15, 0x32, 0x01,
  0xd1, 0xfe, 0x32, 0x02, 0x1d, 0xfe, 0x2f, 0x01, 0xce, 0x3a, 0x02, 0x48,
  0x3a, 0x3a, 0xfd, 0xb8, 0x3a, 0x00, 0xff, 0xff, 0x00, 0x32, 0x00, 0x00,
  0x02, 0x52, 0x03, 0x66, 0x02, 0x26, 0x00, 0x75, 0x00, 0x00, 0x00, 0x07,
  0x01, 0xad, 0x00, 0x22, 0x00, 0xaa, 0xff, 0xff, 0x00, 0x32, 0x00, 0x00,
  0x02, 0x52, 0x03, 0x66, 0x02, 0x26, 0x00, 0x75, 0x00, 0x00, 0x00, 0x07,
  0x01, 0xb1, 0x00, 0xa0, 0x00, 0xaa, 0xff, 0xff, 0x00, 0x32, 0x00, 0x00,
  0x02, 0x52, 0x03, 0x70, 0x02, 0x26, 0x00, 0x75, 0x00, 0x00, 0x00, 0x07,
  0x01, 0xab, 0x01, 0x1b, 0x00, 0xaa, 0x00, 0x01, 0x00, 0x32, 0x00, 0x00,
  0x01, 0x3a, 0x02, 0xbc, 0x00, 0x0b, 0x00, 0x00, 0x33, 0x35, 0x33, 0x11,
  0x23, 0x35, 0x21, 0x15, 0x23, 0x11, 0x33, 0x15, 0x32, 0x64, 0x64, 0x01,
  0x08, 0x64, 0x64, 0x3a, 0x02, 0x48, 0x3a, 0x3a, 0xfd, 0xb8, 0x3a, 0x00,
  0xff, 0xff, 0x00, 0x32, 0xff, 0xf5, 0x03, 0x06, 0x02, 0xbc, 0x00, 0x26,
  0x00, 0x79, 0x00, 0x00, 0x00, 0x07, 0x00, 0x33, 0x01, 0x6c, 0x00, 0x00,
  0x00, 0x02, 0x00, 0x32, 0x00, 0x00, 0x01, 0x44, 0x03, 0x5c, 0x00, 0x0b,
  0x00, 0x0f, 0x00, 0x00, 0x33, 0x35, 0x33, 0x11, 0x23, 0x35, 0x21, 0x15,
  0x23, 0x11, 0x33, 0x15, 0x03, 0x37, 0x33, 0x07, 0x32, 0x64, 0x64, 0x01,
  0x08, 0x64, 0x64, 0xc2, 0x77, 0x55, 0x80, 0x3a, 0x02, 0x48, 0x3a, 0x3a,
  0xfd, 0xb8, 0x3a, 0x02, 0xe4, 0x78, 0x78, 0x00, 0xff, 0xff, 0x00, 0x13,
  0x00, 0x00, 0x01, 0x58, 0x03, 0x72, 0x02, 0x26, 0x00, 0x79, 0x00, 0x00,
  0x00, 0x07, 0x01, 0xb0, 0x00, 0x13, 0x00, 0xaa, 0x00, 0x03, 0x00, 0x32,
  0x00, 0x00, 0x01, 0x3a, 0x03, 0x70, 0x00, 0x0b, 0x00, 0x17, 0x00, 0x23,
  0x00, 0x00, 0x13, 0x22, 0x26, 0x35, 0x34, 0x36, 0x33, 0x32, 0x16, 0x15,
  0x14, 0x06, 0x23, 0x22, 0x26, 0x35, 0x34, 0x36, 0x33, 0x32, 0x16, 0x15,
  0x14, 0x06, 0x03, 0x35, 0x33, 0x11, 0x23, 0x35, 0x21, 0x15, 0x23, 0x11,
  0x33, 0x15, 0xf3, 0x10, 0x18, 0x18, 0x10, 0x11, 0x17, 0x17, 0x8a, 0x10,
  0x18, 0x18, 0x10, 0x11, 0x17, 0x17, 0x59, 0x64, 0x64, 0x01, 0x08, 0x64,
  0x64, 0x03, 0x20, 0x18, 0x10, 0x11, 0x17, 0x17, 0x11, 0x10, 0x18, 0x18,
  0x10, 0x11, 0x17, 0x17, 0x11, 0x10, 0x18, 0xfc, 0xe0, 0x3a, 0x02, 0x48,
  0x3a, 0x3a, 0xfd, 0xb8, 0x3a, 0x00, 0xff, 0xff, 0x00, 0x32, 0x00, 0x00,
  0x01, 0x3a, 0x03, 0x70, 0x02, 0x26, 0x00, 0x79, 0x00, 0x00, 0x00, 0x07,
  0x01, 0xab, 0x00, 0x8e, 0x00, 0xaa, 0xff, 0xff, 0x00, 0x32, 0x00, 0x00,
  0x01, 0x3a, 0x03, 0x67, 0x02, 0x26, 0x00, 0x79, 0x00, 0x00, 0x00, 0x07,
  0x01, 0xac, 0xff, 0xbd, 0x00, 0xaa, 0xff, 0xff, 0x00, 0x20, 0x00, 0x00,
  0x01, 0x4c, 0x03, 0x27, 0x02, 0x26, 0x00, 0x79, 0x00, 0x00, 0x00, 0x07,
  0x01, 0xb5, 0x00, 0x20, 0x00, 0xaa, 0xff, 0xff, 0x00, 0x32, 0xff, 0x2c,
  0x01, 0x3a, 0x02, 0xbc, 0x02, 0x26, 0x00, 0x79, 0x00, 0x00, 0x00, 0x06,
  0x01, 0xb9, 0x12, 0x00, 0x00, 0x02, 0x00, 0x2d, 0xff, 0xf4, 0x01, 0xb9,
  0x02, 0x00, 0x00, 0x1b, 0x00, 0x27, 0x00, 0x00, 0x17, 0x22, 0x26, 0x35,
  0x34, 0x36, 0x33, 0x33, 0x26, 0x26, 0x23, 0x22, 0x06, 0x07, 0x27, 0x3e,
  0x02, 0x33, 0x32, 0x16, 0x16, 0x15, 0x11, 0x23, 0x27, 0x06, 0x06, 0x27,
  0x32, 0x36, 0x36, 0x35, 0x35, 0x23, 0x22, 0x06, 0x15, 0x14, 0x16, 0xe8,
  0x58, 0x63, 0x63, 0x58, 0x94, 0x04, 0x42, 0x44, 0x2d, 0x3d, 0x14, 0x36,
  0x15, 0x35, 0x42, 0x28, 0x43, 0x58, 0x2c, 0x37, 0x05, 0x17, 0x4c, 0x36,
  0x30, 0x45, 0x24, 0x8d, 0x48, 0x3f, 0x41, 0x0c, 0x51, 0x48, 0x4a, 0x52,
  0x50, 0x50, 0x24, 0x26, 0x18, 0x24, 0x2e, 0x17, 0x36, 0x6c, 0x52, 0xfe,
  0xf4, 0x46, 0x27, 0x2b, 0x37, 0x27, 0x4c, 0x38, 0x1c, 0x35, 0x30, 0x2e,
  0x34, 0x00, 0xff, 0xff, 0x00, 0x2d, 0xff, 0xf4, 0x01, 0xb9, 0x02, 0xbc,
  0x02, 0x26, 0x00, 0x82, 0x00, 0x00, 0x00, 0x06, 0x01, 0xad, 0xdb, 0x00,
  0xff, 0xff, 0x00, 0x2d, 0xff, 0xf4, 0x01, 0xb9, 0x02, 0xbc, 0x02, 0x26,
  0x00, 0x82, 0x00, 0x00, 0x00, 0x06, 0x01, 0xb2, 0x59, 0x00, 0xff, 0xff,
  0x00, 0x2d, 0xff, 0xf4, 0x01, 0xb9, 0x02, 0xbc, 0x02, 0x26, 0x00, 0x82,
  0x00, 0x00, 0x00, 0x06, 0x01, 0xb1, 0x59, 0x00, 0xff, 0xff, 0x00, 0x2d,
  0xff, 0xf4, 0x01, 0xb9, 0x02, 0xc8, 0x02, 0x26, 0x00, 0x82, 0x00, 0x00,
  0x00, 0x06, 0x01, 0xb0, 0x59, 0x00, 0xff, 0xff, 0x00, 0x2d, 0xff, 0xf4,
  0x01, 0xb9, 0x02, 0xc6, 0x02, 0x26, 0x00, 0x82, 0x00, 0x00, 0x00, 0x06,
  0x01, 0xaa, 0x75, 0x00, 0xff, 0xff, 0x00, 0x2d, 0xff, 0xf4, 0x01, 0xb9,
  0x02, 0xbd, 0x02, 0x26, 0x00, 0x82, 0x00, 0x00, 0x00, 0x06, 0x01, 0xac,
  0x03, 0x00, 0xff, 0xff, 0x00, 0x2d, 0xff, 0xf4, 0x01, 0xb9, 0x02, 0x7d,
  0x02, 0x26, 0x00, 0x82, 0x00, 0x00, 0x00, 0x06, 0x01, 0xb5, 0x66, 0x00,
  0xff, 0xff, 0x00, 0x2d, 0xff, 0x2c, 0x01, 0xca, 0x02, 0x00, 0x02, 0x26,
  0x00, 0x82, 0x00, 0x00, 0x00, 0x07, 0x01, 0xb9, 0x00, 0xf5, 0x00, 0x00,
  0xff, 0xff, 0x00, 0x2d, 0xff, 0xf4, 0x01, 0xb9, 0x02, 0xdf, 0x02, 0x26,
  0x00, 0x82, 0x00, 0x00, 0x00, 0x06, 0x01, 0xb3, 0x72, 0x00, 0xff, 0xff,
  0x00, 0x2d, 0xff, 0xf4, 0x01, 0xb9, 0x02, 0xbc, 0x02, 0x26, 0x00, 0x82,
  0x00, 0x00, 0x00, 0x06, 0x01, 0xb4, 0x05, 0x00, 0x00, 0x04, 0x00, 0x2d,
  0xff, 0xf4, 0x03, 0x4c, 0x02, 0x00, 0x00, 0x10, 0x00, 0x26, 0x00, 0x3e,
  0x00, 0x47, 0x00, 0x00, 0x25, 0x27, 0x2e, 0x02, 0x23, 0x22, 0x06, 0x07,
  0x27, 0x36, 0x36, 0x33, 0x32, 0x16, 0x15, 0x15, 0x07, 0x22, 0x26, 0x35,
  0x34, 0x36, 0x33, 0x33, 0x15, 0x23, 0x22, 0x06, 0x15, 0x14, 0x16, 0x33,
  0x32, 0x36, 0x35, 0x33, 0x14, 0x06, 0x21, 0x22, 0x26, 0x26, 0x35, 0x34,
  0x36, 0x36, 0x33, 0x32, 0x16, 0x16, 0x15, 0x21, 0x16, 0x16, 0x33, 0x32,
  0x36, 0x37, 0x17, 0x0e, 0x02, 0x03, 0x21, 0x2e, 0x02, 0x23, 0x22, 0x06,
  0x06, 0x01, 0x85, 0x08, 0x06, 0x1c, 0x38, 0x31, 0x30, 0x45, 0x15, 0x36,
  0x21, 0x60, 0x3f, 0x65, 0x62, 0xd1, 0x58, 0x63, 0x63, 0x58, 0xbc, 0xb4,
  0x48, 0x3f, 0x41, 0x3a, 0x48, 0x51, 0x36, 0x6b, 0x01, 0x2b, 0x48, 0x6f,
  0x3f, 0x3e, 0x6d, 0x46, 0x47, 0x63, 0x34, 0xfe, 0x6c, 0x05, 0x65, 0x51,
  0x3a, 0x51, 0x17, 0x32, 0x13, 0x3d, 0x52, 0xe7, 0x01, 0x4d, 0x03, 0x28,
  0x44, 0x2e, 0x2d, 0x4e, 0x31, 0xb4, 0x58, 0x40, 0x53, 0x2a, 0x26, 0x26,
  0x18, 0x36, 0x35, 0x79, 0x7b, 0x58, 0xc0, 0x51, 0x48, 0x4a, 0x52, 0x37,
  0x35, 0x30, 0x2e, 0x34, 0x6e, 0x59, 0x73, 0x8b, 0x43, 0x76, 0x4d, 0x4d,
  0x76, 0x43, 0x45, 0x79, 0x4f, 0x5f, 0x69, 0x39, 0x2d, 0x1f, 0x25, 0x39,
  0x20, 0x01, 0x36, 0x30, 0x47, 0x28, 0x28, 0x48, 0x00, 0x02, 0x00, 0x4b,
  0xff, 0xf4, 0x02, 0x19, 0x02, 0xbc, 0x00, 0x12, 0x00, 0x22, 0x00, 0x00,
  0x05, 0x22, 0x26, 0x27, 0x07, 0x23, 0x11, 0x33, 0x11, 0x36, 0x36, 0x33,
  0x32, 0x16, 0x16, 0x15, 0x14, 0x06, 0x06, 0x27, 0x32, 0x36, 0x36, 0x35,
  0x34, 0x26, 0x26, 0x23, 0x22, 0x06, 0x06, 0x15, 0x14, 0x16, 0x16, 0x01,
  0x37, 0x39, 0x5a, 0x1d, 0x03, 0x39, 0x3c, 0x1d, 0x5a, 0x39, 0x42, 0x66,
  0x3a, 0x3a, 0x66, 0x4e, 0x34, 0x50, 0x2e, 0x2d, 0x50, 0x34, 0x30, 0x4b,
  0x2a, 0x2a, 0x4a, 0x0c, 0x37, 0x30, 0x5b, 0x02, 0xbc, 0xfe, 0xdd, 0x30,
  0x37, 0x43, 0x76, 0x4d, 0x4c, 0x77, 0x43, 0x36, 0x35, 0x5e, 0x3d, 0x3d,
  0x5e, 0x35, 0x35, 0x5e, 0x3d, 0x3d, 0x5e, 0x35, 0x00, 0x01, 0x00, 0x2d,
  0xff, 0xf4, 0x01, 0xf8, 0x02, 0x00, 0x00, 0x1d, 0x00, 0x00, 0x05, 0x22,
  0x26, 0x26, 0x35, 0x34, 0x36, 0x36, 0x33, 0x32, 0x16, 0x17, 0x07, 0x26,
  0x26, 0x23, 0x22, 0x06, 0x06, 0x15, 0x14, 0x16, 0x16, 0x33, 0x32, 0x36,
  0x37, 0x17, 0x06, 0x06, 0x01, 0x23, 0x48, 0x6f, 0x3f, 0x3e, 0x6f, 0x47,
  0x47, 0x6e, 0x1e, 0x34, 0x17, 0x53, 0x35, 0x36, 0x53, 0x2f, 0x30, 0x54,
  0x36, 0x36, 0x54, 0x16, 0x35, 0x1e, 0x6f, 0x0c, 0x43, 0x76, 0x4d, 0x4d,
  0x76, 0x43, 0x3f, 0x38, 0x1c, 0x2b, 0x31, 0x35, 0x5d, 0x3d, 0x3d, 0x5d,
  0x35, 0x37, 0x31, 0x1c, 0x3d, 0x46, 0xff, 0xff, 0x00, 0x2d, 0xff, 0xf4,
  0x01, 0xf8, 0x02, 0xbc, 0x02, 0x26, 0x00, 0x8f, 0x00, 0x00, 0x00, 0x06,
  0x01, 0xad, 0x00, 0x00, 0xff, 0xff, 0x00, 0x2d, 0xff, 0xf4, 0x01, 0xf8,
  0x02, 0xbc, 0x02, 0x26, 0x00, 0x8f, 0x00, 0x00, 0x00, 0x06, 0x01, 0xb1,
  0x7e, 0x00, 0xff, 0xff, 0x00, 0x2d, 0xff, 0x2e, 0x01, 0xf8, 0x02, 0x00,
  0x02, 0x26, 0x00, 0x8f, 0x00, 0x00, 0x00, 0x06, 0x01, 0xb8, 0xfa, 0x00,
  0xff, 0xff, 0x00, 0x2d, 0xff, 0xf4, 0x01, 0xf8, 0x02, 0xc8, 0x02, 0x26,
  0x00, 0x8f, 0x00, 0x00, 0x00, 0x06, 0x01, 0xb0, 0x7e, 0x00, 0xff, 0xff,
  0x00, 0x2d, 0xff, 0xf4, 0x01, 0xf8, 0x02, 0xc6, 0x02, 0x26, 0x00, 0x8f,
  0x00, 0x00, 0x00, 0x07, 0x01, 0xab, 0x00, 0xf9, 0x00, 0x00, 0x00, 0x02,
  0x00, 0x2d, 0xff, 0xf4, 0x01, 0xfb, 0x02, 0xbc, 0x00, 0x12, 0x00, 0x23,
  0x00, 0x00, 0x05, 0x22, 0x26, 0x26, 0x35, 0x34, 0x36, 0x36, 0x33, 0x32,
  0x16, 0x17, 0x11, 0x33, 0x11, 0x23, 0x27, 0x06, 0x06, 0x27, 0x32, 0x36,
  0x36, 0x35, 0x35, 0x34, 0x26, 0x26, 0x23, 0x22, 0x06, 0x06, 0x15, 0x14,
  0x16, 0x16, 0x01, 0x0f, 0x42, 0x66, 0x3a, 0x3a, 0x66, 0x42, 0x39, 0x5b,
  0x1c, 0x3c, 0x39, 0x03, 0x1c, 0x5b, 0x2d, 0x30, 0x4a, 0x2a, 0x2a, 0x4a,
  0x31, 0x34, 0x50, 0x2d, 0x2e, 0x50, 0x0c, 0x43, 0x77, 0x4c, 0x4d, 0x76,
  0x43, 0x37, 0x30, 0x01, 0x23, 0xfd, 0x44, 0x5b, 0x30, 0x37, 0x36, 0x35,
  0x5e, 0x3c, 0x01, 0x3d, 0x5e, 0x35, 0x35, 0x5e, 0x3d, 0x3d, 0x5e, 0x35,
  0xff, 0xff, 0x00, 0x2d, 0xff, 0xf4, 0x02, 0x91, 0x02, 0xbc, 0x02, 0x26,
  0x00, 0x95, 0x00, 0x00, 0x00, 0x07, 0x01, 0xaf, 0x01, 0xfc, 0x00, 0x00,
  0x00, 0x03, 0x00, 0x2d, 0xff, 0xf4, 0x02, 0x4b, 0x02, 0xbc, 0x00, 0x03,
  0x00, 0x16, 0x00, 0x27, 0x00, 0x00, 0x01, 0x35, 0x21, 0x15, 0x01, 0x22,
  0x26, 0x26, 0x35, 0x34, 0x36, 0x36, 0x33, 0x32, 0x16, 0x17, 0x11, 0x33,
  0x11, 0x23, 0x27, 0x06, 0x06, 0x27, 0x32, 0x36, 0x36, 0x35, 0x35, 0x34,
  0x26, 0x26, 0x23, 0x22, 0x06, 0x06, 0x15, 0x14, 0x16, 0x16, 0x01, 0x17,
  0x01, 0x34, 0xfe, 0xc4, 0x42, 0x66, 0x3a, 0x3a, 0x66, 0x42, 0x39, 0x5b,
  0x1c, 0x3c, 0x39, 0x03, 0x1c, 0x5b, 0x2d, 0x30, 0x4a, 0x2a, 0x2a, 0x4a,
  0x31, 0x34, 0x50, 0x2d, 0x2e, 0x50, 0x02, 0x3b, 0x37, 0x37, 0xfd, 0xb9,
  0x43, 0x77, 0x4c, 0x4d, 0x76, 0x43, 0x37, 0x30, 0x01, 0x23, 0xfd, 0x44,
  0x5b, 0x30, 0x37, 0x36, 0x35, 0x5e, 0x3c, 0x01, 0x3d, 0x5e, 0x35, 0x35,
  0x5e, 0x3d, 0x3d, 0x5e, 0x35, 0x00, 0x00, 0x02, 0x00, 0x2d, 0xff, 0xf4,
  0x02, 0x16, 0x02, 0xe1, 0x00, 0x20, 0x00, 0x30, 0x00, 0x00, 0x05, 0x22,
  0x26, 0x26, 0x35, 0x34, 0x36, 0x36, 0x33, 0x32, 0x17, 0x26, 0x26, 0x27,
  0x07, 0x27, 0x37, 0x26, 0x27, 0x37, 0x16, 0x16, 0x17, 0x37, 0x17, 0x07,
  0x1e, 0x02, 0x15, 0x14, 0x06, 0x06, 0x27, 0x32, 0x36, 0x36, 0x35, 0x34,
  0x26, 0x26, 0x23, 0x22, 0x06, 0x06, 0x15, 0x14, 0x16, 0x16, 0x01, 0x23,
  0x48, 0x6f, 0x3f, 0x3e, 0x6f, 0x47, 0x61, 0x3e, 0x0e, 0x2c, 0x1d, 0x47,
  0x1b, 0x39, 0x42, 0x61, 0x0d, 0x3f, 0x65, 0x29, 0x41, 0x19, 0x34, 0x29,
  0x36, 0x1a, 0x3e, 0x6e, 0x47, 0x36, 0x52, 0x2f, 0x2f, 0x54, 0x36, 0x36,
  0x53, 0x2f, 0x30, 0x54, 0x0c, 0x43, 0x76, 0x4d, 0x4d, 0x76, 0x43, 0x49,
  0x2b, 0x46, 0x1c, 0x2d, 0x2b, 0x23, 0x2c, 0x15, 0x3b, 0x0d, 0x2d, 0x20,
  0x28, 0x2a, 0x21, 0x2a, 0x6e, 0x84, 0x4e, 0x4d, 0x76, 0x43, 0x37, 0x35,
  0x5d, 0x3d, 0x3d, 0x5d, 0x35, 0x35, 0x5d, 0x3d, 0x3d, 0x5d, 0x35, 0x00,
  0x00, 0x02, 0x00, 0x2d, 0xff, 0xf4, 0x01, 0xfc, 0x02, 0x00, 0x00, 0x17,
  0x00, 0x20, 0x00, 0x00, 0x05, 0x22, 0x26, 0x26, 0x35, 0x34, 0x36, 0x36,
  0x33, 0x32, 0x16, 0x16, 0x15, 0x21, 0x16, 0x16, 0x33, 0x32, 0x36, 0x37,
  0x17, 0x0e, 0x02, 0x03, 0x21, 0x2e, 0x02, 0x23, 0x22, 0x06, 0x06, 0x01,
  0x23, 0x48, 0x6f, 0x3f, 0x3e, 0x6d, 0x46, 0x47, 0x63, 0x34, 0xfe, 0x6c,
  0x05, 0x65, 0x51, 0x3a, 0x51, 0x17, 0x32, 0x13, 0x3d, 0x52, 0xe7, 0x01,
  0x4d, 0x03, 0x28, 0x44, 0x2e, 0x2d, 0x4e, 0x31, 0x0c, 0x43, 0x76, 0x4d,
  0x4d, 0x76, 0x43, 0x45, 0x79, 0x4f, 0x5f, 0x69, 0x39, 0x2d, 0x1f, 0x25,
  0x39, 0x20, 0x01, 0x36, 0x30, 0x47, 0x28, 0x28, 0x48, 0x00, 0xff, 0xff,
  0x00, 0x2d, 0xff, 0xf4, 0x01, 0xfc, 0x02, 0xbc, 0x02, 0x26, 0x00, 0x99,
  0x00, 0x00, 0x00, 0x06, 0x01, 0xad, 0xfd, 0x00, 0xff, 0xff, 0x00, 0x2d,
  0xff, 0xf4, 0x01, 0xfc, 0x02, 0xbc, 0x02, 0x26, 0x00, 0x99, 0x00, 0x00,
  0x00, 0x06, 0x01, 0xb1, 0x7b, 0x00, 0xff, 0xff, 0x00, 0x2d, 0xff, 0xf4,
  0x01, 0xfc, 0x02, 0xc8, 0x02, 0x26, 0x00, 0x99, 0x00, 0x00, 0x00, 0x06,
  0x01, 0xb0, 0x7b, 0x00, 0xff, 0xff, 0x00, 0x2d, 0xff, 0xf4, 0x01, 0xfc,
  0x02, 0xc6, 0x02, 0x26, 0x00, 0x99, 0x00, 0x00, 0x00, 0x07, 0x01, 0xaa,
  0x00, 0x97, 0x00, 0x00, 0xff, 0xff, 0x00, 0x2d, 0xff, 0xf4, 0x01, 0xfc,
  0x02, 0xc6, 0x02, 0x26, 0x00, 0x99, 0x00, 0x00, 0x00, 0x07, 0x01, 0xab,
  0x00, 0xf6, 0x00, 0x00, 0xff, 0xff, 0x00, 0x2d, 0xff, 0xf4, 0x01, 0xfc,
  0x02, 0xbd, 0x02, 0x26, 0x00, 0x99, 0x00, 0x00, 0x00, 0x06, 0x01, 0xac,
  0x25, 0x00, 0xff, 0xff, 0x00, 0x2d, 0xff, 0xf4, 0x01, 0xfc, 0x02, 0x7d,
  0x02, 0x26, 0x00, 0x99, 0x00, 0x00, 0x00, 0x07, 0x01, 0xb5, 0x00, 0x88,
  0x00, 0x00, 0xff, 0xff, 0x00, 0x2d, 0xff, 0x3d, 0x02, 0x0c, 0x02, 0x00,
  0x02, 0x26, 0x00, 0x99, 0x00, 0x00, 0x00, 0x07, 0x01, 0xba, 0x01, 0x37,
  0x00, 0x11, 0x00, 0x01, 0x00, 0x1e, 0x00, 0x00, 0x01, 0x63, 0x02, 0xc8,
  0x00, 0x17, 0x00, 0x00, 0x33, 0x11, 0x23, 0x35, 0x33, 0x35, 0x34, 0x36,
  0x33, 0x32, 0x16, 0x17, 0x07, 0x26, 0x26, 0x23, 0x22, 0x06, 0x15, 0x15,
  0x33, 0x15, 0x23, 0x11, 0x7d, 0x5f, 0x5f, 0x46, 0x47, 0x10, 0x2c, 0x1d,
  0x16, 0x1a, 0x23, 0x0b, 0x26, 0x26, 0x99, 0x99, 0x01, 0xbd, 0x37, 0x3c,
  0x4d, 0x4b, 0x0c, 0x0c, 0x33, 0x0a, 0x0a, 0x30, 0x31, 0x3c, 0x37, 0xfe,
  0x43, 0x00, 0x00, 0x02, 0x00, 0x2d, 0xff, 0x2c, 0x01, 0xfb, 0x02, 0x00,
  0x00, 0x22, 0x00, 0x32, 0x00, 0x00, 0x05, 0x22, 0x26, 0x26, 0x27, 0x37,
  0x1e, 0x02, 0x33, 0x32, 0x36, 0x36, 0x35, 0x35, 0x06, 0x06, 0x23, 0x22,
  0x26, 0x26, 0x35, 0x34, 0x36, 0x36, 0x33, 0x32, 0x16, 0x17, 0x35, 0x33,
  0x11, 0x14, 0x06, 0x06, 0x03, 0x32, 0x36, 0x36, 0x35, 0x34, 0x26, 0x26,
  0x23, 0x22, 0x06, 0x06, 0x15, 0x14, 0x16, 0x16, 0x01, 0x0a, 0x2d, 0x4c,
  0x34, 0x0a, 0x16, 0x0c, 0x31, 0x41, 0x23, 0x34, 0x52, 0x2f, 0x1c, 0x5b,
  0x39, 0x42, 0x66, 0x3a, 0x3a, 0x66, 0x42, 0x39, 0x5b, 0x1c, 0x3c, 0x41,
  0x6e, 0x31, 0x30, 0x4a, 0x2a, 0x2a, 0x4a, 0x31, 0x34, 0x50, 0x2d, 0x2e,
  0x50, 0xd4, 0x14, 0x17, 0x05, 0x32, 0x07, 0x15, 0x0f, 0x2a, 0x5a, 0x47,
  0x37, 0x2f, 0x36, 0x42, 0x75, 0x4b, 0x4b, 0x72, 0x41, 0x34, 0x2f, 0x57,
  0xfe, 0x3a, 0x57, 0x73, 0x38, 0x01, 0x09, 0x35, 0x5c, 0x3c, 0x3b, 0x5b,
  0x34, 0x34, 0x5b, 0x3b, 0x3c, 0x5c, 0x35, 0x00, 0xff, 0xff, 0x00, 0x2d,
  0xff, 0x2c, 0x01, 0xfb, 0x02, 0xbc, 0x02, 0x26, 0x00, 0xa3, 0x00, 0x00,
  0x00, 0x06, 0x01, 0xb2, 0x6c, 0x00, 0xff, 0xff, 0x00, 0x2d, 0xff, 0x2c,
  0x01, 0xfb, 0x02, 0xc8, 0x02, 0x26, 0x00, 0xa3, 0x00, 0x00, 0x00, 0x06,
  0x01, 0xb0, 0x6c, 0x00, 0xff, 0xff, 0x00, 0x2d, 0xff, 0x2c, 0x01, 0xfb,
  0x02, 0xc9, 0x02, 0x26, 0x00, 0xa3, 0x00, 0x00, 0x00, 0x07, 0x01, 0xb6,
  0x00, 0xee, 0x00, 0x00, 0xff, 0xff, 0x00, 0x2d, 0xff, 0x2c, 0x01, 0xfb,
  0x02, 0xc6, 0x02, 0x26, 0x00, 0xa3, 0x00, 0x00, 0x00, 0x07, 0x01, 0xab,
  0x00, 0xe7, 0x00, 0x00, 0x00, 0x01, 0x00, 0x4b, 0x00, 0x00, 0x01, 0xef,
  0x02, 0xbc, 0x00, 0x15, 0x00, 0x00, 0x33, 0x11, 0x33, 0x11, 0x36, 0x36,
  0x33, 0x32, 0x16, 0x16, 0x07, 0x11, 0x23, 0x11, 0x34, 0x26, 0x26, 0x23,
  0x22, 0x06, 0x15, 0x11, 0x4b, 0x3c, 0x19, 0x52, 0x37, 0x3a, 0x59, 0x33,
  0x01, 0x3c, 0x27, 0x43, 0x2a, 0x47, 0x50, 0x02, 0xbc, 0xfe, 0xeb, 0x2b,
  0x2e, 0x2f, 0x66, 0x54, 0xfe, 0xe9, 0x01, 0x00, 0x53, 0x56, 0x1f, 0x69,
  0x5e, 0xfe, 0xff, 0x00, 0x00, 0x02, 0x00, 0x00, 0x00, 0x00, 0x01, 0xef,
  0x02, 0xbc, 0x00, 0x03, 0x00, 0x19, 0x00, 0x00, 0x11, 0x35, 0x21, 0x15,
  0x03, 0x11, 0x33, 0x11, 0x36, 0x36, 0x33, 0x32, 0x16, 0x16, 0x07, 0x11,
  0x23, 0x11, 0x34, 0x26, 0x26, 0x23, 0x22, 0x06, 0x15, 0x11, 0x01, 0x34,
  0xe9, 0x3c, 0x19, 0x52, 0x37, 0x3a, 0x59, 0x33, 0x01, 0x3c, 0x27, 0x43,
  0x2a, 0x47, 0x50, 0x02, 0x3b, 0x37, 0x37, 0xfd, 0xc5, 0x02, 0xbc, 0xfe,
  0xeb, 0x2b, 0x2e, 0x2f, 0x66, 0x54, 0xfe, 0xe9, 0x01, 0x00, 0x53, 0x56,
  0x1f, 0x69, 0x5e, 0xfe, 0xff, 0x00, 0xff, 0xff, 0xff, 0xc6, 0x00, 0x00,
  0x01, 0xef, 0x03, 0x90, 0x02, 0x26, 0x00, 0xa8, 0x00, 0x00, 0x00, 0x07,
  0x01, 0xb0, 0xff, 0xc6, 0x00, 0xc8, 0xff, 0xff, 0x00, 0x46, 0x00, 0x00,
  0x00, 0x96, 0x02, 0xc6, 0x02, 0x26, 0x00, 0xac, 0x00, 0x00, 0x00, 0x06,
  0x01, 0xab, 0x46, 0x00, 0x00, 0x01, 0x00, 0x4f, 0x00, 0x00, 0x00, 0x8b,
  0x01, 0xf4, 0x00, 0x03, 0x00, 0x00, 0x33, 0x11, 0x33, 0x11, 0x4f, 0x3c,
  0x01, 0xf4, 0xfe, 0x0c, 0xff, 0xff, 0x00, 0x30, 0x00, 0x00, 0x00, 0xfc,
  0x02, 0xbc, 0x02, 0x26, 0x00, 0xac, 0x00, 0x00, 0x00, 0x07, 0x01, 0xad,
  0xff, 0x4d, 0x00, 0x00, 0xff, 0xff, 0xff, 0xcb, 0x00, 0x00, 0x01, 0x10,
  0x02, 0xc8, 0x02, 0x26, 0x00, 0xac, 0x00, 0x00, 0x00, 0x06, 0x01, 0xb0,
  0xcb, 0x00, 0x00, 0x03, 0x00, 0x0a, 0x00, 0x00, 0x00, 0xd3, 0x02, 0xc6,
  0x00, 0x0b, 0x00, 0x17, 0x00, 0x1b, 0x00, 0x00, 0x13, 0x22, 0x26, 0x35,
  0x34, 0x36, 0x33, 0x32, 0x16, 0x15, 0x14, 0x06, 0x23, 0x22, 0x26, 0x35,
  0x34, 0x36, 0x33, 0x32, 0x16, 0x15, 0x14, 0x06, 0x13, 0x11, 0x33, 0x11,
  0xab, 0x10, 0x18, 0x18, 0x10, 0x11, 0x17, 0x17, 0x8a, 0x10, 0x18, 0x18,
  0x10, 0x11, 0x17, 0x17, 0x0c, 0x3c, 0x02, 0x76, 0x18, 0x10, 0x11, 0x17,
  0x17, 0x11, 0x10, 0x18, 0x18, 0x10, 0x11, 0x17, 0x17, 0x11, 0x10, 0x18,
  0xfd, 0x8a, 0x01, 0xf4, 0xfe, 0x0c, 0xff, 0xff, 0x00, 0x46, 0x00, 0x00,
  0x00, 0x96, 0x02, 0xc6, 0x02, 0x26, 0x00, 0xac, 0x00, 0x00, 0x00, 0x06,
  0x01, 0xab, 0x46, 0x00, 0xff, 0xff, 0x00, 0x07, 0x00, 0x00, 0x00, 0xd5,
  0x02, 0xbd, 0x02, 0x26, 0x00, 0xac, 0x00, 0x00, 0x00, 0x07, 0x01, 0xac,
  0xff, 0x75, 0x00, 0x00, 0xff, 0xff, 0xff, 0xf1, 0x00, 0x00, 0x00, 0xeb,
  0x02, 0x7d, 0x02, 0x26, 0x00, 0xac, 0x00, 0x00, 0x00, 0x06, 0x01, 0xbb,
  0xd8, 0x00, 0xff, 0xff, 0xff, 0xef, 0xff, 0x2c, 0x00, 0x9c, 0x02, 0xc6,
  0x02, 0x26, 0x00, 0xac, 0x00, 0x00, 0x00, 0x26, 0x01, 0xab, 0x46, 0x00,
  0x00, 0x06, 0x01, 0xb9, 0xc7, 0x00, 0xff, 0xff, 0x00, 0x46, 0xff, 0x29,
  0x01, 0x9a, 0x02, 0xc8, 0x00, 0x26, 0x00, 0xac, 0x00, 0x00, 0x00, 0x26,
  0x01, 0xab, 0x46, 0x00, 0x00, 0x07, 0x00, 0xb5, 0x00, 0xdc, 0x00, 0x00,
  0x00, 0x02, 0xff, 0xce, 0xff, 0x29, 0x00, 0xbe, 0x02, 0xc8, 0x00, 0x0b,
  0x00, 0x19, 0x00, 0x00, 0x13, 0x22, 0x26, 0x35, 0x34, 0x36, 0x33, 0x32,
  0x16, 0x15, 0x14, 0x06, 0x03, 0x22, 0x27, 0x37, 0x16, 0x16, 0x33, 0x32,
  0x35, 0x11, 0x33, 0x11, 0x14, 0x06, 0x96, 0x10, 0x18, 0x18, 0x10, 0x11,
  0x17, 0x17, 0x80, 0x1e, 0x3b, 0x16, 0x1a, 0x24, 0x0a, 0x4c, 0x3c, 0x46,
  0x02, 0x78, 0x18, 0x10, 0x11, 0x17, 0x17, 0x11, 0x10, 0x18, 0xfc, 0xb1,
  0x18, 0x33, 0x0a, 0x0a, 0x61, 0x02, 0x33, 0xfd, 0xcd, 0x4c, 0x4c, 0x00,
  0x00, 0x01, 0xff, 0xce, 0xff, 0x29, 0x00, 0xb4, 0x01, 0xf4, 0x00, 0x0d,
  0x00, 0x00, 0x17, 0x22, 0x27, 0x37, 0x16, 0x16, 0x33, 0x32, 0x35, 0x11,
  0x33, 0x11, 0x14, 0x06, 0x27, 0x1e, 0x3b, 0x16, 0x1a, 0x24, 0x0a, 0x4c,
  0x3c, 0x46, 0xd7, 0x18, 0x33, 0x0a, 0x0a, 0x61, 0x02, 0x33, 0xfd, 0xcd,
  0x4c, 0x4c, 0xff, 0xff, 0xff, 0xce, 0xff, 0x29, 0x01, 0x24, 0x02, 0xbc,
  0x02, 0x26, 0x00, 0xb6, 0x00, 0x00, 0x00, 0x07, 0x01, 0xad, 0xff, 0x75,
  0x00, 0x00, 0xff, 0xff, 0xff, 0xce, 0xff, 0x29, 0x01, 0x38, 0x02, 0xc8,
  0x02, 0x26, 0x00, 0xb6, 0x00, 0x00, 0x00, 0x06, 0x01, 0xb0, 0xf3, 0x00,
  0x00, 0x01, 0x00, 0x4b, 0x00, 0x00, 0x01, 0xd1, 0x02, 0xbc, 0x00, 0x0b,
  0x00, 0x00, 0x33, 0x11, 0x33, 0x11, 0x37, 0x33, 0x07, 0x13, 0x23, 0x03,
  0x07, 0x15, 0x4b, 0x3c, 0xe6, 0x4e, 0xb9, 0xcf, 0x4d, 0xab, 0x52, 0x02,
  0xbc, 0xfe, 0x46, 0xf2, 0xc4, 0xfe, 0xd0, 0x01, 0x05, 0x57, 0xae, 0x00,
  0xff, 0xff, 0x00, 0x4b, 0xff, 0x38, 0x01, 0xd1, 0x02, 0xbc, 0x02, 0x26,
  0x00, 0xb9, 0x00, 0x00, 0x00, 0x07, 0x01, 0xb7, 0x00, 0x9b, 0x00, 0x00,
  0x00, 0x01, 0x00, 0x4b, 0x00, 0x00, 0x00, 0x87, 0x02, 0xbc, 0x00, 0x03,
  0x00, 0x00, 0x33, 0x11, 0x33, 0x11, 0x4b, 0x3c, 0x02, 0xbc, 0xfd, 0x44,
  0xff, 0xff, 0x00, 0x2b, 0x00, 0x00, 0x00, 0xf7, 0x03, 0x66, 0x02, 0x26,
  0x00, 0xbb, 0x00, 0x00, 0x00, 0x07, 0x01, 0xad, 0xff, 0x48, 0x00, 0xaa,
  0xff, 0xff, 0x00, 0x4b, 0x00, 0x00, 0x01, 0x1e, 0x02, 0xbc, 0x02, 0x26,
  0x00, 0xbb, 0x00, 0x00, 0x00, 0x07, 0x01, 0xaf, 0x00, 0x89, 0x00, 0x00,
  0xff, 0xff, 0x00, 0x1c, 0xff, 0x38, 0x00, 0x91, 0x02, 0xbc, 0x02, 0x26,
  0x00, 0xbb, 0x00, 0x00, 0x00, 0x06, 0x01, 0xb7, 0x13, 0x00, 0x00, 0x02,
  0x00, 0x14, 0x00, 0x00, 0x01, 0x04, 0x02, 0xbc, 0x00, 0x03, 0x00, 0x07,
  0x00, 0x00, 0x13, 0x35, 0x37, 0x15, 0x03, 0x11, 0x33, 0x11, 0x14, 0xf0,
  0x97, 0x3c, 0x01, 0x0d, 0x3a, 0x73, 0x3a, 0xfe, 0x80, 0x02, 0xbc, 0xfd,
  0x44, 0x00, 0x00, 0x01, 0x00, 0x4b, 0x00, 0x00, 0x03, 0x10, 0x02, 0x00,
  0x00, 0x24, 0x00, 0x00, 0x33, 0x11, 0x33, 0x17, 0x36, 0x36, 0x33, 0x32,
  0x16, 0x17, 0x36, 0x36, 0x33, 0x32, 0x16, 0x07, 0x11, 0x23, 0x11, 0x34,
  0x26, 0x26, 0x23, 0x22, 0x06, 0x15, 0x11, 0x23, 0x11, 0x34, 0x26, 0x26,
  0x23, 0x22, 0x06, 0x15, 0x11, 0x4b, 0x38, 0x03, 0x17, 0x49, 0x31, 0x3b,
  0x56, 0x13, 0x15, 0x51, 0x3a, 0x52, 0x63, 0x01, 0x3c, 0x23, 0x3a, 0x25,
  0x3f, 0x47, 0x3c, 0x23, 0x3a, 0x25, 0x3f, 0x47, 0x01, 0xf4, 0x48, 0x29,
  0x2b, 0x39, 0x3b, 0x38, 0x3c, 0x70, 0x72, 0xfe, 0xe2, 0x01, 0x00, 0x53,
  0x56, 0x1f, 0x69, 0x5e, 0xfe, 0xff, 0x01, 0x00, 0x53, 0x56, 0x1f, 0x69,
  0x5e, 0xfe, 0xff, 0x00, 0x00, 0x01, 0x00, 0x4b, 0x00, 0x00, 0x01, 0xef,
  0x02, 0x00, 0x00, 0x15, 0x00, 0x00, 0x33, 0x11, 0x33, 0x17, 0x36, 0x36,
  0x33, 0x32, 0x16, 0x16, 0x07, 0x11, 0x23, 0x11, 0x34, 0x26, 0x26, 0x23,
  0x22, 0x06, 0x15, 0x11, 0x4b, 0x38, 0x03, 0x19, 0x52, 0x38, 0x3a, 0x59,
  0x33, 0x01, 0x3c, 0x27, 0x43, 0x2a, 0x47, 0x50, 0x01, 0xf4, 0x4e, 0x2c,
  0x2e, 0x2f, 0x66, 0x54, 0xfe, 0xe9, 0x01, 0x00, 0x53, 0x56, 0x1f, 0x69,
  0x5e, 0xfe, 0xff, 0x00, 0xff, 0xff, 0x00, 0x4b, 0x00, 0x00, 0x01, 0xef,
  0x02, 0xbc, 0x02, 0x26, 0x00, 0xc1, 0x00, 0x00, 0x00, 0x06, 0x01, 0xad,
  0xf4, 0x00, 0xff, 0xff, 0x00, 0x4b, 0x00, 0x00, 0x01, 0xef, 0x02, 0xbc,
  0x02, 0x26, 0x00, 0xc1, 0x00, 0x00, 0x00, 0x06, 0x01, 0xb1, 0x72, 0x00,
  0xff, 0xff, 0x00, 0x4b, 0xff, 0x38, 0x01, 0xef, 0x02, 0x00, 0x02, 0x26,
  0x00, 0xc1, 0x00, 0x00, 0x00, 0x07, 0x01, 0xb7, 0x00, 0xbf, 0x00, 0x00,
  0xff, 0xff, 0x00, 0x4b, 0x00, 0x00, 0x01, 0xef, 0x02, 0xbc, 0x02, 0x26,
  0x00, 0xc1, 0x00, 0x00, 0x00, 0x06, 0x01, 0xb4, 0x1e, 0x00, 0x00, 0x01,
  0x00, 0x4b, 0xff, 0x29, 0x01, 0xef, 0x02, 0x00, 0x00, 0x1f, 0x00, 0x00,
  0x05, 0x22, 0x27, 0x37, 0x16, 0x16, 0x33, 0x32, 0x35, 0x11, 0x34, 0x26,
  0x26, 0x23, 0x22, 0x06, 0x15, 0x11, 0x23, 0x11, 0x33, 0x17, 0x36, 0x36,
  0x33, 0x32, 0x16, 0x16, 0x07, 0x11, 0x14, 0x06, 0x01, 0x61, 0x1e, 0x3b,
  0x16, 0x1a, 0x24, 0x0a, 0x4c, 0x27, 0x43, 0x2a, 0x47, 0x50, 0x3c, 0x38,
  0x03, 0x19, 0x52, 0x38, 0x3a, 0x59, 0x33, 0x01, 0x46, 0xd7, 0x18, 0x33,
  0x0a, 0x0a, 0x61, 0x01, 0x3f, 0x53, 0x56, 0x1f, 0x69, 0x5e, 0xfe, 0xff,
  0x01, 0xf4, 0x4e, 0x2c, 0x2e, 0x2f, 0x66, 0x54, 0xfe, 0xaa, 0x4c, 0x4c,
  0x00, 0x02, 0x00, 0x2d, 0xff, 0xf4, 0x02, 0x16, 0x02, 0x00, 0x00, 0x0f,
  0x00, 0x1f, 0x00, 0x00, 0x05, 0x22, 0x26, 0x26, 0x35, 0x34, 0x36, 0x36,
  0x33, 0x32, 0x16, 0x16, 0x15, 0x14, 0x06, 0x06, 0x27, 0x32, 0x36, 0x36,
  0x35, 0x34, 0x26, 0x26, 0x23, 0x22, 0x06, 0x06, 0x15, 0x14, 0x16, 0x16,
  0x01, 0x23, 0x48, 0x6f, 0x3f, 0x3e, 0x6f, 0x47, 0x48, 0x6f, 0x3e, 0x3e,
  0x6e, 0x47, 0x36, 0x52, 0x2f, 0x2f, 0x54, 0x36, 0x36, 0x53, 0x2f, 0x30,
  0x54, 0x0c, 0x43, 0x76, 0x4d, 0x4d, 0x76, 0x43, 0x43, 0x76, 0x4d, 0x4d,
  0x76, 0x43, 0x37, 0x35, 0x5d, 0x3d, 0x3d, 0x5d, 0x35, 0x35, 0x5d, 0x3d,
  0x3d, 0x5d, 0x35, 0x00, 0xff, 0xff, 0x00, 0x2d, 0xff, 0xf4, 0x02, 0x16,
  0x02, 0xbc, 0x02, 0x26, 0x00, 0xc7, 0x00, 0x00, 0x00, 0x06, 0x01, 0xad,
  0x01, 0x00, 0xff, 0xff, 0x00, 0x2d, 0xff, 0xf4, 0x02, 0x16, 0x02, 0xc8,
  0x02, 0x26, 0x00, 0xc7, 0x00, 0x00, 0x00, 0x06, 0x01, 0xb0, 0x7f, 0x00,
  0xff, 0xff, 0x00, 0x2d, 0xff, 0xf4, 0x02, 0x16, 0x02, 0xc6, 0x02, 0x26,
  0x00, 0xc7, 0x00, 0x00, 0x00, 0x07, 0x01, 0xaa, 0x00, 0x9b, 0x00, 0x00,
  0xff, 0xff, 0x00, 0x2d, 0xff, 0xf4, 0x02, 0x16, 0x02, 0xbd, 0x02, 0x26,
  0x00, 0xc7, 0x00, 0x00, 0x00, 0x06, 0x01, 0xac, 0x29, 0x00, 0xff, 0xff,
  0x00, 0x2d, 0xff, 0xf4, 0x02, 0x16, 0x02, 0xbc, 0x02, 0x26, 0x00, 0xc7,
  0x00, 0x00, 0x00, 0x07, 0x01, 0xae, 0x00, 0x94, 0x00, 0x00, 0xff, 0xff,
  0x00, 0x2d, 0xff, 0xf4, 0x02, 0x16, 0x02, 0x7d, 0x02, 0x26, 0x00, 0xc7,
  0x00, 0x00, 0x00, 0x07, 0x01, 0xb5, 0x00, 0x8c, 0x00, 0x00, 0x00, 0x03,
  0x00, 0x20, 0xff, 0xf4, 0x02, 0x23, 0x02, 0x00, 0x00, 0x03, 0x00, 0x13,
  0x00, 0x23, 0x00, 0x00, 0x33, 0x01, 0x33, 0x01, 0x17, 0x22, 0x26, 0x26,
  0x35, 0x34, 0x36, 0x36, 0x33, 0x32, 0x16, 0x16, 0x15, 0x14, 0x06, 0x06,
  0x27, 0x32, 0x36, 0x36, 0x35, 0x34, 0x26, 0x26, 0x23, 0x22, 0x06, 0x06,
  0x15, 0x14, 0x16, 0x16, 0x20, 0x01, 0xb7, 0x4c, 0xfe, 0x48, 0xb7, 0x48,
  0x6f, 0x3f, 0x3e, 0x6f, 0x47, 0x48, 0x6f, 0x3e, 0x3e, 0x6e, 0x47, 0x36,
  0x52, 0x2f, 0x2f, 0x54, 0x36, 0x36, 0x53, 0x2f, 0x30, 0x54, 0x01, 0xf4,
  0xfe, 0x0c, 0x0c, 0x43, 0x76, 0x4d, 0x4d, 0x76, 0x43, 0x43, 0x76, 0x4d,
  0x4d, 0x76, 0x43, 0x37, 0x35, 0x5d, 0x3d, 0x3d, 0x5d, 0x35, 0x35, 0x5d,
  0x3d, 0x3d, 0x5d, 0x35, 0xff, 0xff, 0x00, 0x2d, 0xff, 0xf4, 0x02, 0x16,
  0x02, 0xbc, 0x02, 0x26, 0x00, 0xc7, 0x00, 0x00, 0x00, 0x06, 0x01, 0xb4,
  0x2b, 0x00, 0xff, 0xff, 0x00, 0x2d, 0xff, 0xf4, 0x03, 0xb3, 0x02, 0x00,
  0x00, 0x26, 0x00, 0xc7, 0x00, 0x00, 0x00, 0x07, 0x00, 0x99, 0x01, 0xb7,
  0x00, 0x00, 0x00, 0x02, 0x00, 0x50, 0xff, 0x38, 0x02, 0x1e, 0x02, 0x00,
  0x00, 0x12, 0x00, 0x22, 0x00, 0x00, 0x17, 0x11, 0x33, 0x17, 0x36, 0x36,
  0x33, 0x32, 0x16, 0x16, 0x15, 0x14, 0x06, 0x06, 0x23, 0x22, 0x26, 0x27,
  0x11, 0x37, 0x32, 0x36, 0x36, 0x35, 0x34, 0x26, 0x26, 0x23, 0x22, 0x06,
  0x06, 0x15, 0x14, 0x16, 0x16, 0x50, 0x38, 0x04, 0x1d, 0x5a, 0x39, 0x42,
  0x66, 0x3a, 0x3a, 0x66, 0x42, 0x39, 0x5a, 0x1d, 0xa4, 0x34, 0x50, 0x2e,
  0x2d, 0x50, 0x34, 0x30, 0x4b, 0x2a, 0x2a, 0x4a, 0xc8, 0x02, 0xbc, 0x5b,
  0x30, 0x37, 0x43, 0x76, 0x4d, 0x4c, 0x77, 0x43, 0x37, 0x30, 0xfe, 0xdd,
  0xf2, 0x35, 0x5e, 0x3d, 0x3d, 0x5e, 0x35, 0x35, 0x5e, 0x3d, 0x3d, 0x5e,
  0x35, 0x00, 0x00, 0x02, 0x00, 0x4b, 0xff, 0x38, 0x02, 0x19, 0x02, 0xbc,
  0x00, 0x12, 0x00, 0x22, 0x00, 0x00, 0x17, 0x11, 0x33, 0x11, 0x36, 0x36,
  0x33, 0x32, 0x16, 0x16, 0x15, 0x14, 0x06, 0x06, 0x23, 0x22, 0x26, 0x27,
  0x11, 0x37, 0x32, 0x36, 0x36, 0x35, 0x34, 0x26, 0x26, 0x23, 0x22, 0x06,
  0x06, 0x15, 0x14, 0x16, 0x16, 0x4b, 0x3c, 0x1d, 0x5a, 0x39, 0x42, 0x66,
  0x3a, 0x3a, 0x66, 0x42, 0x39, 0x5a, 0x1d, 0xa4, 0x34, 0x50, 0x2e, 0x2d,
  0x50, 0x34, 0x30, 0x4b, 0x2a, 0x2a, 0x4a, 0xc8, 0x03, 0x84, 0xfe, 0xdd,
  0x30, 0x37, 0x43, 0x76, 0x4d, 0x4c, 0x77, 0x43, 0x37, 0x30, 0xfe, 0xdd,
  0xf2, 0x35, 0x5e, 0x3d, 0x3d, 0x5e, 0x35, 0x35, 0x5e, 0x3d, 0x3d, 0x5e,
  0x35, 0x00, 0x00, 0x02, 0x00, 0x2d, 0xff, 0x38, 0x01, 0xfb, 0x02, 0x00,
  0x00, 0x12, 0x00, 0x22, 0x00, 0x00, 0x05, 0x11, 0x06, 0x06, 0x23, 0x22,
  0x26, 0x26, 0x35, 0x34, 0x36, 0x36, 0x33, 0x32, 0x16, 0x17, 0x37, 0x33,
  0x11, 0x27, 0x32, 0x36, 0x36, 0x35, 0x34, 0x26, 0x26, 0x23, 0x22, 0x06,
  0x06, 0x15, 0x14, 0x16, 0x16, 0x01, 0xbf, 0x1c, 0x5b, 0x39, 0x42, 0x66,
  0x3a, 0x3a, 0x66, 0x42, 0x39, 0x5b, 0x1c, 0x03, 0x39, 0xe0, 0x30, 0x4a,
  0x2a, 0x2a, 0x4a, 0x31, 0x34, 0x50, 0x2d, 0x2e, 0x50, 0xc8, 0x01, 0x23,
  0x30, 0x37, 0x43, 0x77, 0x4c, 0x4d, 0x76, 0x43, 0x37, 0x30, 0x5b, 0xfd,
  0x44, 0xf2, 0x35, 0x5e, 0x3d, 0x3d, 0x5e, 0x35, 0x35, 0x5e, 0x3d, 0x3d,
  0x5e, 0x35, 0x00, 0x01, 0x00, 0x4b, 0x00, 0x00, 0x01, 0x38, 0x01, 0xf6,
  0x00, 0x0c, 0x00, 0x00, 0x33, 0x11, 0x33, 0x15, 0x36, 0x36, 0x33, 0x15,
  0x22, 0x06, 0x06, 0x15, 0x11, 0x4b, 0x3c, 0x1d, 0x60, 0x34, 0x2c, 0x51,
  0x34, 0x01, 0xf4, 0x58, 0x2f, 0x2b, 0x37, 0x1f, 0x49, 0x3f, 0xfe, 0xe8,
  0xff, 0xff, 0x00, 0x4b, 0x00, 0x00, 0x01, 0x38, 0x02, 0xbc, 0x02, 0x26,
  0x00, 0xd4, 0x00, 0x00, 0x00, 0x07, 0x01, 0xad, 0xff, 0x7a, 0x00, 0x00,
  0xff, 0xff, 0xff, 0xf8, 0x00, 0x00, 0x01, 0x3d, 0x02, 0xbc, 0x02, 0x26,
  0x00, 0xd4, 0x00, 0x00, 0x00, 0x06, 0x01, 0xb1, 0xf8, 0x00, 0xff, 0xff,
  0x00, 0x32, 0xff, 0x38, 0x01, 0x38, 0x01, 0xf6, 0x02, 0x26, 0x00, 0xd4,
  0x00, 0x00, 0x00, 0x06, 0x01, 0xb7, 0x29, 0x00, 0x00, 0x01, 0x00, 0x2d,
  0xff, 0xf4, 0x01, 0xa5, 0x02, 0x00, 0x00, 0x2b, 0x00, 0x00, 0x17, 0x22,
  0x26, 0x26, 0x27, 0x37, 0x16, 0x16, 0x33, 0x32, 0x36, 0x35, 0x34, 0x26,
  0x27, 0x27, 0x26, 0x26, 0x35, 0x34, 0x36, 0x33, 0x32, 0x16, 0x16, 0x17,
  0x07, 0x26, 0x26, 0x23, 0x22, 0x06, 0x15, 0x14, 0x16, 0x17, 0x17, 0x1e,
  0x02, 0x15, 0x14, 0x06, 0x06, 0xf5, 0x39, 0x52, 0x33, 0x0a, 0x36, 0x11,
  0x4b, 0x2b, 0x35, 0x4a, 0x36, 0x35, 0x31, 0x43, 0x49, 0x5b, 0x5c, 0x2b,
  0x45, 0x31, 0x0c, 0x36, 0x10, 0x3e, 0x32, 0x35, 0x3d, 0x31, 0x31, 0x2b,
  0x31, 0x45, 0x25, 0x2e, 0x4f, 0x0c, 0x22, 0x36, 0x1d, 0x14, 0x25, 0x2d,
  0x2c, 0x28, 0x24, 0x2e, 0x0e, 0x0d, 0x12, 0x45, 0x2b, 0x45, 0x4d, 0x19,
  0x2e, 0x20, 0x17, 0x27, 0x20, 0x2d, 0x29, 0x16, 0x2b, 0x0d, 0x0b, 0x0c,
  0x2d, 0x3a, 0x23, 0x2d, 0x41, 0x22, 0xff, 0xff, 0x00, 0x2d, 0xff, 0xf4,
  0x01, 0xa5, 0x02, 0xbc, 0x02, 0x26, 0x00, 0xd8, 0x00, 0x00, 0x00, 0x06,
  0x01, 0xad, 0xd7, 0x00, 0xff, 0xff, 0x00, 0x2d, 0xff, 0xf4, 0x01, 0xa5,
  0x02, 0xbc, 0x02, 0x26, 0x00, 0xd8, 0x00, 0x00, 0x00, 0x06, 0x01, 0xb1,
  0x55, 0x00, 0xff, 0xff, 0x00, 0x2d, 0xff, 0x2e, 0x01, 0xa5, 0x02, 0x00,
  0x02, 0x26, 0x00, 0xd8, 0x00, 0x00, 0x00, 0x06, 0x01, 0xb8, 0xcc, 0x00,
  0xff, 0xff, 0x00, 0x2d, 0xff, 0xf4, 0x01, 0xa5, 0x02, 0xc8, 0x02, 0x26,
  0x00, 0xd8, 0x00, 0x00, 0x00, 0x06, 0x01, 0xb0, 0x55, 0x00, 0xff, 0xff,
  0x00, 0x2d, 0xff, 0x38, 0x01, 0xa5, 0x02, 0x00, 0x02, 0x26, 0x00, 0xd8,
  0x00, 0x00, 0x00, 0x07, 0x01, 0xb7, 0x00, 0x9f, 0x00, 0x00, 0x00, 0x01,
  0x00, 0x4b, 0x00, 0x00, 0x01, 0xf9, 0x02, 0xc8, 0x00, 0x2a, 0x00, 0x00,
  0x33, 0x11, 0x34, 0x36, 0x36, 0x33, 0x32, 0x16, 0x16, 0x15, 0x14, 0x06,
  0x07, 0x16, 0x16, 0x15, 0x14, 0x06, 0x06, 0x23, 0x23, 0x35, 0x33, 0x32,
  0x36, 0x35, 0x34, 0x26, 0x23, 0x23, 0x35, 0x33, 0x32, 0x36, 0x36, 0x35,
  0x34, 0x26, 0x23, 0x22, 0x06, 0x15, 0x11, 0x4b, 0x35, 0x5d, 0x3c, 0x3c,
  0x5c, 0x34, 0x30, 0x2c, 0x36, 0x3a, 0x34, 0x61, 0x45, 0x30, 0x30, 0x49,
  0x52, 0x51, 0x47, 0x2e, 0x04, 0x44, 0x4c, 0x1e, 0x4f, 0x3e, 0x3e, 0x50,
  0x02, 0x07, 0x39, 0x57, 0x31, 0x31, 0x56, 0x38, 0x3d, 0x55, 0x16, 0x17,
  0x57, 0x3c, 0x3a, 0x51, 0x2c, 0x3b, 0x42, 0x3a, 0x40, 0x47, 0x47, 0x20,
  0x3b, 0x29, 0x3b, 0x4a, 0x4c, 0x3b, 0xfd, 0xf9, 0x00, 0x01, 0x00, 0x14,
  0xff, 0xf4, 0x01, 0x52, 0x02, 0x90, 0x00, 0x17, 0x00, 0x00, 0x05, 0x22,
  0x26, 0x35, 0x11, 0x23, 0x35, 0x33, 0x35, 0x33, 0x15, 0x33, 0x15, 0x23,
  0x11, 0x14, 0x16, 0x33, 0x32, 0x36, 0x37, 0x17, 0x06, 0x06, 0x01, 0x00,
  0x45, 0x4e, 0x59, 0x59, 0x3c, 0x9f, 0x9f, 0x2e, 0x29, 0x0c, 0x17, 0x16,
  0x19, 0x1b, 0x24, 0x0c, 0x49, 0x43, 0x01, 0x3d, 0x37, 0x9c, 0x9c, 0x37,
  0xfe, 0xc3, 0x28, 0x2d, 0x07, 0x0f, 0x34, 0x10, 0x09, 0x00, 0x00, 0x02,
  0x00, 0x14, 0xff, 0xf4, 0x01, 0x5b, 0x02, 0xd5, 0x00, 0x17, 0x00, 0x1b,
  0x00, 0x00, 0x05, 0x22, 0x26, 0x35, 0x11, 0x23, 0x35, 0x33, 0x35, 0x33,
  0x15, 0x33, 0x15, 0x23, 0x11, 0x14, 0x16, 0x33, 0x32, 0x36, 0x37, 0x17,
  0x06, 0x06, 0x03, 0x37, 0x33, 0x07, 0x01, 0x00, 0x45, 0x4e, 0x59, 0x59,
  0x3c, 0x9f, 0x9f, 0x2e, 0x29, 0x0c, 0x17, 0x16, 0x19, 0x1b, 0x24, 0x36,
  0x37, 0x47, 0x46, 0x0c, 0x49, 0x43, 0x01, 0x3d, 0x37, 0x9c, 0x9c, 0x37,
  0xfe, 0xc3, 0x28, 0x2d, 0x07, 0x0f, 0x34, 0x10, 0x09, 0x02, 0x35, 0xac,
  0xac, 0x00, 0xff, 0xff, 0x00, 0x14, 0xff, 0x38, 0x01, 0x52, 0x02, 0x90,
  0x02, 0x26, 0x00, 0xdf, 0x00, 0x00, 0x00, 0x06, 0x01, 0xb7, 0x7b, 0x00,
  0x00, 0x01, 0x00, 0x3c, 0xff, 0xf4, 0x01, 0xdf, 0x01, 0xf4, 0x00, 0x15,
  0x00, 0x00, 0x05, 0x22, 0x26, 0x26, 0x35, 0x11, 0x33, 0x11, 0x14, 0x16,
  0x16, 0x33, 0x32, 0x36, 0x35, 0x11, 0x33, 0x11, 0x23, 0x27, 0x06, 0x06,
  0x01, 0x01, 0x39, 0x59, 0x33, 0x3c, 0x27, 0x44, 0x29, 0x47, 0x50, 0x3c,
  0x38, 0x03, 0x19, 0x52, 0x0c, 0x2f, 0x67, 0x53, 0x01, 0x17, 0xff, 0x00,
  0x53, 0x56, 0x1f, 0x69, 0x5e, 0x01, 0x01, 0xfe, 0x0c, 0x4e, 0x2b, 0x2f,
  0xff, 0xff, 0x00, 0x3c, 0xff, 0xf4, 0x01, 0xdf, 0x02, 0xbc, 0x02, 0x26,
  0x00, 0xe2, 0x00, 0x00, 0x00, 0x06, 0x01, 0xad, 0xf4, 0x00, 0xff, 0xff,
  0x00, 0x3c, 0xff, 0xf4, 0x01, 0xdf, 0x02, 0xbc, 0x02, 0x26, 0x00, 0xe2,
  0x00, 0x00, 0x00, 0x06, 0x01, 0xb2, 0x72, 0x00, 0xff, 0xff, 0x00, 0x3c,
  0xff, 0xf4, 0x01, 0xdf, 0x02, 0xc8, 0x02, 0x26, 0x00, 0xe2, 0x00, 0x00,
  0x00, 0x06, 0x01, 0xb0, 0x72, 0x00, 0xff, 0xff, 0x00, 0x3c, 0xff, 0xf4,
  0x01, 0xdf, 0x02, 0xc6, 0x02, 0x26, 0x00, 0xe2, 0x00, 0x00, 0x00, 0x07,
  0x01, 0xaa, 0x00, 0x8e, 0x00, 0x00, 0xff, 0xff, 0x00, 0x3c, 0xff, 0xf4,
  0x01, 0xdf, 0x02, 0xbd, 0x02, 0x26, 0x00, 0xe2, 0x00, 0x00, 0x00, 0x06,
  0x01, 0xac, 0x1c, 0x00, 0xff, 0xff, 0x00, 0x3c, 0xff, 0xf4, 0x01, 0xed,
  0x02, 0xbc, 0x02, 0x26, 0x00, 0xe2, 0x00, 0x00, 0x00, 0x07, 0x01, 0xae,
  0x00, 0x87, 0x00, 0x00, 0xff, 0xff, 0x00, 0x3c, 0xff, 0xf4, 0x01, 0xdf,
  0x02, 0x7d, 0x02, 0x26, 0x00, 0xe2, 0x00, 0x00, 0x00, 0x06, 0x01, 0xb5,
  0x7f, 0x00, 0xff, 0xff, 0x00, 0x3c, 0xff, 0x2c, 0x01, 0xf0, 0x01, 0xf4,
  0x02, 0x26, 0x00, 0xe2, 0x00, 0x00, 0x00, 0x07, 0x01, 0xb9, 0x01, 0x1b,
  0x00, 0x00, 0xff, 0xff, 0x00, 0x3c, 0xff, 0xf4, 0x01, 0xdf, 0x02, 0xdf,
  0x02, 0x26, 0x00, 0xe2, 0x00, 0x00, 0x00, 0x07, 0x01, 0xb3, 0x00, 0x8b,
  0x00, 0x00, 0x00, 0x01, 0x00, 0x0a, 0x00, 0x00, 0x01, 0xf0, 0x01, 0xf4,
  0x00, 0x06, 0x00, 0x00, 0x33, 0x03, 0x33, 0x13, 0x13, 0x33, 0x03, 0xdd,
  0xd3, 0x3e, 0xb5, 0xb4, 0x3f, 0xd3, 0x01, 0xf4, 0xfe, 0x52, 0x01, 0xae,
  0xfe, 0x0c, 0x00, 0x01, 0x00, 0x0a, 0x00, 0x00, 0x02, 0xf2, 0x01, 0xf4,
  0x00, 0x0c, 0x00, 0x00, 0x33, 0x03, 0x33, 0x13, 0x13, 0x33, 0x13, 0x13,
  0x33, 0x03, 0x23, 0x03, 0x03, 0xb4, 0xaa, 0x3c, 0x8d, 0x8e, 0x3c, 0x8d,
  0x8c, 0x3c, 0xaa, 0x3d, 0x8c, 0x8d, 0x01, 0xf4, 0xfe, 0x63, 0x01, 0x9d,
  0xfe, 0x65, 0x01, 0x9b, 0xfe, 0x0c, 0x01, 0x9c, 0xfe, 0x64, 0xff, 0xff,
  0x00, 0x0a, 0x00, 0x00, 0x02, 0xf2, 0x02, 0xbc, 0x02, 0x26, 0x00, 0xed,
  0x00, 0x00, 0x00, 0x06, 0x01, 0xad, 0x5e, 0x00, 0xff, 0xff, 0x00, 0x0a,
  0x00, 0x00, 0x02, 0xf2, 0x02, 0xc8, 0x02, 0x26, 0x00, 0xed, 0x00, 0x00,
  0x00, 0x07, 0x01, 0xb0, 0x00, 0xdc, 0x00, 0x00, 0xff, 0xff, 0x00, 0x0a,
  0x00, 0x00, 0x02, 0xf2, 0x02, 0xc6, 0x02, 0x26, 0x00, 0xed, 0x00, 0x00,
  0x00, 0x07, 0x01, 0xaa, 0x00, 0xf8, 0x00, 0x00, 0xff, 0xff, 0x00, 0x0a,
  0x00, 0x00, 0x02, 0xf2, 0x02, 0xbd, 0x02, 0x26, 0x00, 0xed, 0x00, 0x00,
  0x00, 0x07, 0x01, 0xac, 0x00, 0x86, 0x00, 0x00, 0x00, 0x01, 0x00, 0x0a,
  0x00, 0x00, 0x01, 0xba, 0x01, 0xf4, 0x00, 0x0b, 0x00, 0x00, 0x33, 0x13,
  0x27, 0x33, 0x17, 0x37, 0x33, 0x07, 0x13, 0x23, 0x27, 0x07, 0x0a, 0xb8,
  0xab, 0x48, 0x84, 0x83, 0x48, 0xa9, 0xb5, 0x49, 0x8e, 0x8f, 0x01, 0x03,
  0xf1, 0xc1, 0xc1, 0xf2, 0xfe, 0xfe, 0xd2, 0xd2, 0x00, 0x01, 0x00, 0x0a,
  0xff, 0x2c, 0x01, 0xf1, 0x01, 0xf4, 0x00, 0x14, 0x00, 0x00, 0x17, 0x22,
  0x26, 0x27, 0x37, 0x16, 0x16, 0x33, 0x32, 0x36, 0x37, 0x37, 0x03, 0x33,
  0x13, 0x13, 0x33, 0x03, 0x0e, 0x02, 0x63, 0x10, 0x2c, 0x1d, 0x16, 0x1a,
  0x24, 0x0a, 0x1d, 0x25, 0x0c, 0x28, 0xd3, 0x3e, 0xb4, 0xb5, 0x3f, 0xf5,
  0x12, 0x27, 0x37, 0xd4, 0x0c, 0x0c, 0x33, 0x0a, 0x0a, 0x20, 0x1c, 0x61,
  0x01, 0xf4, 0xfe, 0x54, 0x01, 0xac, 0xfd, 0xbc, 0x2a, 0x3b, 0x1f, 0x00,
  0xff, 0xff, 0x00, 0x0a, 0xff, 0x2c, 0x01, 0xf1, 0x02, 0xbc, 0x02, 0x26,
  0x00, 0xf3, 0x00, 0x00, 0x00, 0x06, 0x01, 0xad, 0xdc, 0x00, 0xff, 0xff,
  0x00, 0x0a, 0xff, 0x2c, 0x01, 0xf1, 0x02, 0xc8, 0x02, 0x26, 0x00, 0xf3,
  0x00, 0x00, 0x00, 0x06, 0x01, 0xb0, 0x5a, 0x00, 0xff, 0xff, 0x00, 0x0a,
  0xff, 0x2c, 0x01, 0xf1, 0x02, 0xc6, 0x02, 0x26, 0x00, 0xf3, 0x00, 0x00,
  0x00, 0x06, 0x01, 0xaa, 0x76, 0x00, 0xff, 0xff, 0x00, 0x0a, 0xff, 0x2c,
  0x01, 0xf1, 0x02, 0xbd, 0x02, 0x26, 0x00, 0xf3, 0x00, 0x00, 0x00, 0x06,
  0x01, 0xac, 0x04, 0x00, 0x00, 0x01, 0x00, 0x32, 0x00, 0x00, 0x01, 0xbf,
  0x01, 0xf4, 0x00, 0x09, 0x00, 0x00, 0x33, 0x35, 0x01, 0x21, 0x35, 0x21,
  0x15, 0x01, 0x21, 0x15, 0x32, 0x01, 0x3a, 0xfe, 0xc6, 0x01, 0x8a, 0xfe,
  0xc5, 0x01, 0x3e, 0x34, 0x01, 0x89, 0x37, 0x31, 0xfe, 0x74, 0x37, 0x00,
  0xff, 0xff, 0x00, 0x32, 0x00, 0x00, 0x01, 0xbf, 0x02, 0xbc, 0x02, 0x26,
  0x00, 0xf8, 0x00, 0x00, 0x00, 0x06, 0x01, 0xad, 0xd6, 0x00, 0xff, 0xff,
  0x00, 0x32, 0x00, 0x00, 0x01, 0xbf, 0x02, 0xbc, 0x02, 0x26, 0x00, 0xf8,
  0x00, 0x00, 0x00, 0x06, 0x01, 0xb1, 0x54, 0x00, 0xff, 0xff, 0x00, 0x32,
  0x00, 0x00, 0x01, 0xbf, 0x02, 0xc6, 0x02, 0x26, 0x00, 0xf8, 0x00, 0x00,
  0x00, 0x07, 0x01, 0xab, 0x00, 0xcf, 0x00, 0x00, 0x00, 0x02, 0x00, 0x2d,
  0xff, 0xf4, 0x01, 0xfb, 0x02, 0x00, 0x00, 0x12, 0x00, 0x23, 0x00, 0x00,
  0x05, 0x22, 0x26, 0x26, 0x35, 0x34, 0x36, 0x36, 0x33, 0x32, 0x16, 0x17,
  0x35, 0x33, 0x11, 0x23, 0x27, 0x06, 0x06, 0x27, 0x32, 0x36, 0x36, 0x35,
  0x35, 0x34, 0x26, 0x26, 0x23, 0x22, 0x06, 0x06, 0x15, 0x14, 0x16, 0x16,
  0x01, 0x0f, 0x42, 0x66, 0x3a, 0x3a, 0x66, 0x42, 0x39, 0x5b, 0x1c, 0x3c,
  0x39, 0x03, 0x1c, 0x5b, 0x2d, 0x30, 0x4a, 0x2a, 0x2a, 0x4a, 0x31, 0x34,
  0x50, 0x2d, 0x2e, 0x50, 0x0c, 0x43, 0x77, 0x4c, 0x4d, 0x76, 0x43, 0x37,
  0x30, 0x5b, 0xfe, 0x0c, 0x5b, 0x30, 0x37, 0x36, 0x35, 0x5e, 0x3c, 0x01,
  0x3d, 0x5e, 0x35, 0x35, 0x5e, 0x3d, 0x3d, 0x5e, 0x35, 0x00, 0xff, 0xff,
  0x00, 0x2d, 0xff, 0xf4, 0x01, 0xfb, 0x02, 0xbc, 0x02, 0x26, 0x00, 0xfc,
  0x00, 0x00, 0x00, 0x06, 0x01, 0xad, 0xf9, 0x00, 0xff, 0xff, 0x00, 0x2d,
  0xff, 0xf4, 0x01, 0xfb, 0x02, 0xbc, 0x02, 0x26, 0x00, 0xfc, 0x00, 0x00,
  0x00, 0x06, 0x01, 0xb2, 0x77, 0x00, 0xff, 0xff, 0x00, 0x2d, 0xff, 0xf4,
  0x01, 0xfb, 0x02, 0xbc, 0x02, 0x26, 0x00, 0xfc, 0x00, 0x00, 0x00, 0x06,
  0x01, 0xb1, 0x77, 0x00, 0xff, 0xff, 0x00, 0x2d, 0xff, 0xf4, 0x01, 0xfb,
  0x02, 0xc8, 0x02, 0x26, 0x00, 0xfc, 0x00, 0x00, 0x00, 0x06, 0x01, 0xb0,
  0x77, 0x00, 0xff, 0xff, 0x00, 0x2d, 0xff, 0xf4, 0x01, 0xfb, 0x02, 0xc6,
  0x02, 0x26, 0x00, 0xfc, 0x00, 0x00, 0x00, 0x07, 0x01, 0xaa, 0x00, 0x93,
  0x00, 0x00, 0xff, 0xff, 0x00, 0x2d, 0xff, 0xf4, 0x01, 0xfb, 0x02, 0xbd,
  0x02, 0x26, 0x00, 0xfc, 0x00, 0x00, 0x00, 0x06, 0x01, 0xac, 0x21, 0x00,
  0xff, 0xff, 0x00, 0x2d, 0xff, 0xf4, 0x01, 0xfb, 0x02, 0x7d, 0x02, 0x26,
  0x00, 0xfc, 0x00, 0x00, 0x00, 0x07, 0x01, 0xb5, 0x00, 0x84, 0x00, 0x00,
  0xff, 0xff, 0x00, 0x2d, 0xff, 0x2c, 0x02, 0x0c, 0x02, 0x00, 0x02, 0x26,
  0x00, 0xfc, 0x00, 0x00, 0x00, 0x07, 0x01, 0xb9, 0x01, 0x37, 0x00, 0x00,
  0xff, 0xff, 0x00, 0x2d, 0xff, 0xf4, 0x01, 0xfb, 0x02, 0xdf, 0x02, 0x26,
  0x00, 0xfc, 0x00, 0x00, 0x00, 0x07, 0x01, 0xb3, 0x00, 0x90, 0x00, 0x00,
  0xff, 0xff, 0x00, 0x2d, 0xff, 0xf4, 0x01, 0xfb, 0x02, 0xbc, 0x02, 0x26,
  0x00, 0xfc, 0x00, 0x00, 0x00, 0x06, 0x01, 0xb4, 0x23, 0x00, 0x00, 0x01,
  0x00, 0x4b, 0xff, 0xf4, 0x01, 0x1c, 0x02, 0xbc, 0x00, 0x0f, 0x00, 0x00,
  0x17, 0x22, 0x26, 0x35, 0x11, 0x33, 0x11, 0x14, 0x16, 0x33, 0x32, 0x36,
  0x37, 0x17, 0x06, 0x06, 0xca, 0x3b, 0x44, 0x3c, 0x24, 0x1f, 0x0c, 0x17,
  0x16, 0x19, 0x1b, 0x24, 0x0c, 0x49, 0x43, 0x02, 0x3c, 0xfd, 0xc4, 0x28,
  0x2d, 0x07, 0x0f, 0x34, 0x10, 0x09, 0xff, 0xff, 0x00, 0x2b, 0xff, 0xf4,
  0x01, 0x1c, 0x03, 0x66, 0x02, 0x26, 0x01, 0x07, 0x00, 0x00, 0x00, 0x07,
  0x01, 0xad, 0xff, 0x48, 0x00, 0xaa, 0xff, 0xff, 0x00, 0x4b, 0xff, 0xf4,
  0x01, 0x1e, 0x02, 0xbc, 0x02, 0x26, 0x01, 0x07, 0x00, 0x00, 0x00, 0x07,
  0x01, 0xaf, 0x00, 0x89, 0x00, 0x00, 0xff, 0xff, 0x00, 0x4b, 0xff, 0x38,
  0x01, 0x1c, 0x02, 0xbc, 0x02, 0x26, 0x01, 0x07, 0x00, 0x00, 0x00, 0x06,
  0x01, 0xb7, 0x74, 0x00, 0x00, 0x02, 0x00, 0x14, 0xff, 0xf4, 0x01, 0x3e,
  0x02, 0xbc, 0x00, 0x03, 0x00, 0x13, 0x00, 0x00, 0x13, 0x35, 0x37, 0x15,
  0x03, 0x22, 0x26, 0x35, 0x11, 0x33, 0x11, 0x14, 0x16, 0x33, 0x32, 0x36,
  0x37, 0x17, 0x06, 0x06, 0x14, 0xf0, 0x18, 0x3b, 0x44, 0x3c, 0x24, 0x1f,
  0x0c, 0x17, 0x16, 0x19, 0x1b, 0x24, 0x01, 0x0d, 0x3a, 0x73, 0x3a, 0xfe,
  0x74, 0x49, 0x43, 0x02, 0x3c, 0xfd, 0xc4, 0x28, 0x2d, 0x07, 0x0f, 0x34,
  0x10, 0x09, 0x00, 0x02, 0x00, 0x1f, 0x01, 0x89, 0x01, 0x1f, 0x02, 0xc3,
  0x00, 0x10, 0x00, 0x25, 0x00, 0x00, 0x13, 0x27, 0x2e, 0x02, 0x23, 0x22,
  0x06, 0x07, 0x27, 0x36, 0x36, 0x33, 0x32, 0x16, 0x15, 0x15, 0x07, 0x22,
  0x26, 0x35, 0x34, 0x36, 0x33, 0x33, 0x15, 0x23, 0x22, 0x15, 0x14, 0x16,
  0x33, 0x32, 0x36, 0x35, 0x37, 0x14, 0x06, 0xe9, 0x05, 0x01, 0x0d, 0x1f,
  0x1c, 0x19, 0x20, 0x0b, 0x36, 0x14, 0x3e, 0x29, 0x41, 0x42, 0x90, 0x35,
  0x3b, 0x3b, 0x35, 0x68, 0x57, 0x45, 0x1f, 0x1c, 0x24, 0x2a, 0x20, 0x3e,
  0x01, 0x90, 0x9c, 0x21, 0x2c, 0x17, 0x14, 0x12, 0x14, 0x22, 0x23, 0x4a,
  0x46, 0xa3, 0x07, 0x31, 0x2b, 0x2c, 0x31, 0x2b, 0x32, 0x15, 0x18, 0x2f,
  0x26, 0x03, 0x3e, 0x49, 0x00, 0x02, 0x00, 0x1f, 0x01, 0x89, 0x01, 0x4f,
  0x02, 0xc3, 0x00, 0x0e, 0x00, 0x1a, 0x00, 0x00, 0x13, 0x22, 0x26, 0x26,
  0x35, 0x34, 0x36, 0x36, 0x33, 0x32, 0x16, 0x15, 0x14, 0x06, 0x06, 0x27,
  0x32, 0x36, 0x35, 0x34, 0x26, 0x23, 0x22, 0x06, 0x15, 0x14, 0x16, 0xb8,
  0x2d, 0x45, 0x27, 0x27, 0x45, 0x2c, 0x43, 0x55, 0x27, 0x44, 0x2c, 0x28,
  0x32, 0x33, 0x28, 0x28, 0x33, 0x34, 0x01, 0x89, 0x28, 0x47, 0x2e, 0x2e,
  0x47, 0x28, 0x58, 0x45, 0x2e, 0x47, 0x28, 0x37, 0x39, 0x2d, 0x2d, 0x39,
  0x39, 0x2d, 0x2d, 0x39, 0x00, 0x02, 0x00, 0x32, 0xff, 0xf4, 0x02, 0x4c,
  0x02, 0xc8, 0x00, 0x0f, 0x00, 0x1f, 0x00, 0x00, 0x05, 0x22, 0x26, 0x26,
  0x35, 0x34, 0x36, 0x36, 0x33, 0x32, 0x16, 0x16, 0x15, 0x14, 0x06, 0x06,
  0x27, 0x32, 0x36, 0x36, 0x35, 0x34, 0x26, 0x26, 0x23, 0x22, 0x06, 0x06,
  0x15, 0x14, 0x16, 0x16, 0x01, 0x3f, 0x4f, 0x79, 0x45, 0x45, 0x79, 0x4f,
  0x4f, 0x79, 0x45, 0x45, 0x79, 0x4f, 0x3c, 0x5d, 0x34, 0x34, 0x5d, 0x3c,
  0x3c, 0x5d, 0x34, 0x34, 0x5d, 0x0c, 0x5d, 0xa3, 0x6a, 0x6a, 0xa3, 0x5d,
  0x5d, 0xa3, 0x6a, 0x6a, 0xa3, 0x5d, 0x3a, 0x4e, 0x89, 0x59, 0x59, 0x89,
  0x4e, 0x4e, 0x89, 0x59, 0x59, 0x89, 0x4e, 0x00, 0x00, 0x01, 0x00, 0x41,
  0x00, 0x00, 0x01, 0x22, 0x02, 0xbc, 0x00, 0x0b, 0x00, 0x00, 0x33, 0x11,
  0x06, 0x06, 0x23, 0x35, 0x32, 0x36, 0x36, 0x37, 0x33, 0x11, 0xe2, 0x28,
  0x51, 0x28, 0x13, 0x3b, 0x3f, 0x18, 0x3c, 0x02, 0x65, 0x22, 0x2b, 0x3a,
  0x1e, 0x31, 0x1b, 0xfd, 0x44, 0x00, 0x00, 0x01, 0x00, 0x1e, 0x00, 0x00,
  0x01, 0xe6, 0x02, 0xc8, 0x00, 0x24, 0x00, 0x00, 0x33, 0x35, 0x34, 0x36,
  0x36, 0x37, 0x37, 0x3e, 0x02, 0x35, 0x34, 0x26, 0x26, 0x23, 0x22, 0x06,
  0x06, 0x07, 0x27, 0x3e, 0x02, 0x33, 0x32, 0x16, 0x16, 0x15, 0x14, 0x06,
  0x07, 0x07, 0x06, 0x06, 0x15, 0x21, 0x15, 0x3c, 0x17, 0x2e, 0x23, 0xa0,
  0x1b, 0x27, 0x15, 0x26, 0x43, 0x2d, 0x2d, 0x44, 0x2c, 0x09, 0x41, 0x0c,
  0x3e, 0x5e, 0x39, 0x43, 0x63, 0x37, 0x37, 0x38, 0x99, 0x2c, 0x2c, 0x01,
  0x6a, 0x3a, 0x22, 0x40, 0x3d, 0x1c, 0x79, 0x14, 0x32, 0x36, 0x19, 0x26,
  0x3f, 0x26, 0x22, 0x37, 0x1f, 0x0e, 0x2b, 0x4b, 0x2e, 0x34, 0x59, 0x38,
  0x33, 0x61, 0x2f, 0x75, 0x22, 0x48, 0x27, 0x3a, 0x00, 0x01, 0x00, 0x43,
  0xff, 0xf4, 0x01, 0xe9, 0x02, 0xc8, 0x00, 0x30, 0x00, 0x00, 0x05, 0x22,
  0x26, 0x26, 0x27, 0x37, 0x1e, 0x02, 0x33, 0x32, 0x36, 0x35, 0x34, 0x26,
  0x26, 0x23, 0x23, 0x35, 0x33, 0x32, 0x36, 0x35, 0x34, 0x26, 0x26, 0x23,
  0x22, 0x06, 0x06, 0x07, 0x27, 0x3e, 0x02, 0x33, 0x32, 0x16, 0x16, 0x15,
  0x14, 0x06, 0x07, 0x16, 0x16, 0x15, 0x14, 0x06, 0x06, 0x01, 0x08, 0x2f,
  0x4c, 0x37, 0x13, 0x30, 0x0c, 0x25, 0x38, 0x28, 0x4b, 0x5a, 0x38, 0x66,
  0x44, 0x0a, 0x0a, 0x5d, 0x72, 0x24, 0x43, 0x2d, 0x1d, 0x32, 0x2a, 0x12,
  0x2c, 0x15, 0x37, 0x45, 0x2a, 0x3c, 0x5e, 0x36, 0x3b, 0x35, 0x3d, 0x46,
  0x3b, 0x66, 0x0c, 0x1c, 0x2b, 0x15, 0x28, 0x0f, 0x23, 0x18, 0x57, 0x41,
  0x33, 0x44, 0x22, 0x39, 0x40, 0x3b, 0x21, 0x38, 0x22, 0x10, 0x1d, 0x14,
  0x26, 0x19, 0x26, 0x16, 0x30, 0x52, 0x32, 0x34, 0x4d, 0x17, 0x19, 0x5c,
  0x43, 0x3e, 0x5e, 0x34, 0x00, 0x02, 0x00, 0x32, 0x00, 0x00, 0x02, 0x4a,
  0x02, 0xbc, 0x00, 0x0a, 0x00, 0x0d, 0x00, 0x00, 0x21, 0x35, 0x21, 0x35,
  0x01, 0x33, 0x11, 0x33, 0x15, 0x23, 0x15, 0x25, 0x33, 0x11, 0x01, 0x74,
  0xfe, 0xbe, 0x01, 0x42, 0x3f, 0x97, 0x97, 0xfe, 0xce, 0xf3, 0xb6, 0x31,
  0x01, 0xd5, 0xfe, 0x35, 0x3b, 0xb6, 0xf1, 0x01, 0x64, 0x00, 0x00, 0x01,
  0x00, 0x41, 0xff, 0xf4, 0x02, 0x0a, 0x02, 0xbc, 0x00, 0x21, 0x00, 0x00,
  0x05, 0x22, 0x26, 0x26, 0x27, 0x37, 0x16, 0x16, 0x33, 0x32, 0x36, 0x35,
  0x34, 0x26, 0x23, 0x22, 0x06, 0x07, 0x27, 0x13, 0x21, 0x15, 0x21, 0x07,
  0x36, 0x36, 0x33, 0x32, 0x16, 0x16, 0x15, 0x14, 0x06, 0x06, 0x01, 0x21,
  0x27, 0x53, 0x4b, 0x1b, 0x2d, 0x29, 0x5a, 0x30, 0x4c, 0x5f, 0x5c, 0x4a,
  0x28, 0x4f, 0x16, 0x3a, 0x1e, 0x01, 0x6d, 0xfe, 0xce, 0x15, 0x1d, 0x44,
  0x22, 0x43, 0x66, 0x3b, 0x3c, 0x69, 0x0c, 0x16, 0x30, 0x27, 0x27, 0x30,
  0x2c, 0x5d, 0x4b, 0x4c, 0x5d, 0x22, 0x1a, 0x0e, 0x01, 0x6d, 0x3a, 0xf4,
  0x12, 0x15, 0x39, 0x66, 0x42, 0x42, 0x65, 0x39, 0x00, 0x02, 0x00, 0x30,
  0xff, 0xf4, 0x02, 0x12, 0x02, 0xc8, 0x00, 0x1f, 0x00, 0x2f, 0x00, 0x00,
  0x05, 0x22, 0x2e, 0x02, 0x35, 0x34, 0x3e, 0x02, 0x33, 0x32, 0x16, 0x17,
  0x07, 0x26, 0x26, 0x23, 0x22, 0x06, 0x17, 0x27, 0x36, 0x36, 0x33, 0x32,
  0x16, 0x16, 0x15, 0x14, 0x06, 0x06, 0x27, 0x32, 0x36, 0x36, 0x35, 0x34,
  0x26, 0x26, 0x23, 0x22, 0x06, 0x06, 0x15, 0x14, 0x16, 0x16, 0x01, 0x2a,
  0x49, 0x61, 0x39, 0x17, 0x27, 0x46, 0x60, 0x3a, 0x33, 0x66, 0x28, 0x27,
  0x20, 0x4c, 0x24, 0x6f, 0x71, 0x07, 0x0e, 0x18, 0x6e, 0x4a, 0x44, 0x69,
  0x3b, 0x3b, 0x69, 0x44, 0x31, 0x4c, 0x2b, 0x2b, 0x4c, 0x31, 0x31, 0x4d,
  0x2b, 0x2b, 0x4d, 0x0c, 0x38, 0x60, 0x7d, 0x45, 0x5d, 0x8e, 0x5f, 0x30,
  0x21, 0x1d, 0x2d, 0x17, 0x1a, 0xb9, 0xba, 0x11, 0x3f, 0x4a, 0x39, 0x65,
  0x42, 0x42, 0x66, 0x39, 0x3a, 0x2a, 0x4c, 0x31, 0x31, 0x4b, 0x2a, 0x2a,
  0x4b, 0x31, 0x31, 0x4c, 0x2a, 0x00, 0x00, 0x01, 0x00, 0x2d, 0x00, 0x00,
  0x01, 0xf4, 0x02, 0xbc, 0x00, 0x06, 0x00, 0x00, 0x33, 0x01, 0x21, 0x35,
  0x21, 0x15, 0x01, 0x4d, 0x01, 0x61, 0xfe, 0x7f, 0x01, 0xc7, 0xfe, 0xa0,
  0x02, 0x82, 0x3a, 0x3a, 0xfd, 0x7e, 0x00, 0x03, 0x00, 0x3c, 0xff, 0xf4,
  0x02, 0x2b, 0x02, 0xc8, 0x00, 0x1b, 0x00, 0x29, 0x00, 0x35, 0x00, 0x00,
  0x05, 0x22, 0x26, 0x26, 0x35, 0x34, 0x36, 0x37, 0x26, 0x26, 0x35, 0x34,
  0x36, 0x36, 0x33, 0x32, 0x16, 0x16, 0x15, 0x14, 0x06, 0x07, 0x16, 0x16,
  0x15, 0x14, 0x06, 0x06, 0x27, 0x32, 0x36, 0x35, 0x34, 0x26, 0x23, 0x22,
  0x06, 0x06, 0x15, 0x14, 0x16, 0x16, 0x13, 0x32, 0x36, 0x35, 0x34, 0x26,
  0x23, 0x22, 0x06, 0x15, 0x14, 0x16, 0x01, 0x33, 0x48, 0x70, 0x3f, 0x46,
  0x3b, 0x2f, 0x37, 0x38, 0x64, 0x40, 0x41, 0x63, 0x39, 0x37, 0x2f, 0x3b,
  0x46, 0x40, 0x6f, 0x49, 0x51, 0x67, 0x67, 0x51, 0x36, 0x52, 0x2f, 0x2f,
  0x52, 0x36, 0x45, 0x58, 0x58, 0x45, 0x44, 0x58, 0x58, 0x0c, 0x31, 0x57,
  0x3a, 0x3e, 0x5e, 0x18, 0x17, 0x53, 0x36, 0x38, 0x56, 0x30, 0x30, 0x56,
  0x38, 0x36, 0x53, 0x17, 0x18, 0x5e, 0x3e, 0x3a, 0x57, 0x31, 0x3a, 0x4e,
  0x3e, 0x3f, 0x4e, 0x23, 0x40, 0x2a, 0x29, 0x40, 0x23, 0x01, 0x5c, 0x44,
  0x37, 0x3d, 0x4c, 0x4c, 0x3d, 0x37, 0x44, 0x00, 0x00, 0x02, 0x00, 0x1e,
  0xff, 0xf4, 0x02, 0x00, 0x02, 0xc8, 0x00, 0x1f, 0x00, 0x2f, 0x00, 0x00,
  0x01, 0x32, 0x1e, 0x02, 0x15, 0x14, 0x0e, 0x02, 0x23, 0x22, 0x26, 0x27,
  0x37, 0x16, 0x16, 0x33, 0x32, 0x36, 0x27, 0x17, 0x06, 0x06, 0x23, 0x22,
  0x26, 0x26, 0x35, 0x34, 0x36, 0x36, 0x17, 0x22, 0x06, 0x06, 0x15, 0x14,
  0x16, 0x16, 0x33, 0x32, 0x36, 0x36, 0x35, 0x34, 0x26, 0x26, 0x01, 0x06,
  0x4a, 0x60, 0x39, 0x17, 0x27, 0x46, 0x60, 0x3a, 0x33, 0x66, 0x28, 0x27,
  0x20, 0x4c, 0x24, 0x6f, 0x72, 0x08, 0x0e, 0x18, 0x6e, 0x4a, 0x44, 0x69,
  0x3b, 0x3b, 0x69, 0x44, 0x31, 0x4c, 0x2b, 0x2b, 0x4c, 0x31, 0x32, 0x4c,
  0x2b, 0x2b, 0x4c, 0x02, 0xc8, 0x38, 0x60, 0x7d, 0x45, 0x5d, 0x8e, 0x5f,
  0x30, 0x21, 0x1d, 0x2d, 0x17, 0x1a, 0xb9, 0xba, 0x11, 0x3f, 0x4a, 0x39,
  0x65, 0x42, 0x43, 0x65, 0x39, 0x3a, 0x2a, 0x4b, 0x32, 0x31, 0x4b, 0x2a,
  0x2a, 0x4b, 0x31, 0x32, 0x4b, 0x2a, 0x00, 0x03, 0x00, 0x32, 0xff, 0xf4,
  0x02, 0x4c, 0x02, 0xc8, 0x00, 0x0f, 0x00, 0x1f, 0x00, 0x23, 0x00, 0x00,
  0x05, 0x22, 0x26, 0x26, 0x35, 0x34, 0x36, 0x36, 0x33, 0x32, 0x16, 0x16,
  0x15, 0x14, 0x06, 0x06, 0x27, 0x32, 0x36, 0x36, 0x35, 0x34, 0x26, 0x26,
  0x23, 0x22, 0x06, 0x06, 0x15, 0x14, 0x16, 0x16, 0x27, 0x01, 0x17, 0x01,
  0x01, 0x3f, 0x4f, 0x79, 0x45, 0x45, 0x79, 0x4f, 0x4f, 0x79, 0x45, 0x45,
  0x79, 0x4f, 0x3c, 0x5d, 0x34, 0x34, 0x5d, 0x3c, 0x3c, 0x5d, 0x34, 0x34,
  0x5d, 0x8d, 0x01, 0x6d, 0x26, 0xfe, 0x9d, 0x0c, 0x5d, 0xa3, 0x6a, 0x6a,
  0xa3, 0x5d, 0x5d, 0xa3, 0x6a, 0x6a, 0xa3, 0x5d, 0x3a, 0x4e, 0x89, 0x59,
  0x59, 0x89, 0x4e, 0x4e, 0x89, 0x59, 0x59, 0x89, 0x4e, 0x71, 0x01, 0xa1,
  0x2f, 0xfe, 0x6c, 0x00, 0xff, 0xff, 0x00, 0x29, 0xff, 0xf4, 0x02, 0x43,
  0x02, 0xc8, 0x00, 0x06, 0x01, 0x0e, 0xf7, 0x00, 0x00, 0x02, 0x00, 0x96,
  0x00, 0x00, 0x02, 0x11, 0x02, 0xbc, 0x00, 0x03, 0x00, 0x0f, 0x00, 0x00,
  0x33, 0x35, 0x21, 0x15, 0x23, 0x11, 0x06, 0x06, 0x23, 0x35, 0x32, 0x36,
  0x36, 0x37, 0x33, 0x11, 0x96, 0x01, 0x7b, 0xda, 0x28, 0x51, 0x28, 0x13,
  0x3b, 0x3f, 0x18, 0x3c, 0x39, 0x39, 0x02, 0x65, 0x22, 0x2b, 0x3a, 0x1e,
  0x31, 0x1b, 0xfd, 0x44, 0xff, 0xff, 0x00, 0x48, 0x00, 0x00, 0x02, 0x10,
  0x02, 0xc8, 0x00, 0x06, 0x01, 0x10, 0x2a, 0x00, 0xff, 0xff, 0x00, 0x67,
  0xff, 0xf4, 0x02, 0x0d, 0x02, 0xc8, 0x00, 0x06, 0x01, 0x11, 0x24, 0x00,
  0x00, 0x03, 0x00, 0x34, 0x00, 0x00, 0x02, 0x4c, 0x02, 0xbc, 0x00, 0x03,
  0x00, 0x08, 0x00, 0x0d, 0x00, 0x00, 0x37, 0x27, 0x01, 0x17, 0x01, 0x35,
  0x37, 0x21, 0x15, 0x07, 0x11, 0x35, 0x33, 0x11, 0x65, 0x31, 0x01, 0x42,
  0x2d, 0xfe, 0x91, 0x2d, 0x01, 0xeb, 0xd6, 0x3f, 0xc5, 0x22, 0x01, 0xd5,
  0x25, 0xfe, 0x1f, 0x31, 0x0a, 0x3b, 0xb6, 0x02, 0x8e, 0x2e, 0xfd, 0x44,
  0xff, 0xff, 0x00, 0x59, 0xff, 0xf4, 0x02, 0x22, 0x02, 0xbc, 0x00, 0x06,
  0x01, 0x13, 0x18, 0x00, 0xff, 0xff, 0x00, 0x4e, 0xff, 0xf4, 0x02, 0x30,
  0x02, 0xc8, 0x00, 0x06, 0x01, 0x14, 0x1e, 0x00, 0xff, 0xff, 0x00, 0x5a,
  0x00, 0x00, 0x02, 0x21, 0x02, 0xbc, 0x00, 0x06, 0x01, 0x15, 0x2d, 0x00,
  0xff, 0xff, 0x00, 0x3e, 0xff, 0xf4, 0x02, 0x2d, 0x02, 0xc8, 0x00, 0x06,
  0x01, 0x16, 0x02, 0x00, 0xff, 0xff, 0x00, 0x3c, 0xff, 0xf4, 0x02, 0x1e,
  0x02, 0xc8, 0x00, 0x06, 0x01, 0x17, 0x1e, 0x00, 0x00, 0x03, 0x00, 0x29,
  0xff, 0xf4, 0x02, 0x43, 0x02, 0xc8, 0x00, 0x03, 0x00, 0x13, 0x00, 0x23,
  0x00, 0x00, 0x37, 0x01, 0x17, 0x01, 0x17, 0x22, 0x26, 0x26, 0x35, 0x34,
  0x36, 0x36, 0x33, 0x32, 0x16, 0x16, 0x15, 0x14, 0x06, 0x06, 0x27, 0x32,
  0x36, 0x36, 0x35, 0x34, 0x26, 0x26, 0x23, 0x22, 0x06, 0x06, 0x15, 0x14,
  0x16, 0x16, 0x6d, 0x01, 0x6d, 0x26, 0xfe, 0x9d, 0x99, 0x4f, 0x79, 0x45,
  0x45, 0x79, 0x4f, 0x4f, 0x79, 0x45, 0x45, 0x79, 0x4f, 0x3c, 0x5d, 0x34,
  0x34, 0x5d, 0x3c, 0x3c, 0x5d, 0x34, 0x34, 0x5d, 0x9f, 0x01, 0xa1, 0x2f,
  0xfe, 0x6c, 0x89, 0x5d, 0xa3, 0x6a, 0x6a, 0xa3, 0x5d, 0x5d, 0xa3, 0x6a,
  0x6a, 0xa3, 0x5d, 0x3a, 0x4e, 0x89, 0x59, 0x59, 0x89, 0x4e, 0x4e, 0x89,
  0x59, 0x59, 0x89, 0x4e, 0xff, 0xff, 0x00, 0x23, 0xff, 0xfa, 0x01, 0x73,
  0x01, 0xac, 0x02, 0x07, 0x01, 0x2e, 0x00, 0x00, 0xfe, 0xe9, 0xff, 0xff,
  0x00, 0x2d, 0x00, 0x00, 0x00, 0xc6, 0x01, 0xa4, 0x02, 0x07, 0x01, 0x2f,
  0x00, 0x00, 0xfe, 0xe8, 0xff, 0xff, 0x00, 0x15, 0x00, 0x00, 0x01, 0x39,
  0x01, 0xab, 0x02, 0x07, 0x01, 0x30, 0x00, 0x00, 0xfe, 0xe8, 0xff, 0xff,
  0x00, 0x2f, 0xff, 0xfa, 0x01, 0x3f, 0x01, 0xac, 0x02, 0x07, 0x01, 0x31,
  0x00, 0x00, 0xfe, 0xe9, 0xff, 0xff, 0x00, 0x23, 0x00, 0x00, 0x01, 0x72,
  0x01, 0xa4, 0x02, 0x07, 0x01, 0x32, 0x00, 0x00, 0xfe, 0xe8, 0xff, 0xff,
  0x00, 0x2e, 0xff, 0xfa, 0x01, 0x4e, 0x01, 0xa5, 0x02, 0x07, 0x01, 0x33,
  0x00, 0x00, 0xfe, 0xe9, 0xff, 0xff, 0x00, 0x22, 0xff, 0xfa, 0x01, 0x4d,
  0x01, 0xac, 0x02, 0x07, 0x01, 0x34, 0x00, 0x00, 0xfe, 0xe9, 0xff, 0xff,
  0x00, 0x1f, 0x00, 0x00, 0x01, 0x3d, 0x01, 0xa4, 0x02, 0x07, 0x01, 0x35,
  0x00, 0x00, 0xfe, 0xe8, 0xff, 0xff, 0x00, 0x2a, 0xff, 0xfa, 0x01, 0x5e,
  0x01, 0xac, 0x02, 0x07, 0x01, 0x36, 0x00, 0x00, 0xfe, 0xe9, 0xff, 0xff,
  0x00, 0x15, 0xff, 0xfa, 0x01, 0x40, 0x01, 0xac, 0x02, 0x07, 0x01, 0x37,
  0x00, 0x00, 0xfe, 0xe9, 0x00, 0x02, 0x00, 0x23, 0x01, 0x11, 0x01, 0x73,
  0x02, 0xc3, 0x00, 0x0f, 0x00, 0x1b, 0x00, 0x00, 0x13, 0x22, 0x26, 0x26,
  0x35, 0x34, 0x36, 0x36, 0x33, 0x32, 0x16, 0x16, 0x15, 0x14, 0x06, 0x06,
  0x27, 0x32, 0x36, 0x35, 0x34, 0x26, 0x23, 0x22, 0x06, 0x15, 0x14, 0x16,
  0xcc, 0x31, 0x4d, 0x2b, 0x2b, 0x4c, 0x31, 0x32, 0x4b, 0x2b, 0x2b, 0x4b,
  0x31, 0x2f, 0x3b, 0x3c, 0x2f, 0x2e, 0x3b, 0x3c, 0x01, 0x11, 0x37, 0x62,
  0x40, 0x41, 0x61, 0x37, 0x37, 0x61, 0x41, 0x40, 0x62, 0x37, 0x39, 0x5a,
  0x46, 0x47, 0x5a, 0x5a, 0x47, 0x46, 0x5a, 0x00, 0x00, 0x02, 0x00, 0x2d,
  0x01, 0x18, 0x00, 0xc6, 0x02, 0xbc, 0x00, 0x04, 0x00, 0x0c, 0x00, 0x00,
  0x13, 0x11, 0x37, 0x33, 0x11, 0x03, 0x35, 0x32, 0x36, 0x37, 0x17, 0x06,
  0x06, 0x89, 0x06, 0x37, 0x99, 0x13, 0x38, 0x17, 0x27, 0x22, 0x44, 0x01,
  0x18, 0x01, 0x83, 0x21, 0xfe, 0x5c, 0x01, 0x2f, 0x38, 0x24, 0x19, 0x29,
  0x23, 0x2b, 0x00, 0x02, 0x00, 0x15, 0x01, 0x18, 0x01, 0x39, 0x02, 0xc3,
  0x00, 0x1e, 0x00, 0x23, 0x00, 0x00, 0x13, 0x27, 0x34, 0x36, 0x36, 0x37,
  0x37, 0x36, 0x36, 0x35, 0x34, 0x26, 0x23, 0x22, 0x06, 0x07, 0x27, 0x3e,
  0x02, 0x33, 0x32, 0x16, 0x15, 0x14, 0x06, 0x07, 0x07, 0x0e, 0x02, 0x07,
  0x35, 0x37, 0x33, 0x15, 0x64, 0x3e, 0x12, 0x22, 0x17, 0x4e, 0x15, 0x1f,
  0x29, 0x23, 0x22, 0x29, 0x07, 0x40, 0x07, 0x27, 0x3c, 0x26, 0x41, 0x4d,
  0x26, 0x24, 0x4b, 0x0f, 0x1a, 0x10, 0x3f, 0x2f, 0xe4, 0x01, 0x43, 0x06,
  0x13, 0x28, 0x28, 0x11, 0x3a, 0x0f, 0x2b, 0x15, 0x1d, 0x27, 0x26, 0x17,
  0x0c, 0x1c, 0x30, 0x1e, 0x46, 0x36, 0x24, 0x3a, 0x1c, 0x38, 0x0b, 0x1c,
  0x1d, 0x39, 0x31, 0x07, 0x38, 0x00, 0x00, 0x02, 0x00, 0x2f, 0x01, 0x11,
  0x01, 0x3f, 0x02, 0xc3, 0x00, 0x18, 0x00, 0x31, 0x00, 0x00, 0x13, 0x22,
  0x26, 0x27, 0x37, 0x16, 0x16, 0x33, 0x32, 0x36, 0x35, 0x34, 0x26, 0x26,
  0x23, 0x23, 0x35, 0x33, 0x32, 0x16, 0x16, 0x15, 0x14, 0x06, 0x06, 0x27,
  0x35, 0x33, 0x32, 0x36, 0x35, 0x34, 0x26, 0x23, 0x22, 0x06, 0x07, 0x27,
  0x3e, 0x02, 0x33, 0x32, 0x16, 0x16, 0x15, 0x14, 0x06, 0x06, 0x23, 0xb4,
  0x34, 0x44, 0x0d, 0x37, 0x0c, 0x22, 0x1c, 0x25, 0x2b, 0x19, 0x31, 0x24,
  0x11, 0x0f, 0x32, 0x4f, 0x2e, 0x26, 0x3f, 0x59, 0x11, 0x2f, 0x36, 0x27,
  0x21, 0x15, 0x25, 0x0d, 0x35, 0x0b, 0x25, 0x32, 0x1d, 0x26, 0x3b, 0x23,
  0x2d, 0x4c, 0x2d, 0x01, 0x11, 0x2d, 0x1e, 0x17, 0x13, 0x18, 0x2a, 0x20,
  0x17, 0x21, 0x12, 0x2e, 0x1e, 0x38, 0x28, 0x26, 0x37, 0x1e, 0xd3, 0x2d,
  0x20, 0x1e, 0x19, 0x24, 0x13, 0x15, 0x16, 0x17, 0x21, 0x11, 0x1d, 0x32,
  0x20, 0x24, 0x32, 0x1a, 0x00, 0x03, 0x00, 0x23, 0x01, 0x18, 0x01, 0x72,
  0x02, 0xbc, 0x00, 0x03, 0x00, 0x08, 0x00, 0x0d, 0x00, 0x00, 0x13, 0x27,
  0x13, 0x17, 0x03, 0x35, 0x37, 0x21, 0x15, 0x07, 0x11, 0x27, 0x33, 0x11,
  0x51, 0x2e, 0xbd, 0x27, 0xe4, 0x26, 0x01, 0x29, 0x8d, 0x05, 0x41, 0x01,
  0x8d, 0x1b, 0x01, 0x14, 0x23, 0xfe, 0xdd, 0x32, 0x05, 0x37, 0x5e, 0x01,
  0x7f, 0x25, 0xfe, 0x5c, 0x00, 0x01, 0x00, 0x2e, 0x01, 0x11, 0x01, 0x4e,
  0x02, 0xbc, 0x00, 0x23, 0x00, 0x00, 0x13, 0x22, 0x26, 0x26, 0x27, 0x37,
  0x16, 0x16, 0x33, 0x32, 0x36, 0x35, 0x34, 0x26, 0x23, 0x22, 0x06, 0x07,
  0x27, 0x37, 0x33, 0x15, 0x23, 0x27, 0x33, 0x07, 0x27, 0x3e, 0x02, 0x33,
  0x32, 0x16, 0x15, 0x14, 0x06, 0xbc, 0x1a, 0x38, 0x2e, 0x0e, 0x36, 0x12,
  0x2c, 0x18, 0x26, 0x2f, 0x2e, 0x25, 0x15, 0x26, 0x0b, 0x38, 0x16, 0xe5,
  0xdf, 0x06, 0x3e, 0x1b, 0x29, 0x0a, 0x25, 0x32, 0x1d, 0x38, 0x4a, 0x52,
  0x01, 0x11, 0x11, 0x22, 0x19, 0x17, 0x17, 0x16, 0x2e, 0x25, 0x25, 0x2f,
  0x12, 0x0e, 0x0d, 0xe1, 0x39, 0x37, 0xe3, 0x04, 0x10, 0x20, 0x15, 0x4a,
  0x39, 0x3e, 0x4e, 0x00, 0x00, 0x02, 0x00, 0x22, 0x01, 0x11, 0x01, 0x4d,
  0x02, 0xc3, 0x00, 0x1d, 0x00, 0x29, 0x00, 0x00, 0x13, 0x22, 0x26, 0x26,
  0x35, 0x34, 0x3e, 0x02, 0x33, 0x32, 0x16, 0x17, 0x07, 0x26, 0x26, 0x23,
  0x22, 0x06, 0x17, 0x27, 0x36, 0x36, 0x33, 0x32, 0x16, 0x16, 0x15, 0x14,
  0x06, 0x27, 0x32, 0x36, 0x35, 0x34, 0x26, 0x23, 0x22, 0x06, 0x15, 0x14,
  0x16, 0xbb, 0x39, 0x43, 0x1d, 0x15, 0x2a, 0x3e, 0x28, 0x1f, 0x40, 0x19,
  0x21, 0x13, 0x2e, 0x12, 0x37, 0x3c, 0x03, 0x0d, 0x0e, 0x3e, 0x29, 0x29,
  0x3e, 0x23, 0x51, 0x40, 0x24, 0x2f, 0x2f, 0x24, 0x25, 0x2f, 0x2f, 0x01,
  0x11, 0x37, 0x5c, 0x37, 0x34, 0x55, 0x3e, 0x21, 0x13, 0x12, 0x2d, 0x0e,
  0x0d, 0x5f, 0x62, 0x0a, 0x23, 0x2a, 0x24, 0x3e, 0x28, 0x3b, 0x4c, 0x36,
  0x2e, 0x25, 0x25, 0x2f, 0x2f, 0x25, 0x25, 0x2e, 0x00, 0x02, 0x00, 0x1f,
  0x01, 0x18, 0x01, 0x3d, 0x02, 0xbc, 0x00, 0x03, 0x00, 0x08, 0x00, 0x00,
  0x13, 0x13, 0x17, 0x03, 0x03, 0x35, 0x21, 0x15, 0x07, 0x3c, 0xc2, 0x3f,
  0xbc, 0x62, 0x01, 0x1e, 0x38, 0x01, 0x18, 0x01, 0x77, 0x04, 0xfe, 0x8d,
  0x01, 0x6b, 0x39, 0x31, 0x08, 0x00, 0x00, 0x04, 0x00, 0x2a, 0x01, 0x11,
  0x01, 0x5e, 0x02, 0xc3, 0x00, 0x0b, 0x00, 0x17, 0x00, 0x23, 0x00, 0x2f,
  0x00, 0x00, 0x13, 0x22, 0x26, 0x35, 0x34, 0x36, 0x33, 0x32, 0x16, 0x15,
  0x14, 0x06, 0x27, 0x32, 0x36, 0x35, 0x34, 0x26, 0x23, 0x22, 0x06, 0x15,
  0x14, 0x16, 0x37, 0x32, 0x36, 0x35, 0x34, 0x26, 0x23, 0x22, 0x06, 0x15,
  0x14, 0x16, 0x17, 0x22, 0x26, 0x35, 0x34, 0x36, 0x33, 0x32, 0x16, 0x15,
  0x14, 0x06, 0xc4, 0x47, 0x53, 0x53, 0x47, 0x47, 0x53, 0x53, 0x47, 0x27,
  0x33, 0x32, 0x28, 0x28, 0x32, 0x32, 0x28, 0x22, 0x2c, 0x2c, 0x22, 0x22,
  0x2c, 0x2c, 0x22, 0x40, 0x4b, 0x4b, 0x40, 0x40, 0x4b, 0x4c, 0x01, 0x11,
  0x40, 0x34, 0x37, 0x45, 0x45, 0x37, 0x34, 0x40, 0x35, 0x27, 0x1f, 0x20,
  0x29, 0x29, 0x20, 0x1f, 0x27, 0xc5, 0x24, 0x1c, 0x1e, 0x26, 0x26, 0x1e,
  0x1c, 0x24, 0x29, 0x3e, 0x31, 0x32, 0x40, 0x40, 0x32, 0x31, 0x3e, 0x00,
  0x00, 0x02, 0x00, 0x15, 0x01, 0x11, 0x01, 0x40, 0x02, 0xc3, 0x00, 0x1d,
  0x00, 0x29, 0x00, 0x00, 0x13, 0x22, 0x26, 0x27, 0x37, 0x16, 0x16, 0x33,
  0x32, 0x36, 0x27, 0x17, 0x06, 0x06, 0x23, 0x22, 0x26, 0x26, 0x35, 0x34,
  0x36, 0x33, 0x32, 0x16, 0x16, 0x15, 0x14, 0x0e, 0x02, 0x27, 0x32, 0x36,
  0x35, 0x34, 0x26, 0x23, 0x22, 0x06, 0x15, 0x14, 0x16, 0x9b, 0x1f, 0x3f,
  0x19, 0x21, 0x13, 0x2d, 0x12, 0x38, 0x3b, 0x03, 0x0d, 0x0e, 0x3e, 0x29,
  0x28, 0x3f, 0x23, 0x51, 0x41, 0x3a, 0x42, 0x1d, 0x15, 0x2a, 0x3d, 0x1e,
  0x25, 0x2f, 0x2f, 0x25, 0x24, 0x2f, 0x30, 0x01, 0x11, 0x13, 0x12, 0x2d,
  0x0d, 0x0e, 0x5f, 0x62, 0x0a, 0x24, 0x29, 0x24, 0x3f, 0x27, 0x3b, 0x4c,
  0x38, 0x5b, 0x37, 0x33, 0x55, 0x3e, 0x22, 0xd5, 0x30, 0x24, 0x24, 0x2f,
  0x2f, 0x24, 0x25, 0x2f, 0x00, 0x01, 0xff, 0x56, 0x00, 0x00, 0x01, 0x82,
  0x02, 0xbc, 0x00, 0x03, 0x00, 0x00, 0x23, 0x01, 0x33, 0x01, 0xaa, 0x01,
  0xe1, 0x4b, 0xfe, 0x1f, 0x02, 0xbc, 0xfd, 0x44, 0xff, 0xff, 0x00, 0x2d,
  0x00, 0x00, 0x03, 0x2b, 0x02, 0xbc, 0x00, 0x26, 0x01, 0x2f, 0x00, 0x00,
  0x00, 0x27, 0x01, 0x38, 0x01, 0x1a, 0x00, 0x00, 0x00, 0x07, 0x01, 0x30,
  0x01, 0xf2, 0xfe, 0xe8, 0xff, 0xff, 0x00, 0x2d, 0x00, 0x00, 0x03, 0x23,
  0x02, 0xbc, 0x00, 0x26, 0x01, 0x2f, 0x00, 0x00, 0x00, 0x27, 0x01, 0x38,
  0x01, 0x1a, 0x00, 0x00, 0x00, 0x07, 0x01, 0x32, 0x01, 0xb1, 0xfe, 0xe8,
  0xff, 0xff, 0x00, 0x2f, 0x00, 0x00, 0x03, 0x6b, 0x02, 0xc3, 0x00, 0x26,
  0x01, 0x31, 0x00, 0x00, 0x00, 0x27, 0x01, 0x38, 0x01, 0x62, 0x00, 0x00,
  0x00, 0x07, 0x01, 0x32, 0x01, 0xf9, 0xfe, 0xe8, 0xff, 0xff, 0x00, 0x2d,
  0xff, 0xfa, 0x03, 0x50, 0x02, 0xbc, 0x00, 0x26, 0x01, 0x2f, 0x00, 0x00,
  0x00, 0x27, 0x01, 0x38, 0x01, 0x1a, 0x00, 0x00, 0x00, 0x07, 0x01, 0x36,
  0x01, 0xf2, 0xfe, 0xe9, 0xff, 0xff, 0x00, 0x2f, 0xff, 0xfa, 0x03, 0x98,
  0x02, 0xc3, 0x00, 0x26, 0x01, 0x31, 0x00, 0x00, 0x00, 0x27, 0x01, 0x38,
  0x01, 0x62, 0x00, 0x00, 0x00, 0x07, 0x01, 0x36, 0x02, 0x3a, 0xfe, 0xe9,
  0xff, 0xff, 0x00, 0x2e, 0xff, 0xfa, 0x03, 0xa7, 0x02, 0xbc, 0x00, 0x26,
  0x01, 0x33, 0x00, 0x00, 0x00, 0x27, 0x01, 0x38, 0x01, 0x71, 0x00, 0x00,
  0x00, 0x07, 0x01, 0x36, 0x02, 0x49, 0xfe, 0xe9, 0xff, 0xff, 0x00, 0x1f,
  0xff, 0xfa, 0x03, 0x60, 0x02, 0xbc, 0x00, 0x26, 0x01, 0x35, 0x00, 0x00,
  0x00, 0x27, 0x01, 0x38, 0x01, 0x2a, 0x00, 0x00, 0x00, 0x07, 0x01, 0x36,
  0x02, 0x02, 0xfe, 0xe9, 0xff, 0xff, 0x00, 0x23, 0xff, 0x96, 0x01, 0x73,
  0x01, 0x48, 0x02, 0x07, 0x01, 0x2e, 0x00, 0x00, 0xfe, 0x85, 0xff, 0xff,
  0x00, 0x2d, 0xff, 0x9c, 0x00, 0xc6, 0x01, 0x40, 0x02, 0x07, 0x01, 0x2f,
  0x00, 0x00, 0xfe, 0x84, 0xff, 0xff, 0x00, 0x15, 0xff, 0x9c, 0x01, 0x39,
  0x01, 0x47, 0x02, 0x07, 0x01, 0x30, 0x00, 0x00, 0xfe, 0x84, 0xff, 0xff,
  0x00, 0x2f, 0xff, 0x96, 0x01, 0x3f, 0x01, 0x48, 0x02, 0x07, 0x01, 0x31,
  0x00, 0x00, 0xfe, 0x85, 0xff, 0xff, 0x00, 0x23, 0xff, 0x9c, 0x01, 0x72,
  0x01, 0x40, 0x02, 0x07, 0x01, 0x32, 0x00, 0x00, 0xfe, 0x84, 0xff, 0xff,
  0x00, 0x2e, 0xff, 0x96, 0x01, 0x4e, 0x01, 0x41, 0x02, 0x07, 0x01, 0x33,
  0x00, 0x00, 0xfe, 0x85, 0xff, 0xff, 0x00, 0x22, 0xff, 0x96, 0x01, 0x4d,
  0x01, 0x48, 0x02, 0x07, 0x01, 0x34, 0x00, 0x00, 0xfe, 0x85, 0xff, 0xff,
  0x00, 0x1f, 0xff, 0x9c, 0x01, 0x3d, 0x01, 0x40, 0x02, 0x07, 0x01, 0x35,
  0x00, 0x00, 0xfe, 0x84, 0xff, 0xff, 0x00, 0x2a, 0xff, 0x96, 0x01, 0x5e,
  0x01, 0x48, 0x02, 0x07, 0x01, 0x36, 0x00, 0x00, 0xfe, 0x85, 0xff, 0xff,
  0x00, 0x15, 0xff, 0x96, 0x01, 0x40, 0x01, 0x48, 0x02, 0x07, 0x01, 0x37,
  0x00, 0x00, 0xfe, 0x85, 0xff, 0xff, 0x00, 0x23, 0x01, 0x75, 0x01, 0x73,
  0x03, 0x27, 0x02, 0x06, 0x01, 0x2e, 0x00, 0x64, 0xff, 0xff, 0x00, 0x2d,
  0x01, 0x7c, 0x00, 0xc6, 0x03, 0x20, 0x02, 0x06, 0x01, 0x2f, 0x00, 0x64,
  0xff, 0xff, 0x00, 0x15, 0x01, 0x7c, 0x01, 0x39, 0x03, 0x27, 0x02, 0x06,
  0x01, 0x30, 0x00, 0x64, 0xff, 0xff, 0x00, 0x2f, 0x01, 0x75, 0x01, 0x3f,
  0x03, 0x27, 0x02, 0x06, 0x01, 0x31, 0x00, 0x64, 0xff, 0xff, 0x00, 0x23,
  0x01, 0x7c, 0x01, 0x72, 0x03, 0x20, 0x02, 0x06, 0x01, 0x32, 0x00, 0x64,
  0xff, 0xff, 0x00, 0x2e, 0x01, 0x75, 0x01, 0x4e, 0x03, 0x20, 0x02, 0x06,
  0x01, 0x33, 0x00, 0x64, 0xff, 0xff, 0x00, 0x22, 0x01, 0x75, 0x01, 0x4d,
  0x03, 0x27, 0x02, 0x06, 0x01, 0x34, 0x00, 0x64, 0xff, 0xff, 0x00, 0x1f,
  0x01, 0x7c, 0x01, 0x3d, 0x03, 0x20, 0x02, 0x06, 0x01, 0x35, 0x00, 0x64,
  0xff, 0xff, 0x00, 0x2a, 0x01, 0x75, 0x01, 0x5e, 0x03, 0x27, 0x02, 0x06,
  0x01, 0x36, 0x00, 0x64, 0xff, 0xff, 0x00, 0x15, 0x01, 0x75, 0x01, 0x40,
  0x03, 0x27, 0x02, 0x06, 0x01, 0x37, 0x00, 0x64, 0x00, 0x01, 0x00, 0x32,
  0xff, 0xf2, 0x00, 0x8e, 0x00, 0x4e, 0x00, 0x0b, 0x00, 0x00, 0x17, 0x22,
  0x26, 0x35, 0x34, 0x36, 0x33, 0x32, 0x16, 0x15, 0x14, 0x06, 0x60, 0x13,
  0x1b, 0x1b, 0x13, 0x13, 0x1b, 0x1b, 0x0e, 0x1b, 0x13, 0x13, 0x1b, 0x1b,
  0x13, 0x13, 0x1b, 0x00, 0x00, 0x01, 0x00, 0x2d, 0xff, 0x8c, 0x00, 0xab,
  0x00, 0x56, 0x00, 0x03, 0x00, 0x00, 0x17, 0x37, 0x33, 0x07, 0x2d, 0x37,
  0x47, 0x46, 0x74, 0xca, 0xca, 0x00, 0x00, 0x02, 0x00, 0x46, 0xff, 0xfe,
  0x00, 0xa4, 0x01, 0xf6, 0x00, 0x0b, 0x00, 0x17, 0x00, 0x00, 0x13, 0x22,
  0x26, 0x35, 0x34, 0x36, 0x33, 0x32, 0x16, 0x15, 0x14, 0x06, 0x03, 0x22,
  0x26, 0x35, 0x34, 0x36, 0x33, 0x32, 0x16, 0x15, 0x14, 0x06, 0x74, 0x13,
  0x1b, 0x1b, 0x13, 0x13, 0x1b, 0x1b, 0x11, 0x13, 0x1b, 0x1b, 0x13, 0x13,
  0x1b, 0x1b, 0x01, 0x9a, 0x1b, 0x13, 0x13, 0x1b, 0x1b, 0x13, 0x13, 0x1b,
  0xfe, 0x64, 0x1b, 0x13, 0x13, 0x1b, 0x1b, 0x13, 0x13, 0x1b, 0x00, 0x02,
  0x00, 0x2d, 0xff, 0x8c, 0x00, 0xab, 0x01, 0xf6, 0x00, 0x0b, 0x00, 0x0f,
  0x00, 0x00, 0x13, 0x22, 0x26, 0x35, 0x34, 0x36, 0x33, 0x32, 0x16, 0x15,
  0x14, 0x06, 0x03, 0x37, 0x33, 0x07, 0x70, 0x13, 0x1b, 0x1b, 0x13, 0x13,
  0x1b, 0x1b, 0x56, 0x37, 0x47, 0x46, 0x01, 0x9a, 0x1b, 0x13, 0x13, 0x1b,
  0x1b, 0x13, 0x13, 0x1b, 0xfd, 0xf2, 0xca, 0xca, 0xff, 0xff, 0x00, 0x32,
  0xff, 0xf2, 0x02, 0x0e, 0x00, 0x4e, 0x00, 0x26, 0x01, 0x57, 0x00, 0x00,
  0x00, 0x27, 0x01, 0x57, 0x00, 0xc0, 0x00, 0x00, 0x00, 0x07, 0x01, 0x57,
  0x01, 0x80, 0x00, 0x00, 0x00, 0x02, 0x00, 0x64, 0xff, 0xf2, 0x00, 0xc0,
  0x02, 0xbc, 0x00, 0x03, 0x00, 0x0f, 0x00, 0x00, 0x37, 0x11, 0x33, 0x11,
  0x07, 0x22, 0x26, 0x35, 0x34, 0x36, 0x33, 0x32, 0x16, 0x15, 0x14, 0x06,
  0x72, 0x40, 0x20, 0x13, 0x1b, 0x1b, 0x13, 0x13, 0x1b, 0x1b, 0xc1, 0x01,
  0xfb, 0xfe, 0x05, 0xcf, 0x1b, 0x13, 0x13, 0x1b, 0x1b, 0x13, 0x13, 0x1b,
  0x00, 0x02, 0x00, 0x64, 0xff, 0x36, 0x00, 0xc0, 0x02, 0x00, 0x00, 0x03,
  0x00, 0x0f, 0x00, 0x00, 0x13, 0x11, 0x23, 0x11, 0x37, 0x32, 0x16, 0x15,
  0x14, 0x06, 0x23, 0x22, 0x26, 0x35, 0x34, 0x36, 0xb2, 0x40, 0x20, 0x13,
  0x1b, 0x1b, 0x13, 0x13, 0x1b, 0x1b, 0x01, 0x31, 0xfe, 0x05, 0x01, 0xfb,
  0xcf, 0x1b, 0x13, 0x13, 0x1b, 0x1b, 0x13, 0x13, 0x1b, 0x00, 0x00, 0x02,
  0x00, 0x23, 0xff, 0xf2, 0x01, 0xc2, 0x02, 0xc8, 0x00, 0x18, 0x00, 0x24,
  0x00, 0x00, 0x37, 0x35, 0x33, 0x32, 0x36, 0x35, 0x34, 0x26, 0x23, 0x22,
  0x06, 0x07, 0x27, 0x36, 0x36, 0x33, 0x32, 0x16, 0x16, 0x15, 0x14, 0x06,
  0x06, 0x07, 0x15, 0x07, 0x22, 0x26, 0x35, 0x34, 0x36, 0x33, 0x32, 0x16,
  0x15, 0x14, 0x06, 0xb4, 0x2c, 0x47, 0x5b, 0x56, 0x44, 0x32, 0x4c, 0x0d,
  0x3a, 0x14, 0x67, 0x4a, 0x40, 0x62, 0x38, 0x34, 0x5d, 0x3d, 0x20, 0x14,
  0x1a, 0x1a, 0x14, 0x14, 0x1a, 0x1a, 0xb7, 0xb3, 0x51, 0x43, 0x3f, 0x51,
  0x2e, 0x23, 0x14, 0x34, 0x43, 0x34, 0x5b, 0x3b, 0x3a, 0x5a, 0x35, 0x04,
  0x7a, 0xc5, 0x1a, 0x14, 0x14, 0x1a, 0x1a, 0x14, 0x14, 0x1a, 0x00, 0x02,
  0x00, 0x14, 0xff, 0x2b, 0x01, 0xb3, 0x02, 0x01, 0x00, 0x18, 0x00, 0x24,
  0x00, 0x00, 0x01, 0x15, 0x23, 0x22, 0x06, 0x15, 0x14, 0x16, 0x33, 0x32,
  0x36, 0x37, 0x17, 0x06, 0x06, 0x23, 0x22, 0x26, 0x26, 0x35, 0x34, 0x36,
  0x36, 0x37, 0x35, 0x37, 0x32, 0x16, 0x15, 0x14, 0x06, 0x23, 0x22, 0x26,
  0x35, 0x34, 0x36, 0x01, 0x22, 0x2c, 0x47, 0x5b, 0x57, 0x43, 0x32, 0x4c,
  0x0d, 0x3a, 0x13, 0x68, 0x4a, 0x40, 0x62, 0x38, 0x34, 0x5d, 0x3d, 0x20,
  0x14, 0x1a, 0x1a, 0x14, 0x14, 0x1a, 0x1a, 0x01, 0x3c, 0xb3, 0x51, 0x43,
  0x3f, 0x51, 0x2e, 0x23, 0x14, 0x34, 0x43, 0x34, 0x5b, 0x3b, 0x3b, 0x59,
  0x35, 0x04, 0x7a, 0xc5, 0x1a, 0x14, 0x14, 0x1a, 0x1a, 0x14, 0x14, 0x1a,
  0xff, 0xff, 0x00, 0x50, 0x01, 0x13, 0x00, 0xac, 0x01, 0x6f, 0x00, 0x07,
  0x01, 0x57, 0x00, 0x1e, 0x01, 0x21, 0x00, 0x01, 0x00, 0x96, 0x00, 0xb7,
  0x01, 0x5b, 0x01, 0x7c, 0x00, 0x0f, 0x00, 0x00, 0x37, 0x22, 0x26, 0x26,
  0x35, 0x34, 0x36, 0x36, 0x33, 0x32, 0x16, 0x16, 0x15, 0x14, 0x06, 0x06,
  0xf8, 0x1b, 0x2c, 0x1b, 0x1b, 0x2c, 0x1b, 0x1b, 0x2d, 0x1b, 0x1b, 0x2d,
  0xb7, 0x1b, 0x2d, 0x1b, 0x1b, 0x2d, 0x1a, 0x1a, 0x2d, 0x1b, 0x1b, 0x2d,
  0x1b, 0x00, 0x00, 0x05, 0x00, 0x46, 0x01, 0x8a, 0x01, 0x98, 0x02, 0xcc,
  0x00, 0x03, 0x00, 0x07, 0x00, 0x0b, 0x00, 0x0f, 0x00, 0x13, 0x00, 0x00,
  0x01, 0x27, 0x37, 0x17, 0x07, 0x27, 0x37, 0x17, 0x07, 0x27, 0x37, 0x17,
  0x07, 0x27, 0x33, 0x07, 0x07, 0x27, 0x37, 0x17, 0x01, 0x3d, 0x5e, 0x28,
  0x67, 0xc9, 0x31, 0x68, 0x27, 0x1c, 0xa1, 0x13, 0x9e, 0x20, 0x06, 0x3c,
  0x06, 0x11, 0x0e, 0x9e, 0x12, 0x01, 0x8d, 0x8c, 0x1c, 0x85, 0x26, 0x24,
  0x84, 0x1d, 0x07, 0x2e, 0x3a, 0x3a, 0x18, 0xa8, 0xa8, 0x17, 0x2e, 0x39,
  0x39, 0x00, 0x00, 0x04, 0x00, 0x0a, 0x00, 0x00, 0x02, 0x6a, 0x02, 0xbc,
  0x00, 0x03, 0x00, 0x07, 0x00, 0x0b, 0x00, 0x0f, 0x00, 0x00, 0x21, 0x13,
  0x33, 0x03, 0x25, 0x37, 0x21, 0x07, 0x05, 0x13, 0x33, 0x03, 0x03, 0x37,
  0x21, 0x07, 0x01, 0x5c, 0x6e, 0x34, 0x6e, 0xfe, 0x7a, 0x06, 0x02, 0x32,
  0x06, 0xfe, 0x3a, 0x6e, 0x34, 0x6e, 0x78, 0x06, 0x02, 0x32, 0x06, 0x02,
  0xbc, 0xfd, 0x44, 0xc8, 0x2a, 0x2a, 0xc8, 0x02, 0xbc, 0xfd, 0x44, 0x01,
  0xca, 0x2a, 0x2a, 0x00, 0x00, 0x01, 0x00, 0x0f, 0xff, 0xac, 0x01, 0x65,
  0x02, 0xeb, 0x00, 0x03, 0x00, 0x00, 0x17, 0x01, 0x33, 0x01, 0x0f, 0x01,
  0x14, 0x42, 0xfe, 0xee, 0x54, 0x03, 0x3f, 0xfc, 0xc1, 0x00, 0x00, 0x01,
  0x00, 0x0f, 0xff, 0xac, 0x01, 0x65, 0x02, 0xeb, 0x00, 0x03, 0x00, 0x00,
  0x05, 0x23, 0x01, 0x33, 0x01, 0x65, 0x44, 0xfe, 0xee, 0x42, 0x54, 0x03,
  0x3f, 0x00, 0xff, 0xff, 0x00, 0x00, 0x01, 0x09, 0x00, 0x5c, 0x01, 0x65,
  0x00, 0x07, 0x01, 0x57, 0xff, 0xce, 0x01, 0x17, 0xff, 0xff, 0xff, 0xa4,
  0x01, 0x31, 0x00, 0x00, 0x01, 0x8d, 0x00, 0x07, 0x01, 0x57, 0xff, 0x72,
  0x01, 0x3f, 0x00, 0x01, 0x00, 0x3c, 0x01, 0x0d, 0x01, 0x68, 0x01, 0x46,
  0x00, 0x03, 0x00, 0x00, 0x13, 0x35, 0x21, 0x15, 0x3c, 0x01, 0x2c, 0x01,
  0x0d, 0x39, 0x39, 0x00, 0x00, 0x01, 0x00, 0x00, 0x01, 0x0d, 0x02, 0x26,
  0x01, 0x46, 0x00, 0x03, 0x00, 0x00, 0x11, 0x35, 0x21, 0x15, 0x02, 0x26,
  0x01, 0x0d, 0x39, 0x39, 0x00, 0x01, 0x00, 0x00, 0x01, 0x0d, 0x04, 0x4c,
  0x01, 0x46, 0x00, 0x03, 0x00, 0x00, 0x11, 0x35, 0x21, 0x15, 0x04, 0x4c,
  0x01, 0x0d, 0x39, 0x39, 0x00, 0x01, 0x00, 0x14, 0xff, 0xc7, 0x01, 0xa4,
  0x00, 0x00, 0x00, 0x03, 0x00, 0x00, 0x17, 0x35, 0x21, 0x15, 0x14, 0x01,
  0x90, 0x39, 0x39, 0x39, 0x00, 0x01, 0x00, 0x3c, 0xff, 0x9c, 0x01, 0x22,
  0x03, 0x20, 0x00, 0x11, 0x00, 0x00, 0x17, 0x2e, 0x02, 0x35, 0x34, 0x36,
  0x36, 0x37, 0x33, 0x0e, 0x02, 0x15, 0x14, 0x16, 0x16, 0x17, 0xe2, 0x2e,
  0x4c, 0x2c, 0x2c, 0x4c, 0x2e, 0x40, 0x2e, 0x4c, 0x2c, 0x2c, 0x4c, 0x2e,
  0x64, 0x3d, 0x8f, 0xa0, 0x56, 0x57, 0x9f, 0x8f, 0x3d, 0x40, 0x92, 0x9d,
  0x53, 0x52, 0x9e, 0x91, 0x41, 0x00, 0x00, 0x01, 0x00, 0x32, 0xff, 0x9c,
  0x01, 0x18, 0x03, 0x20, 0x00, 0x11, 0x00, 0x00, 0x17, 0x23, 0x3e, 0x02,
  0x35, 0x34, 0x26, 0x26, 0x27, 0x33, 0x1e, 0x02, 0x15, 0x14, 0x06, 0x06,
  0x72, 0x40, 0x2f, 0x4b, 0x2c, 0x2c, 0x4b, 0x2f, 0x40, 0x2f, 0x4b, 0x2c,
  0x2c, 0x4b, 0x64, 0x41, 0x91, 0x9e, 0x52, 0x53, 0x9d, 0x92, 0x40, 0x3d,
  0x8f, 0x9f, 0x57, 0x56, 0xa0, 0x8f, 0x00, 0x02, 0x00, 0x3c, 0xff, 0x9c,
  0x01, 0x42, 0x03, 0x20, 0x00, 0x12, 0x00, 0x25, 0x00, 0x00, 0x13, 0x35,
  0x32, 0x36, 0x36, 0x35, 0x34, 0x3e, 0x02, 0x33, 0x15, 0x0e, 0x02, 0x15,
  0x14, 0x06, 0x06, 0x13, 0x22, 0x2e, 0x02, 0x35, 0x34, 0x26, 0x26, 0x23,
  0x35, 0x32, 0x16, 0x16, 0x15, 0x14, 0x16, 0x16, 0x17, 0x3c, 0x28, 0x2b,
  0x11, 0x0e, 0x24, 0x3f, 0x31, 0x27, 0x2a, 0x11, 0x1b, 0x47, 0xc4, 0x31,
  0x3f, 0x24, 0x0e, 0x11, 0x2b, 0x28, 0x42, 0x47, 0x1b, 0x11, 0x2a, 0x27,
  0x01, 0x53, 0x24, 0x17, 0x3b, 0x37, 0x56, 0x70, 0x40, 0x1a, 0x3a, 0x01,
  0x27, 0x62, 0x5b, 0x45, 0x4c, 0x1d, 0xfe, 0x49, 0x1a, 0x40, 0x70, 0x56,
  0x37, 0x3b, 0x17, 0x24, 0x1d, 0x4b, 0x46, 0x5a, 0x63, 0x27, 0x01, 0x00,
  0x00, 0x02, 0x00, 0x3c, 0xff, 0x9c, 0x01, 0x42, 0x03, 0x20, 0x00, 0x12,
  0x00, 0x25, 0x00, 0x00, 0x01, 0x22, 0x26, 0x26, 0x35, 0x34, 0x26, 0x26,
  0x27, 0x35, 0x32, 0x1e, 0x02, 0x15, 0x14, 0x16, 0x16, 0x33, 0x01, 0x35,
  0x3e, 0x02, 0x35, 0x34, 0x36, 0x36, 0x33, 0x15, 0x22, 0x06, 0x06, 0x15,
  0x14, 0x0e, 0x02, 0x01, 0x42, 0x41, 0x48, 0x1b, 0x10, 0x2b, 0x27, 0x31,
  0x3f, 0x24, 0x0e, 0x11, 0x2b, 0x28, 0xfe, 0xfa, 0x27, 0x2b, 0x10, 0x1b,
  0x48, 0x41, 0x28, 0x2b, 0x11, 0x0e, 0x24, 0x3f, 0x01, 0x53, 0x1d, 0x4c,
  0x45, 0x5b, 0x62, 0x27, 0x01, 0x3a, 0x1a, 0x40, 0x70, 0x56, 0x37, 0x3b,
  0x17, 0xfe, 0x25, 0x3a, 0x01, 0x27, 0x63, 0x5a, 0x46, 0x4b, 0x1d, 0x24,
  0x17, 0x3b, 0x37, 0x56, 0x70, 0x40, 0x1a, 0x00, 0x00, 0x01, 0x00, 0x64,
  0xff, 0x9c, 0x00, 0xec, 0x03, 0x20, 0x00, 0x07, 0x00, 0x00, 0x17, 0x11,
  0x33, 0x15, 0x23, 0x11, 0x33, 0x15, 0x64, 0x88, 0x48, 0x48, 0x64, 0x03,
  0x84, 0x3a, 0xfc, 0xf0, 0x3a, 0x00, 0x00, 0x01, 0x00, 0x50, 0xff, 0x9c,
  0x00, 0xd8, 0x03, 0x20, 0x00, 0x07, 0x00, 0x00, 0x17, 0x23, 0x35, 0x33,
  0x11, 0x23, 0x35, 0x33, 0xd8, 0x88, 0x48, 0x48, 0x88, 0x64, 0x3a, 0x03,
  0x10, 0x3a, 0xff, 0xff, 0x00, 0x2d, 0xff, 0x8c, 0x00, 0xab, 0x00, 0x56,
  0x00, 0x06, 0x01, 0x58, 0x00, 0x00, 0x00, 0x02, 0x00, 0x14, 0xff, 0x8c,
  0x01, 0x15, 0x00, 0x56, 0x00, 0x03, 0x00, 0x07, 0x00, 0x00, 0x17, 0x37,
  0x33, 0x07, 0x23, 0x37, 0x33, 0x07, 0x97, 0x37, 0x47, 0x46, 0xbb, 0x37,
  0x47, 0x46, 0x74, 0xca, 0xca, 0xca, 0xca, 0x00, 0x00, 0x02, 0x00, 0x14,
  0x01, 0xf1, 0x01, 0x15, 0x02, 0xbb, 0x00, 0x03, 0x00, 0x07, 0x00, 0x00,
  0x13, 0x07, 0x23, 0x37, 0x33, 0x07, 0x23, 0x37, 0x92, 0x37, 0x47, 0x46,
  0xbb, 0x37, 0x47, 0x46, 0x02, 0xbb, 0xca, 0xca, 0xca, 0xca, 0x00, 0x02,
  0x00, 0x14, 0x01, 0xf2, 0x01, 0x15, 0x02, 0xbc, 0x00, 0x03, 0x00, 0x07,
  0x00, 0x00, 0x13, 0x37, 0x33, 0x07, 0x23, 0x37, 0x33, 0x07, 0x97, 0x37,
  0x47, 0x46, 0xbb, 0x37, 0x47, 0x46, 0x01, 0xf2, 0xca, 0xca, 0xca, 0xca,
  0x00, 0x01, 0x00, 0x14, 0x01, 0xf2, 0x00, 0x92, 0x02, 0xbc, 0x00, 0x03,
  0x00, 0x00, 0x13, 0x07, 0x23, 0x37, 0x92, 0x37, 0x47, 0x46, 0x02, 0xbc,
  0xca, 0xca, 0xff, 0xff, 0x00, 0x14, 0x01, 0xf2, 0x00, 0x92, 0x02, 0xbc,
  0x00, 0x07, 0x01, 0x58, 0xff, 0xe7, 0x02, 0x66, 0xff, 0xff, 0x00, 0x32,
  0x00, 0x60, 0x01, 0xcc, 0x01, 0xf4, 0x00, 0x27, 0x01, 0x7a, 0x00, 0xb1,
  0x00, 0x00, 0x00, 0x06, 0x01, 0x7a, 0x00, 0x00, 0x00, 0x02, 0x00, 0x3c,
  0x00, 0x60, 0x01, 0xd6, 0x01, 0xf4, 0x00, 0x05, 0x00, 0x0b, 0x00, 0x00,
  0x37, 0x23, 0x37, 0x27, 0x33, 0x17, 0x17, 0x23, 0x37, 0x27, 0x33, 0x17,
  0x88, 0x4c, 0x9d, 0x9d, 0x4c, 0x9d, 0x14, 0x4c, 0x9d, 0x9d, 0x4c, 0x9d,
  0x60, 0xca, 0xca, 0xca, 0xca, 0xca, 0xca, 0xca, 0x00, 0x01, 0x00, 0x32,
  0x00, 0x60, 0x01, 0x1b, 0x01, 0xf4, 0x00, 0x05, 0x00, 0x00, 0x37, 0x27,
  0x37, 0x33, 0x07, 0x17, 0xcf, 0x9d, 0x9d, 0x4c, 0x9d, 0x9d, 0x60, 0xca,
  0xca, 0xca, 0xca, 0x00, 0x00, 0x01, 0x00, 0x3c, 0x00, 0x60, 0x01, 0x25,
  0x01, 0xf4, 0x00, 0x05, 0x00, 0x00, 0x37, 0x23, 0x37, 0x27, 0x33, 0x17,
  0x88, 0x4c, 0x9d, 0x9d, 0x4c, 0x9d, 0x60, 0xca, 0xca, 0xca, 0xff, 0xff,
  0x00, 0x3c, 0x01, 0xea, 0x00, 0xe0, 0x02, 0xcc, 0x00, 0x26, 0x01, 0x7d,
  0x00, 0x00, 0x00, 0x06, 0x01, 0x7d, 0x66, 0x00, 0x00, 0x01, 0x00, 0x3c,
  0x01, 0xea, 0x00, 0x7a, 0x02, 0xcc, 0x00, 0x03, 0x00, 0x00, 0x13, 0x27,
  0x33, 0x07, 0x41, 0x05, 0x3e, 0x05, 0x01, 0xea, 0xe2, 0xe2, 0x00, 0x02,
  0x00, 0x32, 0xff, 0x2b, 0x03, 0xaa, 0x02, 0xcb, 0x00, 0x43, 0x00, 0x52,
  0x00, 0x00, 0x05, 0x22, 0x2e, 0x02, 0x35, 0x34, 0x3e, 0x02, 0x33, 0x32,
  0x1e, 0x02, 0x15, 0x14, 0x06, 0x06, 0x23, 0x06, 0x26, 0x35, 0x06, 0x06,
  0x23, 0x22, 0x26, 0x26, 0x35, 0x34, 0x36, 0x36, 0x33, 0x32, 0x16, 0x17,
  0x35, 0x33, 0x11, 0x14, 0x16, 0x33, 0x32, 0x36, 0x36, 0x35, 0x34, 0x2e,
  0x02, 0x23, 0x22, 0x0e, 0x02, 0x15, 0x14, 0x1e, 0x02, 0x33, 0x32, 0x36,
  0x37, 0x17, 0x06, 0x06, 0x03, 0x32, 0x36, 0x37, 0x35, 0x26, 0x26, 0x23,
  0x22, 0x06, 0x06, 0x15, 0x14, 0x16, 0x16, 0x02, 0x02, 0x66, 0xaa, 0x7c,
  0x44, 0x44, 0x7c, 0xaa, 0x66, 0x5d, 0x9b, 0x72, 0x3e, 0x2f, 0x54, 0x36,
  0x32, 0x39, 0x1c, 0x5e, 0x3b, 0x43, 0x67, 0x3a, 0x3a, 0x67, 0x43, 0x3b,
  0x5e, 0x1c, 0x42, 0x18, 0x13, 0x23, 0x36, 0x1e, 0x35, 0x60, 0x84, 0x4f,
  0x58, 0x92, 0x6b, 0x3b, 0x3b, 0x6b, 0x92, 0x58, 0x29, 0x60, 0x22, 0x1c,
  0x2a, 0x70, 0x54, 0x44, 0x5e, 0x09, 0x09, 0x5e, 0x44, 0x33, 0x4e, 0x2d,
  0x2d, 0x4e, 0xd5, 0x44, 0x7d, 0xaa, 0x66, 0x66, 0xa9, 0x7c, 0x44, 0x44,
  0x7c, 0xa9, 0x66, 0x4e, 0x78, 0x45, 0x01, 0x3a, 0x49, 0x2e, 0x36, 0x3d,
  0x6c, 0x45, 0x46, 0x6a, 0x3d, 0x35, 0x2f, 0x59, 0xfe, 0x85, 0x19, 0x20,
  0x36, 0x5e, 0x3d, 0x59, 0x94, 0x6d, 0x3b, 0x3b, 0x6d, 0x94, 0x59, 0x59,
  0x95, 0x6d, 0x3c, 0x14, 0x10, 0x2f, 0x15, 0x1a, 0x01, 0x1e, 0x54, 0x42,
  0x3c, 0x42, 0x53, 0x2e, 0x50, 0x35, 0x34, 0x52, 0x2e, 0x00, 0x00, 0x01,
  0x00, 0x3c, 0xff, 0xf1, 0x02, 0x73, 0x02, 0xcb, 0x00, 0x3c, 0x00, 0x00,
  0x05, 0x22, 0x26, 0x26, 0x35, 0x34, 0x36, 0x36, 0x37, 0x37, 0x3e, 0x02,
  0x35, 0x34, 0x26, 0x23, 0x22, 0x06, 0x15, 0x14, 0x16, 0x17, 0x17, 0x13,
  0x23, 0x03, 0x27, 0x2e, 0x02, 0x35, 0x34, 0x36, 0x36, 0x33, 0x32, 0x16,
  0x16, 0x15, 0x14, 0x06, 0x06, 0x07, 0x07, 0x0e, 0x02, 0x15, 0x14, 0x16,
  0x33, 0x32, 0x3e, 0x02, 0x35, 0x33, 0x14, 0x06, 0x06, 0x01, 0x05, 0x3a,
  0x5b, 0x34, 0x24, 0x3c, 0x23, 0x4b, 0x1d, 0x36, 0x24, 0x3a, 0x2d, 0x26,
  0x37, 0x26, 0x1d, 0x77, 0xfc, 0x52, 0xe3, 0x71, 0x15, 0x25, 0x16, 0x2a,
  0x47, 0x2c, 0x2f, 0x4c, 0x2c, 0x2a, 0x44, 0x27, 0x4a, 0x19, 0x2f, 0x1e,
  0x4d, 0x3c, 0x38, 0x5d, 0x45, 0x25, 0x40, 0x52, 0x8f, 0x0f, 0x2e, 0x53,
  0x35, 0x2f, 0x48, 0x3a, 0x18, 0x34, 0x14, 0x2a, 0x32, 0x1f, 0x2b, 0x33,
  0x36, 0x26, 0x1f, 0x32, 0x23, 0x8f, 0xfe, 0xce, 0x01, 0x12, 0x88, 0x1a,
  0x31, 0x33, 0x1d, 0x2b, 0x43, 0x28, 0x26, 0x44, 0x2e, 0x27, 0x44, 0x3b,
  0x1b, 0x33, 0x11, 0x29, 0x36, 0x28, 0x37, 0x45, 0x27, 0x47, 0x62, 0x3a,
  0x5e, 0x93, 0x53, 0x00, 0x00, 0x04, 0x00, 0x1e, 0xff, 0xac, 0x01, 0xaf,
  0x02, 0xbc, 0x00, 0x0a, 0x00, 0x0e, 0x00, 0x12, 0x00, 0x16, 0x00, 0x00,
  0x13, 0x22, 0x26, 0x26, 0x35, 0x34, 0x36, 0x36, 0x33, 0x33, 0x11, 0x03,
  0x11, 0x33, 0x11, 0x33, 0x11, 0x33, 0x11, 0x03, 0x35, 0x33, 0x15, 0xe4,
  0x3a, 0x59, 0x33, 0x33, 0x59, 0x3a, 0x3a, 0x21, 0x40, 0x32, 0x40, 0x72,
  0x3c, 0x01, 0x0a, 0x38, 0x62, 0x3f, 0x40, 0x62, 0x37, 0xfe, 0x4e, 0xfe,
  0xa2, 0x03, 0x10, 0xfc, 0xf0, 0x03, 0x10, 0xfc, 0xf0, 0x02, 0xd6, 0x3a,
  0x3a, 0x00, 0x00, 0x02, 0x00, 0x64, 0xff, 0xa6, 0x01, 0xe8, 0x02, 0xc8,
  0x00, 0x29, 0x00, 0x54, 0x00, 0x00, 0x05, 0x22, 0x26, 0x26, 0x27, 0x37,
  0x16, 0x16, 0x33, 0x32, 0x36, 0x35, 0x34, 0x26, 0x27, 0x27, 0x26, 0x26,
  0x35, 0x34, 0x36, 0x33, 0x32, 0x16, 0x16, 0x17, 0x07, 0x26, 0x26, 0x23,
  0x22, 0x06, 0x15, 0x14, 0x16, 0x17, 0x17, 0x16, 0x16, 0x15, 0x14, 0x06,
  0x27, 0x22, 0x26, 0x26, 0x27, 0x37, 0x1e, 0x02, 0x33, 0x32, 0x36, 0x35,
  0x34, 0x26, 0x27, 0x27, 0x26, 0x26, 0x35, 0x34, 0x36, 0x33, 0x32, 0x16,
  0x16, 0x17, 0x07, 0x26, 0x26, 0x23, 0x22, 0x06, 0x15, 0x14, 0x16, 0x17,
  0x17, 0x16, 0x16, 0x15, 0x14, 0x06, 0x01, 0x2e, 0x3a, 0x53, 0x33, 0x0a,
  0x3d, 0x0c, 0x45, 0x32, 0x3e, 0x45, 0x3e, 0x33, 0x3a, 0x37, 0x4d, 0x5e,
  0x58, 0x32, 0x47, 0x2d, 0x09, 0x32, 0x0f, 0x52, 0x2b, 0x2f, 0x37, 0x2f,
  0x26, 0x3a, 0x4d, 0x53, 0x5e, 0x61, 0x32, 0x48, 0x2c, 0x09, 0x22, 0x09,
  0x28, 0x3a, 0x24, 0x38, 0x3f, 0x3e, 0x33, 0x3a, 0x37, 0x4d, 0x5e, 0x58,
  0x34, 0x4c, 0x30, 0x09, 0x3c, 0x0e, 0x44, 0x31, 0x34, 0x3b, 0x2f, 0x26,
  0x3a, 0x4e, 0x52, 0x5e, 0x5a, 0x22, 0x36, 0x1e, 0x16, 0x22, 0x31, 0x31,
  0x28, 0x25, 0x2f, 0x0c, 0x0e, 0x0e, 0x44, 0x3a, 0x48, 0x51, 0x23, 0x36,
  0x1e, 0x12, 0x25, 0x2b, 0x32, 0x29, 0x25, 0x28, 0x09, 0x0e, 0x13, 0x53,
  0x30, 0x3f, 0x58, 0xfd, 0x23, 0x39, 0x1f, 0x11, 0x15, 0x25, 0x16, 0x30,
  0x26, 0x25, 0x2e, 0x0d, 0x0f, 0x0e, 0x43, 0x3a, 0x48, 0x51, 0x22, 0x35,
  0x1d, 0x15, 0x25, 0x2b, 0x32, 0x29, 0x25, 0x27, 0x09, 0x0e, 0x13, 0x54,
  0x30, 0x3f, 0x58, 0x00, 0x00, 0x03, 0x00, 0x32, 0xff, 0xf5, 0x03, 0x05,
  0x02, 0xc8, 0x00, 0x13, 0x00, 0x33, 0x00, 0x43, 0x00, 0x00, 0x05, 0x22,
  0x2e, 0x02, 0x35, 0x34, 0x3e, 0x02, 0x33, 0x32, 0x1e, 0x02, 0x15, 0x14,
  0x0e, 0x02, 0x27, 0x22, 0x26, 0x26, 0x35, 0x34, 0x36, 0x36, 0x33, 0x32,
  0x16, 0x17, 0x17, 0x07, 0x27, 0x26, 0x26, 0x23, 0x22, 0x06, 0x15, 0x14,
  0x16, 0x33, 0x32, 0x36, 0x37, 0x37, 0x17, 0x07, 0x06, 0x06, 0x07, 0x32,
  0x36, 0x36, 0x35, 0x34, 0x26, 0x26, 0x23, 0x22, 0x06, 0x06, 0x15, 0x14,
  0x16, 0x16, 0x01, 0x9c, 0x4b, 0x83, 0x64, 0x38, 0x38, 0x64, 0x83, 0x4b,
  0x4b, 0x83, 0x63, 0x38, 0x38, 0x63, 0x83, 0x4d, 0x36, 0x54, 0x30, 0x30,
  0x53, 0x36, 0x31, 0x58, 0x14, 0x0d, 0x36, 0x0d, 0x0d, 0x3a, 0x20, 0x37,
  0x46, 0x47, 0x37, 0x20, 0x3a, 0x0f, 0x0a, 0x39, 0x0d, 0x16, 0x59, 0x2e,
  0x57, 0x87, 0x4d, 0x4e, 0x87, 0x56, 0x56, 0x88, 0x4e, 0x4e, 0x88, 0x0b,
  0x38, 0x63, 0x83, 0x4b, 0x4b, 0x83, 0x64, 0x38, 0x38, 0x64, 0x83, 0x4b,
  0x4b, 0x83, 0x63, 0x38, 0xa3, 0x33, 0x59, 0x3a, 0x3a, 0x59, 0x33, 0x34,
  0x29, 0x1b, 0x15, 0x16, 0x1b, 0x22, 0x4e, 0x3e, 0x3d, 0x4f, 0x26, 0x1d,
  0x16, 0x15, 0x1b, 0x2b, 0x38, 0x6b, 0x4e, 0x8a, 0x59, 0x5a, 0x8a, 0x4e,
  0x4e, 0x8a, 0x5a, 0x59, 0x8a, 0x4e, 0x00, 0x04, 0x00, 0x2d, 0x00, 0xb0,
  0x02, 0x45, 0x02, 0xc8, 0x00, 0x13, 0x00, 0x23, 0x00, 0x31, 0x00, 0x3a,
  0x00, 0x00, 0x25, 0x22, 0x2e, 0x02, 0x35, 0x34, 0x3e, 0x02, 0x33, 0x32,
  0x1e, 0x02, 0x15, 0x14, 0x0e, 0x02, 0x27, 0x32, 0x36, 0x36, 0x35, 0x34,
  0x26, 0x26, 0x23, 0x22, 0x06, 0x06, 0x15, 0x14, 0x16, 0x16, 0x27, 0x11,
  0x33, 0x32, 0x16, 0x15, 0x14, 0x06, 0x07, 0x17, 0x23, 0x27, 0x23, 0x15,
  0x35, 0x33, 0x32, 0x36, 0x35, 0x34, 0x26, 0x23, 0x23, 0x01, 0x39, 0x37,
  0x62, 0x49, 0x2a, 0x2a, 0x49, 0x62, 0x37, 0x38, 0x61, 0x49, 0x2a, 0x2a,
  0x49, 0x61, 0x38, 0x3f, 0x60, 0x37, 0x37, 0x60, 0x3f, 0x3f, 0x60, 0x37,
  0x37, 0x60, 0x25, 0x66, 0x2c, 0x39, 0x20, 0x1a, 0x46, 0x35, 0x3e, 0x35,
  0x3a, 0x15, 0x1d, 0x1e, 0x19, 0x35, 0xb0, 0x2a, 0x49, 0x62, 0x37, 0x38,
  0x61, 0x49, 0x2a, 0x2a, 0x49, 0x61, 0x38, 0x37, 0x62, 0x49, 0x2a, 0x34,
  0x37, 0x62, 0x3f, 0x40, 0x61, 0x37, 0x37, 0x61, 0x40, 0x3f, 0x62, 0x37,
  0x49, 0x01, 0x24, 0x33, 0x29, 0x1c, 0x2c, 0x0b, 0x75, 0x6c, 0x6c, 0x98,
  0x1b, 0x15, 0x16, 0x1b, 0x00, 0x02, 0x00, 0x07, 0x01, 0x18, 0x03, 0x1c,
  0x02, 0xbc, 0x00, 0x0b, 0x00, 0x13, 0x00, 0x00, 0x01, 0x27, 0x11, 0x23,
  0x11, 0x33, 0x17, 0x37, 0x33, 0x11, 0x23, 0x11, 0x01, 0x11, 0x23, 0x35,
  0x21, 0x15, 0x23, 0x11, 0x02, 0x51, 0x8c, 0x3f, 0x43, 0x89, 0x88, 0x42,
  0x3e, 0xfd, 0xac, 0x83, 0x01, 0x44, 0x83, 0x01, 0x88, 0xce, 0xfe, 0xc2,
  0x01, 0xa4, 0xca, 0xca, 0xfe, 0x5c, 0x01, 0x40, 0xfe, 0xc0, 0x01, 0x6b,
  0x39, 0x39, 0xfe, 0x95, 0x00, 0x02, 0x00, 0x32, 0x01, 0xc2, 0x01, 0x3b,
  0x02, 0xcb, 0x00, 0x0f, 0x00, 0x1b, 0x00, 0x00, 0x13, 0x22, 0x26, 0x26,
  0x35, 0x34, 0x36, 0x36, 0x33, 0x32, 0x16, 0x16, 0x15, 0x14, 0x06, 0x06,
  0x27, 0x32, 0x36, 0x35, 0x34, 0x26, 0x23, 0x22, 0x06, 0x15, 0x14, 0x16,
  0xb6, 0x24, 0x3c, 0x24, 0x24, 0x3c, 0x24, 0x24, 0x3d, 0x24, 0x24, 0x3d,
  0x24, 0x1e, 0x2b, 0x2b, 0x1e, 0x1d, 0x2b, 0x2b, 0x01, 0xc2, 0x25, 0x3e,
  0x24, 0x24, 0x3b, 0x23, 0x23, 0x3b, 0x24, 0x24, 0x3e, 0x25, 0x37, 0x30,
  0x20, 0x1f, 0x2c, 0x2c, 0x1f, 0x20, 0x30, 0x00, 0x00, 0x01, 0x00, 0x64,
  0xff, 0x24, 0x00, 0x9e, 0x03, 0x16, 0x00, 0x03, 0x00, 0x00, 0x17, 0x11,
  0x33, 0x11, 0x64, 0x3a, 0xdc, 0x03, 0xf2, 0xfc, 0x0e, 0x00, 0x00, 0x02,
  0x00, 0x64, 0xff, 0x24, 0x00, 0x9e, 0x03, 0x16, 0x00, 0x03, 0x00, 0x07,
  0x00, 0x00, 0x13, 0x11, 0x33, 0x11, 0x03, 0x11, 0x33, 0x11, 0x64, 0x3a,
  0x3a, 0x3a, 0x01, 0x5e, 0x01, 0xb8, 0xfe, 0x48, 0xfd, 0xc6, 0x01, 0xb8,
  0xfe, 0x48, 0x00, 0x02, 0x00, 0x18, 0x00, 0x00, 0x01, 0xc5, 0x02, 0xbc,
  0x00, 0x05, 0x00, 0x0b, 0x00, 0x00, 0x33, 0x13, 0x27, 0x33, 0x07, 0x13,
  0x03, 0x35, 0x17, 0x37, 0x15, 0x27, 0xd0, 0x05, 0x05, 0x3e, 0x05, 0x05,
  0xf6, 0xd7, 0xd6, 0xd6, 0x01, 0xd8, 0xe4, 0xe4, 0xfe, 0x28, 0x01, 0xbe,
  0x38, 0x05, 0x05, 0x38, 0x05, 0x00, 0x00, 0x03, 0x00, 0x19, 0xff, 0x38,
  0x01, 0xc5, 0x02, 0xbc, 0x00, 0x09, 0x00, 0x0f, 0x00, 0x15, 0x00, 0x00,
  0x17, 0x37, 0x27, 0x37, 0x27, 0x33, 0x07, 0x17, 0x07, 0x17, 0x27, 0x35,
  0x17, 0x37, 0x15, 0x27, 0x03, 0x35, 0x17, 0x37, 0x15, 0x27, 0xd0, 0x05,
  0x05, 0x05, 0x05, 0x3e, 0x05, 0x05, 0x05, 0x05, 0xf5, 0xd7, 0xd5, 0xd5,
  0xd7, 0xd6, 0xd6, 0xd6, 0xc8, 0xe0, 0xe2, 0xde, 0xe4, 0xe4, 0xde, 0xe2,
  0xe0, 0xc5, 0x38, 0x05, 0x05, 0x38, 0x05, 0x01, 0xbc, 0x38, 0x05, 0x05,
  0x38, 0x05, 0x00, 0x02, 0x00, 0x2d, 0x00, 0x00, 0x01, 0xf8, 0x02, 0xbc,
  0x00, 0x03, 0x00, 0x21, 0x00, 0x00, 0x21, 0x11, 0x33, 0x11, 0x27, 0x22,
  0x26, 0x26, 0x35, 0x34, 0x36, 0x36, 0x33, 0x32, 0x16, 0x17, 0x07, 0x26,
  0x26, 0x23, 0x22, 0x06, 0x06, 0x15, 0x14, 0x16, 0x16, 0x33, 0x32, 0x36,
  0x37, 0x17, 0x06, 0x06, 0x01, 0x04, 0x37, 0x18, 0x48, 0x6f, 0x3f, 0x3e,
  0x6f, 0x47, 0x47, 0x6e, 0x1e, 0x34, 0x17, 0x53, 0x35, 0x36, 0x53, 0x2f,
  0x30, 0x54, 0x36, 0x36, 0x54, 0x16, 0x35, 0x1e, 0x6f, 0x02, 0xbc, 0xfd,
  0x44, 0x62, 0x43, 0x76, 0x4d, 0x4d, 0x76, 0x43, 0x3f, 0x38, 0x1c, 0x2b,
  0x31, 0x35, 0x5d, 0x3d, 0x3d, 0x5d, 0x35, 0x37, 0x31, 0x1c, 0x3d, 0x46,
  0x00, 0x06, 0x00, 0x50, 0x00, 0xa2, 0x01, 0xca, 0x02, 0x1c, 0x00, 0x0f,
  0x00, 0x13, 0x00, 0x1f, 0x00, 0x23, 0x00, 0x27, 0x00, 0x2b, 0x00, 0x00,
  0x25, 0x22, 0x26, 0x26, 0x35, 0x34, 0x36, 0x36, 0x33, 0x32, 0x16, 0x16,
  0x15, 0x14, 0x06, 0x06, 0x07, 0x27, 0x37, 0x17, 0x37, 0x32, 0x36, 0x35,
  0x34, 0x26, 0x23, 0x22, 0x06, 0x15, 0x14, 0x16, 0x27, 0x27, 0x37, 0x17,
  0x13, 0x27, 0x37, 0x17, 0x27, 0x27, 0x37, 0x17, 0x01, 0x10, 0x2d, 0x49,
  0x2b, 0x2b, 0x4a, 0x2c, 0x2d, 0x49, 0x2c, 0x2c, 0x49, 0xc6, 0x27, 0x47,
  0x29, 0x50, 0x2f, 0x37, 0x37, 0x2f, 0x2e, 0x37, 0x37, 0x4a, 0x48, 0x27,
  0x49, 0xe2, 0x3a, 0x28, 0x3a, 0x42, 0x29, 0x43, 0x28, 0xbd, 0x2d, 0x49,
  0x2b, 0x2a, 0x47, 0x2b, 0x2b, 0x47, 0x2a, 0x2b, 0x49, 0x2d, 0x1b, 0x27,
  0x47, 0x26, 0x09, 0x3a, 0x31, 0x2f, 0x37, 0x37, 0x2f, 0x31, 0x3a, 0xba,
  0x47, 0x28, 0x48, 0xfe, 0xce, 0x3c, 0x27, 0x3c, 0xea, 0x26, 0x43, 0x28,
  0x00, 0x02, 0x00, 0x37, 0xff, 0x99, 0x02, 0x00, 0x03, 0x0c, 0x00, 0x2b,
  0x00, 0x2f, 0x00, 0x00, 0x25, 0x22, 0x26, 0x26, 0x27, 0x37, 0x16, 0x16,
  0x33, 0x32, 0x36, 0x35, 0x34, 0x26, 0x27, 0x27, 0x2e, 0x02, 0x35, 0x34,
  0x36, 0x33, 0x32, 0x16, 0x16, 0x17, 0x07, 0x26, 0x26, 0x23, 0x22, 0x06,
  0x15, 0x14, 0x16, 0x17, 0x17, 0x16, 0x16, 0x15, 0x14, 0x06, 0x06, 0x07,
  0x11, 0x33, 0x11, 0x01, 0x26, 0x47, 0x61, 0x3a, 0x0d, 0x38, 0x10, 0x58,
  0x40, 0x50, 0x59, 0x53, 0x41, 0x3f, 0x2a, 0x47, 0x2a, 0x6d, 0x68, 0x3e,
  0x59, 0x37, 0x09, 0x39, 0x13, 0x58, 0x3d, 0x40, 0x4b, 0x3a, 0x2f, 0x41,
  0x5f, 0x65, 0x31, 0x60, 0x66, 0x3b, 0x17, 0x27, 0x40, 0x23, 0x16, 0x29,
  0x3d, 0x3e, 0x32, 0x30, 0x3c, 0x10, 0x10, 0x0b, 0x2a, 0x41, 0x2f, 0x54,
  0x5f, 0x2a, 0x3f, 0x1f, 0x17, 0x2f, 0x36, 0x3e, 0x34, 0x31, 0x32, 0x0b,
  0x0f, 0x16, 0x66, 0x38, 0x30, 0x50, 0x31, 0x7e, 0x03, 0x73, 0xfc, 0x8d,
  0x00, 0x03, 0x00, 0x14, 0xff, 0xf4, 0x02, 0x61, 0x02, 0xc8, 0x00, 0x21,
  0x00, 0x25, 0x00, 0x29, 0x00, 0x00, 0x05, 0x22, 0x26, 0x26, 0x35, 0x34,
  0x36, 0x36, 0x33, 0x32, 0x16, 0x16, 0x17, 0x07, 0x2e, 0x02, 0x23, 0x22,
  0x06, 0x06, 0x15, 0x14, 0x16, 0x16, 0x33, 0x32, 0x36, 0x36, 0x37, 0x17,
  0x0e, 0x02, 0x01, 0x35, 0x21, 0x15, 0x25, 0x35, 0x21, 0x15, 0x01, 0x77,
  0x50, 0x7c, 0x46, 0x45, 0x7b, 0x4f, 0x30, 0x5c, 0x49, 0x15, 0x36, 0x10,
  0x39, 0x47, 0x24, 0x3c, 0x5e, 0x35, 0x35, 0x5f, 0x3e, 0x25, 0x46, 0x39,
  0x10, 0x36, 0x15, 0x4a, 0x5b, 0xfe, 0x6d, 0x01, 0xad, 0xfe, 0x53, 0x01,
  0xad, 0x0c, 0x5d, 0xa3, 0x6a, 0x6a, 0xa3, 0x5d, 0x2b, 0x4d, 0x32, 0x21,
  0x2b, 0x41, 0x25, 0x4e, 0x89, 0x59, 0x59, 0x8a, 0x4d, 0x28, 0x47, 0x2e,
  0x21, 0x35, 0x53, 0x2e, 0x01, 0x0e, 0x34, 0x34, 0x84, 0x34, 0x34, 0x00,
  0x00, 0x01, 0x00, 0x64, 0x00, 0x00, 0x02, 0x1c, 0x02, 0xbc, 0x00, 0x1d,
  0x00, 0x00, 0x21, 0x01, 0x35, 0x33, 0x32, 0x36, 0x37, 0x21, 0x35, 0x21,
  0x26, 0x26, 0x23, 0x23, 0x35, 0x21, 0x07, 0x23, 0x16, 0x16, 0x17, 0x33,
  0x07, 0x23, 0x0e, 0x02, 0x23, 0x23, 0x01, 0x01, 0x8f, 0xfe, 0xd5, 0x94,
  0x3b, 0x5c, 0x0b, 0xfe, 0xca, 0x01, 0x37, 0x0a, 0x56, 0x3f, 0x98, 0x01,
  0xb8, 0x04, 0x85, 0x1c, 0x26, 0x05, 0x42, 0x04, 0x3e, 0x07, 0x42, 0x65,
  0x3e, 0x2c, 0x01, 0x29, 0x01, 0x16, 0x38, 0x44, 0x38, 0x3a, 0x39, 0x44,
  0x3b, 0x3b, 0x17, 0x40, 0x26, 0x3a, 0x36, 0x53, 0x2e, 0xfe, 0xed, 0x00,
  0x00, 0x01, 0x00, 0x32, 0x00, 0x00, 0x02, 0x07, 0x02, 0xc8, 0x00, 0x22,
  0x00, 0x00, 0x33, 0x35, 0x33, 0x32, 0x36, 0x35, 0x35, 0x23, 0x35, 0x33,
  0x35, 0x34, 0x36, 0x36, 0x33, 0x32, 0x16, 0x16, 0x15, 0x27, 0x34, 0x26,
  0x23, 0x22, 0x06, 0x15, 0x15, 0x33, 0x15, 0x23, 0x15, 0x14, 0x07, 0x21,
  0x15, 0x32, 0x1c, 0x15, 0x1e, 0x4f, 0x4f, 0x32, 0x59, 0x39, 0x39, 0x57,
  0x32, 0x3f, 0x49, 0x3a, 0x3a, 0x4a, 0xc7, 0xc7, 0x11, 0x01, 0x57, 0x3a,
  0x24, 0x1a, 0xab, 0x3b, 0xa9, 0x39, 0x57, 0x31, 0x30, 0x59, 0x40, 0x0a,
  0x3b, 0x4a, 0x4c, 0x3b, 0xa9, 0x3b, 0x9c, 0x2d, 0x20, 0x3a, 0x00, 0x05,
  0x00, 0x0a, 0x00, 0x00, 0x02, 0x00, 0x02, 0xc8, 0x00, 0x03, 0x00, 0x07,
  0x00, 0x0b, 0x00, 0x0f, 0x00, 0x13, 0x00, 0x00, 0x01, 0x27, 0x13, 0x33,
  0x01, 0x11, 0x33, 0x11, 0x27, 0x35, 0x21, 0x15, 0x25, 0x35, 0x21, 0x15,
  0x23, 0x03, 0x33, 0x13, 0x01, 0x25, 0x33, 0xc7, 0x47, 0xfe, 0xe5, 0x40,
  0xca, 0x01, 0x54, 0xfe, 0xac, 0x01, 0x54, 0xca, 0xdb, 0x47, 0xc7, 0x01,
  0x28, 0x20, 0x01, 0x80, 0xfd, 0x38, 0x01, 0x50, 0xfe, 0xb0, 0xc2, 0x34,
  0x34, 0x66, 0x34, 0x34, 0x01, 0xa0, 0xfe, 0x80, 0x00, 0x01, 0x00, 0x23,
  0x00, 0x00, 0x02, 0x49, 0x02, 0xbc, 0x00, 0x03, 0x00, 0x00, 0x33, 0x01,
  0x33, 0x01, 0x23, 0x01, 0xe2, 0x44, 0xfe, 0x1e, 0x02, 0xbc, 0xfd, 0x44,
  0x00, 0x02, 0x00, 0x55, 0x00, 0x49, 0x02, 0x17, 0x02, 0x0b, 0x00, 0x03,
  0x00, 0x07, 0x00, 0x00, 0x25, 0x11, 0x33, 0x11, 0x27, 0x35, 0x21, 0x15,
  0x01, 0x1a, 0x39, 0xfe, 0x01, 0xc2, 0x49, 0x01, 0xc2, 0xfe, 0x3e, 0xc4,
  0x39, 0x39, 0x00, 0x01, 0x00, 0x78, 0x01, 0x0d, 0x01, 0xf4, 0x01, 0x46,
  0x00, 0x03, 0x00, 0x00, 0x13, 0x35, 0x21, 0x15, 0x78, 0x01, 0x7c, 0x01,
  0x0d, 0x39, 0x39, 0x00, 0x00, 0x02, 0x00, 0x79, 0x00, 0x6d, 0x01, 0xf3,
  0x01, 0xe7, 0x00, 0x03, 0x00, 0x07, 0x00, 0x00, 0x25, 0x01, 0x37, 0x01,
  0x05, 0x27, 0x01, 0x17, 0x01, 0xcb, 0xfe, 0xae, 0x27, 0x01, 0x53, 0xfe,
  0xad, 0x27, 0x01, 0x52, 0x28, 0x6d, 0x01, 0x52, 0x28, 0xfe, 0xad, 0x27,
  0x27, 0x01, 0x53, 0x28, 0x00, 0x03, 0x00, 0x78, 0x00, 0x6d, 0x01, 0xf4,
  0x01, 0xe6, 0x00, 0x03, 0x00, 0x0f, 0x00, 0x1b, 0x00, 0x00, 0x13, 0x35,
  0x21, 0x15, 0x07, 0x22, 0x26, 0x35, 0x34, 0x36, 0x33, 0x32, 0x16, 0x15,
  0x14, 0x06, 0x03, 0x22, 0x26, 0x35, 0x34, 0x36, 0x33, 0x32, 0x16, 0x15,
  0x14, 0x06, 0x78, 0x01, 0x7c, 0xbe, 0x10, 0x18, 0x18, 0x10, 0x11, 0x17,
  0x17, 0x11, 0x10, 0x18, 0x18, 0x10, 0x11, 0x17, 0x17, 0x01, 0x0d, 0x39,
  0x39, 0xa0, 0x18, 0x10, 0x11, 0x17, 0x17, 0x11, 0x10, 0x18, 0x01, 0x29,
  0x18, 0x10, 0x11, 0x17, 0x17, 0x11, 0x10, 0x18, 0x00, 0x02, 0x00, 0x6e,
  0x00, 0xa9, 0x01, 0xfe, 0x01, 0xaa, 0x00, 0x03, 0x00, 0x07, 0x00, 0x00,
  0x13, 0x35, 0x21, 0x15, 0x05, 0x35, 0x21, 0x15, 0x6e, 0x01, 0x90, 0xfe,
  0x70, 0x01, 0x90, 0x01, 0x71, 0x39, 0x39, 0xc8, 0x39, 0x39, 0x00, 0x03,
  0x00, 0x6e, 0x00, 0x46, 0x01, 0xfe, 0x02, 0x46, 0x00, 0x03, 0x00, 0x07,
  0x00, 0x0b, 0x00, 0x00, 0x37, 0x13, 0x33, 0x03, 0x03, 0x35, 0x21, 0x15,
  0x05, 0x35, 0x21, 0x15, 0xa5, 0xf6, 0x40, 0xf6, 0x77, 0x01, 0x90, 0xfe,
  0x70, 0x01, 0x90, 0x46, 0x02, 0x00, 0xfe, 0x00, 0x01, 0x49, 0x39, 0x39,
  0xc8, 0x39, 0x39, 0x00, 0x00, 0x01, 0x00, 0x96, 0x00, 0x6b, 0x01, 0xe1,
  0x01, 0xe9, 0x00, 0x06, 0x00, 0x00, 0x37, 0x35, 0x25, 0x25, 0x35, 0x05,
  0x15, 0x96, 0x01, 0x07, 0xfe, 0xf9, 0x01, 0x4b, 0x6b, 0x3e, 0x82, 0x7f,
  0x3f, 0x9d, 0x42, 0x00, 0x00, 0x01, 0x00, 0x8b, 0x00, 0x6c, 0x01, 0xd6,
  0x01, 0xea, 0x00, 0x06, 0x00, 0x00, 0x01, 0x15, 0x05, 0x05, 0x15, 0x25,
  0x35, 0x01, 0xd6, 0xfe, 0xf9, 0x01, 0x07, 0xfe, 0xb5, 0x01, 0xea, 0x3e,
  0x82, 0x7f, 0x3f, 0x9d, 0x42, 0x00, 0x00, 0x02, 0x00, 0x96, 0x00, 0x00,
  0x01, 0xe1, 0x01, 0xe9, 0x00, 0x03, 0x00, 0x0a, 0x00, 0x00, 0x33, 0x35,
  0x21, 0x15, 0x25, 0x35, 0x25, 0x25, 0x35, 0x05, 0x15, 0x96, 0x01, 0x4b,
  0xfe, 0xb5, 0x01, 0x07, 0xfe, 0xf9, 0x01, 0x4b, 0x33, 0x33, 0x6b, 0x3e,
  0x82, 0x7f, 0x3f, 0x9d, 0x42, 0x00, 0x00, 0x02, 0x00, 0x8b, 0x00, 0x00,
  0x01, 0xd6, 0x01, 0xe9, 0x00, 0x03, 0x00, 0x0a, 0x00, 0x00, 0x21, 0x21,
  0x35, 0x21, 0x35, 0x25, 0x35, 0x25, 0x15, 0x05, 0x05, 0x01, 0xd6, 0xfe,
  0xb5, 0x01, 0x4b, 0xfe, 0xb5, 0x01, 0x4b, 0xfe, 0xf9, 0x01, 0x07, 0x33,
  0x38, 0x9f, 0x42, 0x9d, 0x3f, 0x7f, 0x82, 0x00, 0x00, 0x03, 0x00, 0x55,
  0x00, 0x00, 0x02, 0x17, 0x02, 0x23, 0x00, 0x03, 0x00, 0x07, 0x00, 0x0b,
  0x00, 0x00, 0x13, 0x35, 0x21, 0x15, 0x01, 0x35, 0x21, 0x15, 0x27, 0x11,
  0x33, 0x11, 0x55, 0x01, 0xc2, 0xfe, 0x3e, 0x01, 0xc2, 0xfd, 0x39, 0x01,
  0x3a, 0x39, 0x39, 0xfe, 0xc6, 0x33, 0x33, 0x8b, 0x01, 0x98, 0xfe, 0x68,
  0x00, 0x02, 0x00, 0x82, 0x00, 0xc9, 0x01, 0xea, 0x01, 0x64, 0x00, 0x03,
  0x00, 0x07, 0x00, 0x00, 0x13, 0x35, 0x21, 0x15, 0x07, 0x35, 0x33, 0x15,
  0x82, 0x01, 0x68, 0x39, 0x39, 0x01, 0x2b, 0x39, 0x39, 0x62, 0x9b, 0x9b,
  0x00, 0x01, 0x00, 0x3c, 0x00, 0xed, 0x01, 0xd5, 0x01, 0x8c, 0x00, 0x1c,
  0x00, 0x00, 0x25, 0x22, 0x26, 0x26, 0x27, 0x26, 0x26, 0x23, 0x22, 0x06,
  0x07, 0x23, 0x3e, 0x02, 0x33, 0x32, 0x16, 0x17, 0x16, 0x16, 0x33, 0x32,
  0x36, 0x37, 0x33, 0x0e, 0x02, 0x01, 0x5f, 0x18, 0x25, 0x1d, 0x0e, 0x18,
  0x20, 0x0e, 0x1a, 0x1e, 0x07, 0x36, 0x03, 0x1d, 0x33, 0x22, 0x21, 0x36,
  0x14, 0x0e, 0x23, 0x12, 0x1b, 0x1e, 0x06, 0x37, 0x04, 0x1e, 0x31, 0xed,
  0x0e, 0x18, 0x0f, 0x1b, 0x16, 0x28, 0x22, 0x23, 0x3c, 0x24, 0x21, 0x16,
  0x0e, 0x21, 0x29, 0x21, 0x24, 0x3b, 0x24, 0x00, 0x00, 0x02, 0x00, 0x50,
  0x01, 0x75, 0x01, 0xcb, 0x02, 0xbc, 0x00, 0x03, 0x00, 0x07, 0x00, 0x00,
  0x01, 0x03, 0x33, 0x13, 0x21, 0x13, 0x33, 0x03, 0x01, 0x8d, 0xa2, 0x43,
  0x9d, 0xfe, 0x85, 0x9b, 0x42, 0x9e, 0x01, 0x75, 0x01, 0x47, 0xfe, 0xb9,
  0x01, 0x47, 0xfe, 0xb9, 0x00, 0x03, 0x00, 0x3c, 0xff, 0x38, 0x01, 0xdf,
  0x01, 0xf4, 0x00, 0x0e, 0x00, 0x14, 0x00, 0x19, 0x00, 0x00, 0x05, 0x22,
  0x26, 0x37, 0x37, 0x14, 0x16, 0x16, 0x33, 0x32, 0x36, 0x35, 0x33, 0x14,
  0x06, 0x05, 0x11, 0x33, 0x11, 0x15, 0x11, 0x25, 0x27, 0x11, 0x33, 0x11,
  0x01, 0x02, 0x51, 0x62, 0x01, 0x28, 0x27, 0x44, 0x29, 0x47, 0x50, 0x25,
  0x65, 0xfe, 0xd9, 0x3c, 0x01, 0x2f, 0x04, 0x3c, 0x0c, 0x70, 0x72, 0x1e,
  0x53, 0x56, 0x1f, 0x69, 0x5e, 0x78, 0x87, 0xbc, 0x02, 0xbc, 0xfe, 0x56,
  0x02, 0xfe, 0xf0, 0xc8, 0x5c, 0x01, 0x98, 0xfe, 0x0c, 0x00, 0x00, 0x05,
  0x00, 0x32, 0xff, 0xf0, 0x02, 0xd5, 0x02, 0xcc, 0x00, 0x03, 0x00, 0x13,
  0x00, 0x1f, 0x00, 0x2f, 0x00, 0x3b, 0x00, 0x00, 0x33, 0x01, 0x33, 0x01,
  0x05, 0x22, 0x26, 0x26, 0x35, 0x34, 0x36, 0x36, 0x33, 0x32, 0x16, 0x16,
  0x15, 0x14, 0x06, 0x06, 0x27, 0x32, 0x36, 0x35, 0x34, 0x26, 0x23, 0x22,
  0x06, 0x15, 0x14, 0x16, 0x01, 0x22, 0x26, 0x26, 0x35, 0x34, 0x36, 0x36,
  0x33, 0x32, 0x16, 0x16, 0x15, 0x14, 0x06, 0x06, 0x27, 0x32, 0x36, 0x35,
  0x34, 0x26, 0x23, 0x22, 0x06, 0x15, 0x14, 0x16, 0x64, 0x01, 0xf1, 0x4e,
  0xfe, 0x0c, 0x01, 0x8d, 0x2d, 0x45, 0x27, 0x27, 0x45, 0x2d, 0x2d, 0x45,
  0x27, 0x27, 0x45, 0x2d, 0x29, 0x34, 0x34, 0x29, 0x28, 0x35, 0x35, 0xfe,
  0xb7, 0x2d, 0x45, 0x27, 0x27, 0x45, 0x2d, 0x2d, 0x45, 0x27, 0x27, 0x45,
  0x2d, 0x29, 0x34, 0x34, 0x29, 0x28, 0x35, 0x35, 0x02, 0xbc, 0xfd, 0x44,
  0x10, 0x2a, 0x4a, 0x2f, 0x30, 0x49, 0x2a, 0x2a, 0x49, 0x30, 0x2f, 0x4a,
  0x2a, 0x36, 0x3e, 0x2f, 0x2f, 0x3e, 0x3e, 0x2f, 0x2f, 0x3e, 0x01, 0x60,
  0x2a, 0x4a, 0x2f, 0x30, 0x49, 0x2a, 0x2a, 0x49, 0x30, 0x2f, 0x4a, 0x2a,
  0x36, 0x3e, 0x2f, 0x2f, 0x3d, 0x3d, 0x2f, 0x2f, 0x3e, 0x00, 0x00, 0x03,
  0x00, 0x5a, 0x00, 0x00, 0x02, 0x55, 0x02, 0xc8, 0x00, 0x03, 0x00, 0x07,
  0x00, 0x0b, 0x00, 0x00, 0x01, 0x03, 0x27, 0x13, 0x13, 0x23, 0x11, 0x33,
  0x17, 0x07, 0x03, 0x37, 0x01, 0x74, 0xee, 0x2c, 0xfe, 0x1c, 0x39, 0x39,
  0xe1, 0x2c, 0xee, 0x1d, 0x02, 0x8c, 0xfe, 0xe6, 0x22, 0x01, 0x34, 0xfd,
  0x38, 0x02, 0x8c, 0xf8, 0x22, 0x01, 0x1a, 0x3c, 0x00, 0x03, 0x00, 0x64,
  0x00, 0xb1, 0x02, 0x70, 0x02, 0xbc, 0x00, 0x03, 0x00, 0x07, 0x00, 0x0b,
  0x00, 0x00, 0x37, 0x27, 0x01, 0x17, 0x25, 0x35, 0x21, 0x07, 0x03, 0x11,
  0x37, 0x11, 0x8c, 0x28, 0x01, 0xcd, 0x28, 0xfe, 0x8c, 0x01, 0x8b, 0x1c,
  0x20, 0x3c, 0xb1, 0x28, 0x01, 0xcd, 0x28, 0x02, 0x3c, 0x3c, 0xfe, 0xb1,
  0x01, 0x70, 0x1b, 0xfe, 0x75, 0x00, 0x00, 0x03, 0x00, 0x46, 0x00, 0x2c,
  0x02, 0xa8, 0x02, 0x27, 0x00, 0x03, 0x00, 0x07, 0x00, 0x0b, 0x00, 0x00,
  0x01, 0x25, 0x37, 0x05, 0x05, 0x35, 0x21, 0x15, 0x07, 0x27, 0x25, 0x17,
  0x02, 0x6c, 0xfe, 0xe6, 0x22, 0x01, 0x34, 0xfd, 0x9e, 0x02, 0x26, 0xf8,
  0x22, 0x01, 0x1a, 0x3c, 0x01, 0x0d, 0xee, 0x2c, 0xfe, 0x1c, 0x39, 0x39,
  0xe1, 0x2c, 0xee, 0x1d, 0x00, 0x03, 0x00, 0x64, 0x00, 0x00, 0x02, 0x6f,
  0x02, 0x0c, 0x00, 0x03, 0x00, 0x07, 0x00, 0x0b, 0x00, 0x00, 0x13, 0x37,
  0x01, 0x07, 0x13, 0x33, 0x11, 0x27, 0x25, 0x21, 0x17, 0x21, 0x64, 0x28,
  0x01, 0xcd, 0x28, 0x02, 0x3c, 0x3c, 0xfe, 0xb1, 0x01, 0x70, 0x1b, 0xfe,
  0x75, 0x01, 0xe4, 0x28, 0xfe, 0x33, 0x28, 0x01, 0x74, 0xfe, 0x75, 0x1c,
  0x20, 0x3c, 0x00, 0x03, 0x00, 0x5a, 0xff, 0xf4, 0x02, 0x55, 0x02, 0xbc,
  0x00, 0x03, 0x00, 0x07, 0x00, 0x0b, 0x00, 0x00, 0x25, 0x07, 0x03, 0x37,
  0x13, 0x11, 0x23, 0x11, 0x01, 0x03, 0x27, 0x13, 0x01, 0x74, 0x1c, 0xfe,
  0x2c, 0xee, 0x39, 0x01, 0x1a, 0xfd, 0x1d, 0xee, 0x30, 0x3c, 0x01, 0x34,
  0x22, 0x01, 0x72, 0xfd, 0x74, 0x02, 0x8c, 0xfe, 0x6c, 0xfe, 0xcc, 0x3c,
  0x01, 0x1a, 0x00, 0x03, 0x00, 0x64, 0x00, 0x00, 0x02, 0x70, 0x02, 0x0b,
  0x00, 0x03, 0x00, 0x07, 0x00, 0x0b, 0x00, 0x00, 0x01, 0x17, 0x01, 0x27,
  0x05, 0x15, 0x21, 0x37, 0x13, 0x11, 0x07, 0x11, 0x02, 0x48, 0x28, 0xfe,
  0x33, 0x28, 0x01, 0x74, 0xfe, 0x75, 0x1c, 0x20, 0x3c, 0x02, 0x0b, 0x28,
  0xfe, 0x33, 0x28, 0x02, 0x3c, 0x3c, 0x01, 0x4f, 0xfe, 0x90, 0x1b, 0x01,
  0x8b, 0x00, 0x00, 0x03, 0x00, 0x3c, 0x00, 0x2d, 0x02, 0x9e, 0x02, 0x28,
  0x00, 0x03, 0x00, 0x07, 0x00, 0x0b, 0x00, 0x00, 0x13, 0x27, 0x25, 0x17,
  0x05, 0x21, 0x35, 0x21, 0x01, 0x25, 0x37, 0x05, 0x78, 0x3c, 0x01, 0x34,
  0x22, 0x01, 0x0c, 0xfd, 0xda, 0x02, 0x26, 0xfe, 0xd2, 0xfe, 0xcc, 0x3c,
  0x01, 0x1a, 0x01, 0x0e, 0x1c, 0xfe, 0x2c, 0xee, 0x39, 0xfe, 0xe6, 0xfd,
  0x1d, 0xee, 0x00, 0x03, 0x00, 0x64, 0x00, 0xbc, 0x02, 0x6f, 0x02, 0xc8,
  0x00, 0x03, 0x00, 0x07, 0x00, 0x0b, 0x00, 0x00, 0x25, 0x07, 0x01, 0x37,
  0x03, 0x23, 0x11, 0x17, 0x05, 0x21, 0x27, 0x21, 0x02, 0x6f, 0x28, 0xfe,
  0x33, 0x28, 0x02, 0x3c, 0x3c, 0x01, 0x4f, 0xfe, 0x90, 0x1b, 0x01, 0x8b,
  0xe4, 0x28, 0x01, 0xcd, 0x28, 0xfe, 0x8c, 0x01, 0x8b, 0x1c, 0x20, 0x3c,
  0x00, 0x02, 0xff, 0xe6, 0x02, 0x76, 0x01, 0x28, 0x02, 0xc6, 0x00, 0x0b,
  0x00, 0x17, 0x00, 0x00, 0x01, 0x22, 0x26, 0x35, 0x34, 0x36, 0x33, 0x32,
  0x16, 0x15, 0x14, 0x06, 0x21, 0x22, 0x26, 0x35, 0x34, 0x36, 0x33, 0x32,
  0x16, 0x15, 0x14, 0x06, 0x01, 0x00, 0x10, 0x18, 0x18, 0x10, 0x11, 0x17,
  0x17, 0xfe, 0xfd, 0x10, 0x18, 0x18, 0x10, 0x11, 0x17, 0x17, 0x02, 0x76,
  0x18, 0x10, 0x11, 0x17, 0x17, 0x11, 0x10, 0x18, 0x18, 0x10, 0x11, 0x17,
  0x17, 0x11, 0x10, 0x18, 0x00, 0x01, 0x00, 0x00, 0x02, 0x76, 0x00, 0x50,
  0x02, 0xc6, 0x00, 0x0b, 0x00, 0x00, 0x13, 0x22, 0x26, 0x35, 0x34, 0x36,
  0x33, 0x32, 0x16, 0x15, 0x14, 0x06, 0x28, 0x10, 0x18, 0x18, 0x10, 0x11,
  0x17, 0x17, 0x02, 0x76, 0x18, 0x10, 0x11, 0x17, 0x17, 0x11, 0x10, 0x18,
  0x00, 0x01, 0x00, 0x92, 0x02, 0x3e, 0x01, 0x60, 0x02, 0xbd, 0x00, 0x03,
  0x00, 0x00, 0x01, 0x27, 0x33, 0x17, 0x01, 0x14, 0x82, 0x55, 0x79, 0x02,
  0x3e, 0x7f, 0x7f, 0x00, 0x00, 0x01, 0x00, 0xe3, 0x02, 0x3e, 0x01, 0xaf,
  0x02, 0xbc, 0x00, 0x03, 0x00, 0x00, 0x13, 0x37, 0x33, 0x07, 0xe3, 0x77,
  0x55, 0x80, 0x02, 0x3e, 0x7e, 0x7e, 0x00, 0x02, 0x00, 0x00, 0x02, 0x3e,
  0x01, 0x66, 0x02, 0xbc, 0x00, 0x03, 0x00, 0x07, 0x00, 0x00, 0x13, 0x37,
  0x33, 0x07, 0x23, 0x37, 0x33, 0x07, 0xaa, 0x63, 0x59, 0x6c, 0xfa, 0x63,
  0x59, 0x6c, 0x02, 0x3e, 0x7e, 0x7e, 0x7e, 0x7e, 0x00, 0x01, 0x00, 0x17,
  0x02, 0x0f, 0x00, 0x95, 0x02, 0xbb, 0x00, 0x03, 0x00, 0x00, 0x13, 0x37,
  0x33, 0x07, 0x17, 0x37, 0x47, 0x46, 0x02, 0x0f, 0xac, 0xac, 0x00, 0x02,
  0x00, 0x00, 0x02, 0x4a, 0x01, 0x45, 0x02, 0xc8, 0x00, 0x04, 0x00, 0x09,
  0x00, 0x00, 0x13, 0x27, 0x35, 0x33, 0x17, 0x21, 0x37, 0x33, 0x15, 0x07,
  0xf9, 0x80, 0x54, 0x78, 0xfe, 0xbb, 0x78, 0x54, 0x80, 0x02, 0x4a, 0x7d,
  0x01, 0x7e, 0x7e, 0x01, 0x7d, 0x00, 0x00, 0x02, 0x00, 0x00, 0x02, 0x3e,
  0x01, 0x45, 0x02, 0xbc, 0x00, 0x04, 0x00, 0x09, 0x00, 0x00, 0x13, 0x35,
  0x37, 0x33, 0x07, 0x23, 0x27, 0x33, 0x17, 0x15, 0x7d, 0x7a, 0x4e, 0x78,
  0x55, 0x78, 0x4e, 0x7a, 0x02, 0x3e, 0x01, 0x7d, 0x7e, 0x7e, 0x7d, 0x01,
  0x00, 0x01, 0x00, 0x00, 0x02, 0x39, 0x01, 0x45, 0x02, 0xbc, 0x00, 0x0f,
  0x00, 0x00, 0x13, 0x22, 0x26, 0x26, 0x35, 0x33, 0x14, 0x16, 0x33, 0x32,
  0x36, 0x35, 0x33, 0x14, 0x06, 0x06, 0xa3, 0x2f, 0x4a, 0x2a, 0x3c, 0x3a,
  0x2d, 0x2d, 0x39, 0x3c, 0x29, 0x49, 0x02, 0x39, 0x21, 0x3c, 0x26, 0x22,
  0x2b, 0x2b, 0x22, 0x26, 0x3c, 0x21, 0x00, 0x02, 0x00, 0x32, 0x02, 0x34,
  0x00, 0xe1, 0x02, 0xdf, 0x00, 0x0f, 0x00, 0x17, 0x00, 0x00, 0x13, 0x22,
  0x26, 0x26, 0x35, 0x34, 0x36, 0x36, 0x33, 0x32, 0x16, 0x16, 0x15, 0x14,
  0x06, 0x06, 0x27, 0x32, 0x35, 0x34, 0x23, 0x22, 0x15, 0x14, 0x8a, 0x18,
  0x28, 0x18, 0x18, 0x28, 0x18, 0x18, 0x28, 0x17, 0x17, 0x28, 0x18, 0x25,
  0x25, 0x26, 0x02, 0x34, 0x17, 0x27, 0x17, 0x18, 0x27, 0x17, 0x17, 0x27,
  0x18, 0x17, 0x27, 0x17, 0x2e, 0x27, 0x28, 0x28, 0x27, 0x00, 0x00, 0x01,
  0x00, 0x75, 0x02, 0x3c, 0x01, 0xa6, 0x02, 0xbc, 0x00, 0x18, 0x00, 0x00,
  0x01, 0x22, 0x2e, 0x02, 0x23, 0x22, 0x06, 0x07, 0x23, 0x3e, 0x02, 0x33,
  0x32, 0x1e, 0x02, 0x33, 0x32, 0x36, 0x37, 0x33, 0x06, 0x06, 0x01, 0x49,
  0x1b, 0x23, 0x17, 0x14, 0x0c, 0x12, 0x11, 0x05, 0x37, 0x02, 0x18, 0x2a,
  0x1b, 0x19, 0x20, 0x18, 0x16, 0x0e, 0x12, 0x11, 0x03, 0x37, 0x04, 0x30,
  0x02, 0x3c, 0x16, 0x1c, 0x16, 0x11, 0x14, 0x16, 0x2b, 0x1c, 0x16, 0x1c,
  0x16, 0x13, 0x13, 0x22, 0x3c, 0x00, 0x00, 0x01, 0x00, 0x00, 0x02, 0x44,
  0x01, 0x2c, 0x02, 0x7d, 0x00, 0x03, 0x00, 0x00, 0x11, 0x35, 0x21, 0x15,
  0x01, 0x2c, 0x02, 0x44, 0x39, 0x39, 0x00, 0x01, 0x00, 0x00, 0x02, 0x48,
  0x00, 0x7e, 0x02, 0xc9, 0x00, 0x03, 0x00, 0x00, 0x13, 0x07, 0x23, 0x37,
  0x7e, 0x37, 0x47, 0x46, 0x02, 0xc9, 0x81, 0x81, 0x00, 0x01, 0x00, 0x09,
  0xff, 0x38, 0x00, 0x7e, 0xff, 0xc0, 0x00, 0x03, 0x00, 0x00, 0x17, 0x37,
  0x33, 0x07, 0x09, 0x2e, 0x47, 0x3d, 0xc8, 0x88, 0x88, 0x00, 0x00, 0x01,
  0x00, 0xaf, 0xff, 0x2e, 0x01, 0x69, 0x00, 0x06, 0x00, 0x15, 0x00, 0x00,
  0x05, 0x22, 0x26, 0x27, 0x37, 0x16, 0x16, 0x33, 0x32, 0x36, 0x35, 0x34,
  0x26, 0x27, 0x37, 0x17, 0x07, 0x16, 0x16, 0x15, 0x14, 0x06, 0x01, 0x0e,
  0x12, 0x2c, 0x21, 0x13, 0x10, 0x24, 0x10, 0x12, 0x1f, 0x27, 0x29, 0x1d,
  0x2d, 0x0b, 0x26, 0x1d, 0x29, 0xd2, 0x09, 0x11, 0x2b, 0x08, 0x0f, 0x0f,
  0x18, 0x1c, 0x1b, 0x07, 0x45, 0x0e, 0x19, 0x0e, 0x2f, 0x1a, 0x25, 0x35,
  0x00, 0x01, 0x00, 0x28, 0xff, 0x2c, 0x00, 0xd5, 0x00, 0x0c, 0x00, 0x14,
  0x00, 0x00, 0x17, 0x22, 0x26, 0x26, 0x35, 0x34, 0x36, 0x37, 0x17, 0x06,
  0x06, 0x15, 0x14, 0x16, 0x33, 0x32, 0x36, 0x37, 0x17, 0x06, 0x06, 0x92,
  0x21, 0x30, 0x19, 0x41, 0x29, 0x32, 0x23, 0x3d, 0x15, 0x13, 0x13, 0x1e,
  0x05, 0x13, 0x0d, 0x22, 0xd4, 0x14, 0x27, 0x1d, 0x26, 0x44, 0x1e, 0x0c,
  0x1a, 0x3d, 0x25, 0x10, 0x11, 0x09, 0x02, 0x2e, 0x09, 0x0b, 0x00, 0x01,
  0x00, 0x10, 0xff, 0x2c, 0x00, 0xd5, 0x00, 0x22, 0x00, 0x16, 0x00, 0x00,
  0x17, 0x22, 0x26, 0x26, 0x35, 0x34, 0x36, 0x36, 0x37, 0x17, 0x0e, 0x02,
  0x15, 0x14, 0x16, 0x33, 0x32, 0x36, 0x37, 0x17, 0x06, 0x06, 0x86, 0x25,
  0x35, 0x1c, 0x1b, 0x32, 0x23, 0x10, 0x18, 0x1e, 0x0e, 0x1b, 0x18, 0x12,
  0x24, 0x0d, 0x13, 0x12, 0x29, 0xd4, 0x15, 0x27, 0x1b, 0x20, 0x3a, 0x33,
  0x12, 0x01, 0x14, 0x2f, 0x31, 0x17, 0x18, 0x1b, 0x06, 0x05, 0x2e, 0x0a,
  0x0a, 0x00, 0x00, 0x01, 0x00, 0x19, 0x02, 0x44, 0x01, 0x13, 0x02, 0x7d,
  0x00, 0x03, 0x00, 0x00, 0x13, 0x35, 0x33, 0x15, 0x19, 0xfa, 0x02, 0x44,
  0x39, 0x39, 0xff, 0xff, 0x00, 0x32, 0x02, 0x76, 0x01, 0x74, 0x02, 0xc6,
  0x00, 0x06, 0x01, 0xaa, 0x4c, 0x00, 0xff, 0xff, 0x00, 0x00, 0x02, 0x76,
  0x00, 0x50, 0x02, 0xc6, 0x00, 0x06, 0x01, 0xab, 0x00, 0x00, 0xff, 0xff,
  0x00, 0x00, 0x02, 0x3e, 0x00, 0xce, 0x02, 0xbd, 0x00, 0x07, 0x01, 0xac,
  0xff, 0x6e, 0x00, 0x00, 0xff, 0xff, 0x00, 0x01, 0x02, 0x3e, 0x00, 0xcd,
  0x02, 0xbc, 0x00, 0x07, 0x01, 0xad, 0xff, 0x1e, 0x00, 0x00, 0xff, 0xff,
  0x00, 0x0a, 0x02, 0x3e, 0x01, 0x70, 0x02, 0xbc, 0x00, 0x06, 0x01, 0xae,
  0x0a, 0x00, 0xff, 0xff, 0x00, 0x0a, 0x02, 0x4a, 0x01, 0x4f, 0x02, 0xc8,
  0x00, 0x06, 0x01, 0xb0, 0x0a, 0x00, 0xff, 0xff, 0x00, 0x0a, 0x02, 0x3e,
  0x01, 0x4f, 0x02, 0xbc, 0x00, 0x06, 0x01, 0xb1, 0x0a, 0x00, 0xff, 0xff,
  0x00, 0x00, 0x02, 0x39, 0x01, 0x45, 0x02, 0xbc, 0x00, 0x06, 0x01, 0xb2,
  0x00, 0x00, 0x00, 0x02, 0x00, 0x32, 0x02, 0x34, 0x00, 0xe1, 0x02, 0xdf,
  0x00, 0x0f, 0x00, 0x17, 0x00, 0x00, 0x13, 0x22, 0x26, 0x26, 0x35, 0x34,
  0x36, 0x36, 0x33, 0x32, 0x16, 0x16, 0x15, 0x14, 0x06, 0x06, 0x27, 0x32,
  0x35, 0x34, 0x23, 0x22, 0x15, 0x14, 0x8a, 0x18, 0x28, 0x18, 0x18, 0x28,
  0x18, 0x18, 0x28, 0x17, 0x17, 0x28, 0x18, 0x25, 0x25, 0x26, 0x02, 0x34,
  0x17, 0x27, 0x17, 0x18, 0x27, 0x17, 0x17, 0x27, 0x18, 0x17, 0x27, 0x17,
  0x2e, 0x27, 0x28, 0x28, 0x27, 0x00, 0xff, 0xff, 0x00, 0x0a, 0x02, 0x3c,
  0x01, 0x3b, 0x02, 0xbc, 0x00, 0x06, 0x01, 0xb4, 0x95, 0x00, 0xff, 0xff,
  0x00, 0x00, 0x02, 0x44, 0x01, 0x2c, 0x02, 0x7d, 0x00, 0x06, 0x01, 0xb5,
  0x00, 0x00, 0xff, 0xff, 0x00, 0x0a, 0xff, 0x2e, 0x00, 0xc4, 0x00, 0x06,
  0x00, 0x07, 0x01, 0xb8, 0xff, 0x5b, 0x00, 0x00, 0xff, 0xff, 0x00, 0x28,
  0xff, 0x2c, 0x00, 0xd5, 0x00, 0x0c, 0x00, 0x06, 0x01, 0xb9, 0x00, 0x00,
  0x00, 0x03, 0x00, 0x37, 0xff, 0x99, 0x02, 0x00, 0x03, 0x0c, 0x00, 0x2b,
  0x00, 0x2f, 0x00, 0x33, 0x00, 0x00, 0x25, 0x22, 0x26, 0x26, 0x27, 0x37,
  0x16, 0x16, 0x33, 0x32, 0x36, 0x35, 0x34, 0x26, 0x27, 0x27, 0x2e, 0x02,
  0x35, 0x34, 0x36, 0x33, 0x32, 0x16, 0x16, 0x17, 0x07, 0x26, 0x26, 0x23,
  0x22, 0x06, 0x15, 0x14, 0x16, 0x17, 0x17, 0x16, 0x16, 0x15, 0x14, 0x06,
  0x06, 0x07, 0x35, 0x33, 0x15, 0x03, 0x35, 0x33, 0x15, 0x01, 0x26, 0x47,
  0x61, 0x3a, 0x0d, 0x38, 0x10, 0x58, 0x40, 0x50, 0x59, 0x53, 0x41, 0x3f,
  0x2a, 0x47, 0x2a, 0x6d, 0x68, 0x3e, 0x59, 0x37, 0x09, 0x39, 0x13, 0x58,
  0x3d, 0x40, 0x4b, 0x3a, 0x2f, 0x41, 0x5f, 0x65, 0x31, 0x60, 0x66, 0x3b,
  0x3b, 0x3b, 0x17, 0x27, 0x40, 0x23, 0x16, 0x29, 0x3d, 0x3e, 0x32, 0x30,
  0x3c, 0x10, 0x10, 0x0b, 0x2a, 0x41, 0x2f, 0x54, 0x5f, 0x2a, 0x3f, 0x1f,
  0x17, 0x2f, 0x36, 0x3e, 0x34, 0x31, 0x32, 0x0b, 0x0f, 0x16, 0x66, 0x38,
  0x30, 0x50, 0x31, 0x7e, 0x8c, 0x8c, 0x02, 0xe7, 0x8c, 0x8c, 0x00, 0x00
};
int figtree_ttf_len = 62412;
