unsigned char hooge_05_53_ttf[] = {
  0x00, 0x01, 0x00, 0x00, 0x00, 0x0e, 0x00, 0x30, 0x00, 0x03, 0x00, 0xb0,
  0x4f, 0x53, 0x2f, 0x32, 0x82, 0xf6, 0x40, 0x68, 0x00, 0x00, 0xbe, 0x6c,
  0x00, 0x00, 0x00, 0x4e, 0x63, 0x6d, 0x61, 0x70, 0x05, 0xb4, 0x1c, 0x95,
  0x00, 0x00, 0xaa, 0x70, 0x00, 0x00, 0x04, 0x74, 0x63, 0x76, 0x74, 0x20,
  0xd2, 0x7d, 0x14, 0xa8, 0x00, 0x00, 0x03, 0xf4, 0x00, 0x00, 0x05, 0x5e,
  0x66, 0x70, 0x67, 0x6d, 0x83, 0x33, 0xc2, 0x4f, 0x00, 0x00, 0x03, 0xe0,
  0x00, 0x00, 0x00, 0x14, 0x67, 0x6c, 0x79, 0x66, 0xfb, 0x0e, 0x74, 0x78,
  0x00, 0x00, 0x09, 0x94, 0x00, 0x00, 0x97, 0x18, 0x68, 0x64, 0x6d, 0x78,
  0xb0, 0x9c, 0xf3, 0x40, 0x00, 0x00, 0xae, 0xe4, 0x00, 0x00, 0x0f, 0x88,
  0x68, 0x65, 0x61, 0x64, 0xda, 0x7e, 0x4a, 0x8a, 0x00, 0x00, 0xbe, 0xbc,
  0x00, 0x00, 0x00, 0x36, 0x68, 0x68, 0x65, 0x61, 0x0e, 0x2b, 0x0b, 0xb5,
  0x00, 0x00, 0xbe, 0xf4, 0x00, 0x00, 0x00, 0x24, 0x68, 0x6d, 0x74, 0x78,
  0x5e, 0x7d, 0xfd, 0x4b, 0x00, 0x00, 0xa4, 0x88, 0x00, 0x00, 0x03, 0xd8,
  0x6c, 0x6f, 0x63, 0x61, 0x00, 0x44, 0xcd, 0x96, 0x00, 0x00, 0xa0, 0xac,
  0x00, 0x00, 0x03, 0xdc, 0x6d, 0x61, 0x78, 0x70, 0x01, 0x86, 0x01, 0x3d,
  0x00, 0x00, 0xbf, 0x18, 0x00, 0x00, 0x00, 0x20, 0x6e, 0x61, 0x6d, 0x65,
  0xcb, 0xa8, 0xcd, 0x59, 0x00, 0x00, 0x00, 0xec, 0x00, 0x00, 0x02, 0xf1,
  0x70, 0x6f, 0x73, 0x74, 0x3b, 0x87, 0x3b, 0x01, 0x00, 0x00, 0xa8, 0x60,
  0x00, 0x00, 0x02, 0x0e, 0x70, 0x72, 0x65, 0x70, 0x76, 0xc0, 0x1d, 0x58,
  0x00, 0x00, 0x09, 0x54, 0x00, 0x00, 0x00, 0x3e, 0x00, 0x00, 0x00, 0x15,
  0x01, 0x02, 0x00, 0x00, 0x00, 0x00, 0x00, 0x00, 0x00, 0x00, 0x00, 0x60,
  0x00, 0x30, 0x00, 0x00, 0x00, 0x00, 0x00, 0x00, 0x00, 0x01, 0x00, 0x16,
  0x00, 0x9b, 0x00, 0x00, 0x00, 0x00, 0x00, 0x00, 0x00, 0x02, 0x00, 0x0e,
  0x00, 0xb8, 0x00, 0x00, 0x00, 0x00, 0x00, 0x00, 0x00, 0x03, 0x00, 0x52,
  0x01, 0x10, 0x00, 0x00, 0x00, 0x00, 0x00, 0x00, 0x00, 0x04, 0x00, 0x16,
  0x00, 0xd1, 0x00, 0x00, 0x00, 0x00, 0x00, 0x00, 0x00, 0x05, 0x00, 0x4c,
  0x01, 0x88, 0x00, 0x00, 0x00, 0x00, 0x00, 0x00, 0x00, 0x06, 0x00, 0x12,
  0x01, 0xdd, 0x00, 0x01, 0x00, 0x00, 0x00, 0x00, 0x00, 0x00, 0x00, 0x30,
  0x00, 0x00, 0x00, 0x01, 0x00, 0x00, 0x00, 0x00, 0x00, 0x01, 0x00, 0x0b,
  0x00, 0x90, 0x00, 0x01, 0x00, 0x00, 0x00, 0x00, 0x00, 0x02, 0x00, 0x07,
  0x00, 0xb1, 0x00, 0x01, 0x00, 0x00, 0x00, 0x00, 0x00, 0x03, 0x00, 0x29,
  0x00, 0xe7, 0x00, 0x01, 0x00, 0x00, 0x00, 0x00, 0x00, 0x04, 0x00, 0x0b,
  0x00, 0xc6, 0x00, 0x01, 0x00, 0x00, 0x00, 0x00, 0x00, 0x05, 0x00, 0x26,
  0x01, 0x62, 0x00, 0x01, 0x00, 0x00, 0x00, 0x00, 0x00, 0x06, 0x00, 0x09,
  0x01, 0xd4, 0x00, 0x03, 0x00, 0x01, 0x04, 0x09, 0x00, 0x00, 0x00, 0x60,
  0x00, 0x30, 0x00, 0x03, 0x00, 0x01, 0x04, 0x09, 0x00, 0x01, 0x00, 0x16,
  0x00, 0x9b, 0x00, 0x03, 0x00, 0x01, 0x04, 0x09, 0x00, 0x02, 0x00, 0x0e,
  0x00, 0xb8, 0x00, 0x03, 0x00, 0x01, 0x04, 0x09, 0x00, 0x03, 0x00, 0x52,
  0x01, 0x10, 0x00, 0x03, 0x00, 0x01, 0x04, 0x09, 0x00, 0x04, 0x00, 0x16,
  0x00, 0xd1, 0x00, 0x03, 0x00, 0x01, 0x04, 0x09, 0x00, 0x05, 0x00, 0x4c,
  0x01, 0x88, 0x00, 0x03, 0x00, 0x01, 0x04, 0x09, 0x00, 0x06, 0x00, 0x12,
  0x01, 0xdd, 0xa9, 0x32, 0x30, 0x30, 0x32, 0x20, 0x7c, 0x20, 0x77, 0x77,
  0x77, 0x2e, 0x6d, 0x69, 0x6e, 0x69, 0x6d, 0x6c, 0x2e, 0x63, 0x6f, 0x6d,
  0x20, 0x7c, 0x20, 0x64, 0x65, 0x73, 0x69, 0x67, 0x6e, 0x20, 0x62, 0x79,
  0x20, 0x63, 0x72, 0x61, 0x69, 0x67, 0x20, 0x6b, 0x72, 0x6f, 0x65, 0x67,
  0x65, 0x72, 0x00, 0xa9, 0x00, 0x32, 0x00, 0x30, 0x00, 0x30, 0x00, 0x32,
  0x00, 0x20, 0x00, 0x7c, 0x00, 0x20, 0x00, 0x77, 0x00, 0x77, 0x00, 0x77,
  0x00, 0x2e, 0x00, 0x6d, 0x00, 0x69, 0x00, 0x6e, 0x00, 0x69, 0x00, 0x6d,
  0x00, 0x6c, 0x00, 0x2e, 0x00, 0x63, 0x00, 0x6f, 0x00, 0x6d, 0x00, 0x20,
  0x00, 0x7c, 0x00, 0x20, 0x00, 0x64, 0x00, 0x65, 0x00, 0x73, 0x00, 0x69,
  0x00, 0x67, 0x00, 0x6e, 0x00, 0x20, 0x00, 0x62, 0x00, 0x79, 0x00, 0x20,
  0x00, 0x63, 0x00, 0x72, 0x00, 0x61, 0x00, 0x69, 0x00, 0x67, 0x00, 0x20,
  0x00, 0x6b, 0x00, 0x72, 0x00, 0x6f, 0x00, 0x65, 0x00, 0x67, 0x00, 0x65,
  0x00, 0x72, 0x68, 0x6f, 0x6f, 0x67, 0x65, 0x20, 0x30, 0x35, 0x5f, 0x35,
  0x33, 0x00, 0x68, 0x00, 0x6f, 0x00, 0x6f, 0x00, 0x67, 0x00, 0x65, 0x00,
  0x20, 0x00, 0x30, 0x00, 0x35, 0x00, 0x5f, 0x00, 0x35, 0x00, 0x33, 0x52,
  0x65, 0x67, 0x75, 0x6c, 0x61, 0x72, 0x00, 0x52, 0x00, 0x65, 0x00, 0x67,
  0x00, 0x75, 0x00, 0x6c, 0x00, 0x61, 0x00, 0x72, 0x68, 0x6f, 0x6f, 0x67,
  0x65, 0x20, 0x30, 0x35, 0x5f, 0x35, 0x33, 0x00, 0x68, 0x00, 0x6f, 0x00,
  0x6f, 0x00, 0x67, 0x00, 0x65, 0x00, 0x20, 0x00, 0x30, 0x00, 0x35, 0x00,
  0x5f, 0x00, 0x35, 0x00, 0x33, 0x4d, 0x61, 0x63, 0x72, 0x6f, 0x6d, 0x65,
  0x64, 0x69, 0x61, 0x20, 0x46, 0x6f, 0x6e, 0x74, 0x6f, 0x67, 0x72, 0x61,
  0x70, 0x68, 0x65, 0x72, 0x20, 0x34, 0x2e, 0x31, 0x2e, 0x34, 0x20, 0x68,
  0x6f, 0x6f, 0x67, 0x65, 0x20, 0x30, 0x35, 0x5f, 0x35, 0x33, 0x00, 0x4d,
  0x00, 0x61, 0x00, 0x63, 0x00, 0x72, 0x00, 0x6f, 0x00, 0x6d, 0x00, 0x65,
  0x00, 0x64, 0x00, 0x69, 0x00, 0x61, 0x00, 0x20, 0x00, 0x46, 0x00, 0x6f,
  0x00, 0x6e, 0x00, 0x74, 0x00, 0x6f, 0x00, 0x67, 0x00, 0x72, 0x00, 0x61,
  0x00, 0x70, 0x00, 0x68, 0x00, 0x65, 0x00, 0x72, 0x00, 0x20, 0x00, 0x34,
  0x00, 0x2e, 0x00, 0x31, 0x00, 0x2e, 0x00, 0x34, 0x00, 0x20, 0x00, 0x68,
  0x00, 0x6f, 0x00, 0x6f, 0x00, 0x67, 0x00, 0x65, 0x00, 0x20, 0x00, 0x30,
  0x00, 0x35, 0x00, 0x5f, 0x00, 0x35, 0x00, 0x33, 0x4d, 0x61, 0x63, 0x72,
  0x6f, 0x6d, 0x65, 0x64, 0x69, 0x61, 0x20, 0x46, 0x6f, 0x6e, 0x74, 0x6f,
  0x67, 0x72, 0x61, 0x70, 0x68, 0x65, 0x72, 0x20, 0x34, 0x2e, 0x31, 0x2e,
  0x34, 0x20, 0x31, 0x32, 0x2f, 0x33, 0x31, 0x2f, 0x30, 0x31, 0x00, 0x4d,
  0x00, 0x61, 0x00, 0x63, 0x00, 0x72, 0x00, 0x6f, 0x00, 0x6d, 0x00, 0x65,
  0x00, 0x64, 0x00, 0x69, 0x00, 0x61, 0x00, 0x20, 0x00, 0x46, 0x00, 0x6f,
  0x00, 0x6e, 0x00, 0x74, 0x00, 0x6f, 0x00, 0x67, 0x00, 0x72, 0x00, 0x61,
  0x00, 0x70, 0x00, 0x68, 0x00, 0x65, 0x00, 0x72, 0x00, 0x20, 0x00, 0x34,
  0x00, 0x2e, 0x00, 0x31, 0x00, 0x2e, 0x00, 0x34, 0x00, 0x20, 0x00, 0x31,
  0x00, 0x32, 0x00, 0x2f, 0x00, 0x33, 0x00, 0x31, 0x00, 0x2f, 0x00, 0x30,
  0x00, 0x31, 0x48, 0x6f, 0x6f, 0x67, 0x65, 0x30, 0x35, 0x35, 0x33, 0x00,
  0x48, 0x00, 0x6f, 0x00, 0x6f, 0x00, 0x67, 0x00, 0x65, 0x00, 0x30, 0x00,
  0x35, 0x00, 0x35, 0x00, 0x33, 0x00, 0x00, 0x00, 0x40, 0x01, 0x00, 0x2c,
  0x76, 0x45, 0x20, 0xb0, 0x03, 0x25, 0x45, 0x23, 0x61, 0x68, 0x18, 0x23,
  0x68, 0x60, 0x44, 0x2d, 0xff, 0x06, 0x00, 0x00, 0x01, 0xf4, 0x02, 0x71,
  0x00, 0x7d, 0x00, 0xfa, 0x00, 0x7c, 0x00, 0xfa, 0x01, 0x77, 0x01, 0x77,
  0x7c, 0xbb, 0x49, 0x89, 0x86, 0xd8, 0xc9, 0x07, 0x47, 0x26, 0x3a, 0xcd,
  0xff, 0x2d, 0xcd, 0x0d, 0x14, 0x02, 0x24, 0xfb, 0xf3, 0x23, 0x37, 0x03,
  0x12, 0x05, 0x33, 0xe7, 0xbf, 0xcd, 0x60, 0x5c, 0x09, 0xf0, 0xa3, 0x61,
  0x5f, 0x49, 0xa7, 0x89, 0xf2, 0x87, 0x92, 0x63, 0x05, 0xe8, 0xb0, 0xd4,
  0x1b, 0x81, 0x69, 0xe1, 0xbe, 0x30, 0x9e, 0x4e, 0xfe, 0xd9, 0x88, 0x52,
  0x58, 0xf1, 0xcc, 0x67, 0x67, 0x1a, 0x1b, 0xca, 0x87, 0x7d, 0x2a, 0xa1,
  0xc8, 0x81, 0x40, 0xae, 0xc8, 0x5e, 0x7e, 0xbe, 0x0d, 0xd7, 0x88, 0x42,
  0x4c, 0xa1, 0xac, 0xd4, 0xd8, 0x4a, 0x56, 0xfb, 0xe6, 0x97, 0x62, 0x14,
  0x4c, 0xb5, 0xeb, 0x69, 0xcb, 0x49, 0x57, 0xa9, 0xc3, 0xcc, 0x7f, 0x67,
  0x18, 0x19, 0xc6, 0x87, 0x7e, 0x67, 0xe3, 0x15, 0x82, 0xb0, 0x22, 0x62,
  0xc7, 0x10, 0x78, 0xb1, 0xe0, 0x5c, 0x9c, 0x9e, 0x60, 0x9e, 0x55, 0xac,
  0xa2, 0xe5, 0xed, 0x20, 0xa3, 0x4b, 0x56, 0xee, 0x92, 0xd0, 0xd1, 0x30,
  0x30, 0x7f, 0x48, 0x18, 0x96, 0xc6, 0xd3, 0x26, 0x3e, 0x60, 0x2f, 0x02,
  0xdb, 0xe0, 0x04, 0x79, 0x2d, 0xef, 0xc4, 0x82, 0x7b, 0x7c, 0xbb, 0x5c,
  0x9e, 0xd2, 0x8f, 0x9e, 0x39, 0x3d, 0xdc, 0xfb, 0x3e, 0x52, 0x0d, 0x94,
  0x41, 0xe5, 0x82, 0x79, 0xe2, 0xf6, 0x95, 0x8f, 0x74, 0x02, 0xe1, 0xb2,
  0x9b, 0x27, 0x37, 0x99, 0xa4, 0x8a, 0x46, 0x74, 0xe4, 0x54, 0x64, 0xfb,
  0xec, 0x6d, 0x9a, 0x51, 0x11, 0xf8, 0xaf, 0x9f, 0x70, 0x72, 0x50, 0xe1,
  0xe5, 0x95, 0x72, 0x0c, 0x0a, 0xa2, 0x8e, 0x49, 0x70, 0xc2, 0x17, 0x3c,
  0xef, 0x1c, 0x73, 0x7c, 0xef, 0x19, 0x9c, 0x88, 0x04, 0x24, 0xea, 0xda,
  0x92, 0x3a, 0x07, 0x48, 0xa6, 0xc5, 0x4e, 0x35, 0xfb, 0x47, 0x94, 0xc2,
  0x0c, 0x69, 0xa0, 0x71, 0x44, 0x71, 0x71, 0x43, 0x4e, 0x96, 0x90, 0xfd,
  0x9e, 0x9c, 0x72, 0x3b, 0xb6, 0xe3, 0xf4, 0xee, 0xca, 0xd0, 0x0e, 0x5f,
  0x22, 0x38, 0xf8, 0xe6, 0xc8, 0xc6, 0x14, 0x40, 0x39, 0x22, 0xb1, 0x80,
  0x19, 0x99, 0x33, 0x0f, 0xaa, 0xa2, 0x41, 0x11, 0xac, 0x5e, 0xee, 0x85,
  0xa0, 0xaa, 0x49, 0x5d, 0xd2, 0xf8, 0x2f, 0x22, 0xe6, 0x10, 0xc8, 0x64,
  0x19, 0xa4, 0x25, 0x84, 0xa2, 0xb3, 0x3a, 0x15, 0xa9, 0x00, 0x5f, 0xbb,
  0xcd, 0x57, 0x23, 0xc4, 0x53, 0x67, 0x8b, 0x0b, 0xeb, 0x83, 0x83, 0x0a,
  0x35, 0xb8, 0xea, 0x33, 0x83, 0xc9, 0x31, 0x0d, 0x94, 0x6d, 0x8b, 0x18,
  0x3f, 0x96, 0xa9, 0x26, 0x45, 0xa3, 0xe5, 0x0b, 0x66, 0x2d, 0x58, 0x89,
  0xb8, 0x95, 0x99, 0x01, 0xbc, 0xba, 0x56, 0x5b, 0xc6, 0x83, 0x74, 0xba,
  0x59, 0x5f, 0xeb, 0xfe, 0x65, 0x67, 0x55, 0x0c, 0xe7, 0xbd, 0x6d, 0x26,
  0x08, 0xda, 0xd3, 0x1a, 0xe6, 0x28, 0x3f, 0x79, 0x1f, 0xa4, 0x11, 0xc7,
  0xc3, 0x62, 0x21, 0x4c, 0x67, 0xac, 0xa2, 0xe3, 0xde, 0x9c, 0x25, 0x42,
  0x6d, 0xa2, 0xa8, 0xe4, 0xdd, 0x86, 0x56, 0x6c, 0xb6, 0xfd, 0xdf, 0x93,
  0x49, 0x06, 0xe5, 0xf5, 0xc3, 0x32, 0x0b, 0x19, 0x05, 0x0e, 0xed, 0xb9,
  0x6d, 0x5c, 0x4b, 0xbe, 0x02, 0x8c, 0x64, 0xc0, 0xb4, 0x00, 0xca, 0x60,
  0x45, 0x17, 0xde, 0xf9, 0x4c, 0x6c, 0xe0, 0x07, 0x91, 0xbb, 0x44, 0x20,
  0xf7, 0xcb, 0x28, 0x6f, 0x08, 0xff, 0x27, 0x96, 0xd6, 0x1c, 0x06, 0xaf,
  0x2e, 0x35, 0xd5, 0xe9, 0x38, 0xc9, 0x2e, 0x7c, 0xdc, 0x0a, 0x75, 0x82,
  0xea, 0x07, 0x81, 0xe7, 0x0a, 0x81, 0xf5, 0x75, 0xd5, 0xf9, 0x36, 0x65,
  0x53, 0x16, 0xf2, 0xbf, 0x6b, 0x1f, 0x11, 0x26, 0xf5, 0xbb, 0x84, 0x5a,
  0x01, 0xfb, 0xf2, 0x68, 0x80, 0x01, 0x01, 0xba, 0xaf, 0x36, 0x2f, 0xb6,
  0x1a, 0x84, 0x53, 0xdd, 0xbc, 0x38, 0xf2, 0x23, 0x67, 0xc6, 0x42, 0x28,
  0x80, 0x08, 0xc1, 0x07, 0x7b, 0xf0, 0x41, 0xde, 0x82, 0x3e, 0xcf, 0x78,
  0x60, 0xea, 0x0a, 0xc8, 0xd3, 0x44, 0x7c, 0xfb, 0xe4, 0x66, 0xca, 0x58,
  0x32, 0xb5, 0x77, 0xf0, 0x57, 0xdf, 0xd6, 0x70, 0x92, 0xe7, 0x39, 0x92,
  0x84, 0x7c, 0x51, 0x4e, 0x91, 0x9e, 0xe0, 0xfe, 0x7e, 0xde, 0x08, 0x69,
  0x81, 0xbb, 0x00, 0xaa, 0xb5, 0x45, 0x24, 0xf9, 0x99, 0x62, 0x8a, 0x09,
  0x74, 0xad, 0x55, 0x3d, 0xfa, 0xd4, 0x6b, 0x52, 0x53, 0xe9, 0xfd, 0x77,
  0x98, 0xa7, 0x4f, 0x87, 0xe2, 0xb2, 0x91, 0x48, 0x00, 0xc0, 0xbf, 0x45,
  0x4c, 0xa5, 0xdd, 0xc3, 0x02, 0x33, 0x62, 0x3f, 0x42, 0xdb, 0xe6, 0x50,
  0x81, 0xf1, 0x3f, 0xdd, 0xa2, 0x64, 0x02, 0xf5, 0x30, 0x98, 0xdc, 0x3d,
  0x3e, 0xaa, 0x4d, 0x43, 0xd4, 0xfc, 0x72, 0x70, 0x7c, 0x74, 0x49, 0x46,
  0x86, 0x93, 0xc8, 0xfe, 0x47, 0x61, 0x3a, 0x04, 0xfe, 0xe6, 0xcc, 0xc6,
  0x14, 0x49, 0x24, 0x32, 0xf2, 0x9c, 0x36, 0xfc, 0x13, 0xba, 0x33, 0x2c,
  0xbf, 0x8a, 0x1f, 0x82, 0x0f, 0x3d, 0xa8, 0xa4, 0x17, 0x16, 0x6f, 0x7b,
  0xba, 0xb0, 0xe4, 0x93, 0xaa, 0xb4, 0x47, 0x23, 0xc4, 0xd6, 0x31, 0x38,
  0xec, 0x0a, 0xde, 0x5a, 0x2f, 0xba, 0x33, 0x9a, 0xbc, 0xad, 0x34, 0x7f,
  0xd7, 0x16, 0x49, 0x81, 0xfb, 0x3d, 0x2d, 0xde, 0x5d, 0x4d, 0x81, 0xf1,
  0xe2, 0x79, 0x8d, 0x10, 0x3f, 0x96, 0xe0, 0x25, 0x89, 0xb3, 0x2f, 0x63,
  0x82, 0x43, 0xb1, 0xf6, 0x25, 0x8c, 0xdf, 0x1c, 0x73, 0xb9, 0xff, 0x61,
  0x90, 0x07, 0x4e, 0xff, 0xae, 0x83, 0x8f, 0x1f, 0xaa, 0xac, 0x5c, 0x35,
  0xf0, 0x99, 0x6e, 0xa0, 0x4f, 0x31, 0xfd, 0xd4, 0x6b, 0x71, 0x4b, 0x16,
  0xf9, 0x87, 0x9b, 0x30, 0x06, 0xcc, 0xc9, 0x30, 0xfc, 0x02, 0xc9, 0x57,
  0x15, 0xb2, 0x1b, 0xdd, 0xc9, 0x78, 0x2b, 0xa2, 0x79, 0x82, 0x58, 0x8d,
  0xd1, 0x76, 0x2f, 0x58, 0x7b, 0xb8, 0xa6, 0xfe, 0xc7, 0x90, 0x6c, 0x56,
  0xac, 0xcb, 0xc4, 0x7d, 0x7f, 0xec, 0x13, 0xc3, 0xd9, 0x2f, 0x01, 0x6a,
  0x0f, 0x1b, 0xfb, 0x8a, 0x67, 0x29, 0x5d, 0x91, 0x08, 0xe3, 0x7b, 0x33,
  0x4a, 0x13, 0xd0, 0x73, 0x5f, 0x04, 0xe8, 0xc4, 0x7a, 0x71, 0xea, 0xe8,
  0x9f, 0x86, 0x4e, 0x35, 0xe1, 0xd4, 0xde, 0x5a, 0x3e, 0xc6, 0x5a, 0x75,
  0xcd, 0x1e, 0x63, 0xc0, 0x1e, 0x79, 0xfe, 0x1a, 0x8c, 0xbd, 0x18, 0x5a,
  0xfa, 0xcf, 0x89, 0x60, 0x08, 0x19, 0xb7, 0x97, 0x38, 0x57, 0x0d, 0x65,
  0x5a, 0xbc, 0x84, 0x9b, 0x8a, 0x82, 0x7e, 0x21, 0xba, 0x89, 0x88, 0xe9,
  0xc9, 0xa6, 0x60, 0x5f, 0xbe, 0xbf, 0x8a, 0x9f, 0xd7, 0x99, 0x77, 0x4b,
  0xf3, 0xa9, 0xdb, 0xa0, 0x75, 0x54, 0xec, 0xc5, 0x83, 0x35, 0x6b, 0x0d,
  0xa6, 0x58, 0x8d, 0x82, 0xc8, 0x8c, 0x7c, 0x64, 0xeb, 0xe7, 0x8e, 0xdd,
  0x71, 0x88, 0x43, 0xfa, 0x93, 0xcb, 0xf4, 0x57, 0xd4, 0xd0, 0x62, 0x69,
  0xa2, 0xf8, 0xd2, 0x6c, 0x4d, 0x1d, 0xe1, 0xf3, 0x99, 0x64, 0x30, 0x5a,
  0xb6, 0xba, 0x22, 0xdf, 0xd8, 0x76, 0x79, 0xe6, 0xa5, 0x94, 0xdf, 0x78,
  0x7c, 0x0a, 0xe3, 0x83, 0x83, 0x73, 0x20, 0x01, 0xd9, 0x80, 0x41, 0x2f,
  0xff, 0xaf, 0xff, 0xaf, 0xca, 0x9d, 0x03, 0xd4, 0x4c, 0x33, 0xc2, 0x5a,
  0xb7, 0xf9, 0x72, 0x21, 0xb0, 0x01, 0x91, 0x0e, 0xab, 0xf7, 0x71, 0xd7,
  0xb2, 0x37, 0x9f, 0x71, 0xb0, 0x13, 0x3a, 0xd1, 0xe3, 0x48, 0x8a, 0xfc,
  0x24, 0x6d, 0xda, 0x4d, 0x12, 0xb5, 0x7f, 0xf0, 0x48, 0xda, 0x92, 0x54,
  0xb3, 0x1c, 0x22, 0xbf, 0xd0, 0x05, 0x3a, 0xd0, 0x09, 0x12, 0x5d, 0x63,
  0xbd, 0xff, 0x9d, 0x88, 0xa9, 0x01, 0x7b, 0x80, 0xed, 0x34, 0x84, 0xa5,
  0x3b, 0x1b, 0xa0, 0x0c, 0x4b, 0xf2, 0xef, 0xd2, 0x74, 0x77, 0x07, 0x1e,
  0x80, 0x8e, 0x6f, 0x2c, 0x16, 0x90, 0x8b, 0xa2, 0x2d, 0x2b, 0xca, 0x8b,
  0x7f, 0xb9, 0xef, 0x58, 0x88, 0xc7, 0x25, 0x07, 0xc9, 0x07, 0xfc, 0x35,
  0xc9, 0x0c, 0x15, 0x4b, 0x1b, 0xf2, 0xce, 0x91, 0x2b, 0x79, 0x79, 0x59,
  0x58, 0xd6, 0xd0, 0x8f, 0x2f, 0x6f, 0x7b, 0x4f, 0xa6, 0xc9, 0xc7, 0xbb,
  0x6c, 0x79, 0xac, 0x15, 0xc3, 0x8a, 0x7b, 0x31, 0xa3, 0x89, 0x9b, 0xc4,
  0xe9, 0x21, 0x31, 0x68, 0x7f, 0x1d, 0x0b, 0x88, 0x97, 0x2f, 0x6d, 0x8f,
  0x38, 0xfd, 0x0b, 0x31, 0x5a, 0x11, 0xe0, 0x71, 0x6f, 0x06, 0xf8, 0xc6,
  0x6a, 0x7f, 0x1a, 0x16, 0x8f, 0x84, 0x7e, 0x37, 0x11, 0xda, 0xce, 0x58,
  0x2e, 0xc4, 0x4a, 0x77, 0xfd, 0x10, 0x93, 0xfe, 0x09, 0x87, 0xee, 0x14,
  0x9c, 0xbb, 0x08, 0x5c, 0xea, 0xc9, 0x99, 0x62, 0x38, 0x1b, 0xa7, 0x91,
  0x28, 0x55, 0x1d, 0x67, 0x6a, 0xb2, 0xb4, 0x99, 0xfa, 0x80, 0x6e, 0x27,
  0x4a, 0x87, 0x98, 0xe7, 0xf9, 0xa8, 0x70, 0x51, 0x4e, 0xbd, 0x9a, 0x9d,
  0xc7, 0x9b, 0x67, 0x4d, 0x03, 0xab, 0xcb, 0xa7, 0x69, 0x43, 0x05, 0xca,
  0x93, 0x2c, 0x6b, 0x14, 0xa6, 0x51, 0x8f, 0xb9, 0xca, 0xf7, 0x7a, 0x73,
  0xed, 0x18, 0x88, 0xe4, 0x73, 0xb1, 0x41, 0xf1, 0x95, 0xc0, 0xf6, 0x5e,
  0xd6, 0xe9, 0x60, 0x62, 0xa0, 0xe1, 0xd5, 0x97, 0x4f, 0x0a, 0xe3, 0xfa,
  0x9f, 0x6d, 0x32, 0x51, 0xb0, 0xb1, 0x2c, 0xd4, 0xde, 0x7f, 0x47, 0x11,
  0xa7, 0x8f, 0xd1, 0x6f, 0x42, 0x1d, 0xe5, 0x88, 0x81, 0x6a, 0x26, 0x18,
  0xd7, 0xb9, 0x4f, 0x24, 0xfd, 0xa6, 0x01, 0xa6, 0xa8, 0x94, 0x9a, 0xe8,
  0xe9, 0x28, 0x71, 0x08, 0xfe, 0x3f, 0x77, 0x91, 0x1a, 0x84, 0x8b, 0x3f,
  0x3e, 0xd3, 0xef, 0x48, 0x80, 0xe3, 0x7e, 0x87, 0x5f, 0x13, 0xfa, 0xa8,
  0x6c, 0x29, 0x00, 0x95, 0xbe, 0xac, 0x1f, 0x2d, 0x2d, 0xd0, 0xbb, 0x75,
  0x1b, 0x12, 0x29, 0x8b, 0xab, 0x34, 0x56, 0xc8, 0x99, 0x2c, 0xd1, 0x4d,
  0x91, 0xfd, 0x28, 0xdd, 0xbf, 0x6f, 0x5e, 0xe6, 0xcc, 0x8b, 0x2d, 0x1f,
  0x42, 0xff, 0xe5, 0x90, 0x63, 0x40, 0x00, 0x0d, 0x02, 0xa5, 0x00, 0x00,
  0x40, 0x0d, 0x09, 0x09, 0x08, 0x08, 0x03, 0x03, 0x02, 0x02, 0x01, 0x01,
  0x00, 0x00, 0x01, 0x8d, 0xb8, 0x01, 0xff, 0x85, 0x45, 0x68, 0x44, 0x45,
  0x68, 0x44, 0x45, 0x68, 0x44, 0x45, 0x68, 0x44, 0x45, 0x68, 0x44, 0x45,
  0x68, 0x44, 0xb3, 0x05, 0x04, 0x46, 0x00, 0x2b, 0xb3, 0x07, 0x06, 0x46,
  0x00, 0x2b, 0xb1, 0x04, 0x04, 0x45, 0x68, 0x44, 0xb1, 0x06, 0x06, 0x45,
  0x68, 0x44, 0x00, 0x00, 0x00, 0x02, 0x00, 0x3f, 0x00, 0x00, 0x01, 0xb6,
  0x03, 0x6b, 0x00, 0x03, 0x00, 0x07, 0x00, 0x56, 0x40, 0x20, 0x01, 0x08,
  0x08, 0x40, 0x09, 0x02, 0x07, 0x04, 0x04, 0x01, 0x00, 0x06, 0x05, 0x04,
  0x03, 0x02, 0x05, 0x04, 0x06, 0x00, 0x07, 0x06, 0x06, 0x01, 0x02, 0x01,
  0x03, 0x00, 0x01, 0x01, 0x00, 0x46, 0x76, 0x2f, 0x37, 0x18, 0x00, 0x3f,
  0x3c, 0x2f, 0x3c, 0x10, 0xfd, 0x3c, 0x10, 0xfd, 0x3c, 0x01, 0x2f, 0x3c,
  0xfd, 0x3c, 0x2f, 0x3c, 0xfd, 0x3c, 0x00, 0x31, 0x30, 0x01, 0x49, 0x68,
  0xb9, 0x00, 0x00, 0x00, 0x08, 0x49, 0x68, 0x61, 0xb0, 0x40, 0x52, 0x58,
  0x38, 0x11, 0x37, 0xb9, 0x00, 0x08, 0xff, 0xc0, 0x38, 0x59, 0x33, 0x11,
  0x21, 0x11, 0x25, 0x33, 0x11, 0x23, 0x3f, 0x01, 0x77, 0xfe, 0xc7, 0xfa,
  0xfa, 0x03, 0x6b, 0xfc, 0x95, 0x3f, 0x02, 0xee, 0x00, 0x02, 0x00, 0x7d,
  0x00, 0x00, 0x00, 0xfa, 0x02, 0x71, 0x00, 0x03, 0x00, 0x07, 0x00, 0x4f,
  0x40, 0x1b, 0x01, 0x08, 0x08, 0x40, 0x09, 0x01, 0x06, 0x05, 0x01, 0x00,
  0x07, 0x06, 0x05, 0x04, 0x03, 0x02, 0x01, 0x00, 0x07, 0x04, 0x03, 0x03,
  0x02, 0x01, 0x01, 0x00, 0x46, 0x76, 0x2f, 0x37, 0x18, 0x00, 0x3f, 0x3c,
  0x3f, 0x3c, 0x01, 0x2e, 0x2e, 0x2e, 0x2e, 0x2e, 0x2e, 0x2e, 0x2e, 0x00,
  0x2e, 0x2e, 0x2e, 0x2e, 0x31, 0x30, 0x01, 0x49, 0x68, 0xb9, 0x00, 0x00,
  0x00, 0x08, 0x49, 0x68, 0x61, 0xb0, 0x40, 0x52, 0x58, 0x38, 0x11, 0x37,
  0xb9, 0x00, 0x08, 0xff, 0xc0, 0x38, 0x59, 0x37, 0x33, 0x15, 0x23, 0x13,
  0x11, 0x23, 0x11, 0x7d, 0x7d, 0x7d, 0x7d, 0x7d, 0x7d, 0x7d, 0x02, 0x71,
  0xfe, 0x89, 0x01, 0x77, 0x00, 0x02, 0x00, 0x00, 0x01, 0x77, 0x01, 0x77,
  0x02, 0x71, 0x00, 0x03, 0x00, 0x07, 0x00, 0x4e, 0x40, 0x1c, 0x01, 0x08,
  0x08, 0x40, 0x09, 0x00, 0x07, 0x06, 0x05, 0x04, 0x03, 0x02, 0x01, 0x00,
  0x05, 0x04, 0x02, 0x03, 0x01, 0x07, 0x06, 0x03, 0x03, 0x00, 0x03, 0x01,
  0x05, 0x46, 0x76, 0x2f, 0x37, 0x18, 0x00, 0x3f, 0x17, 0x3c, 0x2f, 0x17,
  0x3c, 0x01, 0x2e, 0x2e, 0x2e, 0x2e, 0x2e, 0x2e, 0x2e, 0x2e, 0x00, 0x31,
  0x30, 0x01, 0x49, 0x68, 0xb9, 0x00, 0x05, 0x00, 0x08, 0x49, 0x68, 0x61,
  0xb0, 0x40, 0x52, 0x58, 0x38, 0x11, 0x37, 0xb9, 0x00, 0x08, 0xff, 0xc0,
  0x38, 0x59, 0x01, 0x15, 0x23, 0x35, 0x07, 0x23, 0x35, 0x33, 0x01, 0x77,
  0x7d, 0x7d, 0x7d, 0x7d, 0x02, 0x71, 0xfa, 0xfa, 0xfa, 0xfa, 0x00, 0x02,
  0x00, 0x00, 0x00, 0x00, 0x02, 0x71, 0x02, 0x71, 0x00, 0x1b, 0x00, 0x1f,
  0x00, 0xae, 0x40, 0x4f, 0x01, 0x20, 0x20, 0x40, 0x21, 0x00, 0x1f, 0x1e,
  0x1d, 0x1c, 0x11, 0x10, 0x0f, 0x0e, 0x0d, 0x0c, 0x09, 0x08, 0x05, 0x04,
  0x03, 0x02, 0x01, 0x00, 0x1f, 0x1e, 0x1d, 0x1c, 0x1b, 0x1a, 0x19, 0x18,
  0x17, 0x16, 0x15, 0x14, 0x13, 0x12, 0x11, 0x10, 0x0f, 0x0e, 0x0d, 0x0c,
  0x0b, 0x0a, 0x09, 0x08, 0x07, 0x06, 0x05, 0x04, 0x03, 0x02, 0x01, 0x00,
  0x19, 0x18, 0x15, 0x03, 0x14, 0x03, 0x1b, 0x1a, 0x17, 0x16, 0x13, 0x05,
  0x12, 0x02, 0x0b, 0x0a, 0x07, 0x03, 0x06, 0x01, 0x01, 0x0d, 0x46, 0x76,
  0x2f, 0x37, 0x18, 0x00, 0x3f, 0x17, 0x3c, 0x3f, 0x17, 0x3c, 0x3f, 0x17,
  0x3c, 0x01, 0x2e, 0x2e, 0x2e, 0x2e, 0x2e, 0x2e, 0x2e, 0x2e, 0x2e, 0x2e,
  0x2e, 0x2e, 0x2e, 0x2e, 0x2e, 0x2e, 0x2e, 0x2e, 0x2e, 0x2e, 0x2e, 0x2e,
  0x2e, 0x2e, 0x2e, 0x2e, 0x2e, 0x2e, 0x2e, 0x2e, 0x2e, 0x2e, 0x00, 0x2e,
  0x2e, 0x2e, 0x2e, 0x2e, 0x2e, 0x2e, 0x2e, 0x2e, 0x2e, 0x2e, 0x2e, 0x2e,
  0x2e, 0x2e, 0x2e, 0x2e, 0x2e, 0x31, 0x30, 0x01, 0x49, 0x68, 0xb9, 0x00,
  0x0d, 0x00, 0x20, 0x49, 0x68, 0x61, 0xb0, 0x40, 0x52, 0x58, 0x38, 0x11,
  0x37, 0xb9, 0x00, 0x20, 0xff, 0xc0, 0x38, 0x59, 0x01, 0x23, 0x15, 0x33,
  0x15, 0x23, 0x15, 0x23, 0x35, 0x23, 0x15, 0x23, 0x35, 0x23, 0x35, 0x33,
  0x35, 0x23, 0x35, 0x33, 0x35, 0x33, 0x15, 0x33, 0x35, 0x33, 0x15, 0x33,
  0x05, 0x15, 0x33, 0x35, 0x02, 0x71, 0x7d, 0x7d, 0x7d, 0x7d, 0x7d, 0x7d,
  0x7d, 0x7d, 0x7d, 0x7d, 0x7d, 0x7d, 0x7d, 0x7d, 0xfe, 0x89, 0x7d, 0x01,
  0x77, 0x7d, 0x7d, 0x7d, 0x7d, 0x7d, 0x7d, 0x7d, 0x7d, 0x7d, 0x7d, 0x7d,
  0x7d, 0x7d, 0x7d, 0x7d, 0x7d, 0x00, 0x00, 0x01, 0x00, 0x00, 0xff, 0x83,
  0x02, 0x71, 0x02, 0xee, 0x00, 0x13, 0x00, 0x7f, 0x40, 0x35, 0x01, 0x14,
  0x14, 0x40, 0x15, 0x0b, 0x0f, 0x0e, 0x0d, 0x0c, 0x05, 0x04, 0x03, 0x02,
  0x13, 0x12, 0x11, 0x10, 0x0f, 0x0e, 0x0d, 0x0c, 0x0b, 0x0a, 0x09, 0x08,
  0x07, 0x06, 0x05, 0x04, 0x03, 0x02, 0x01, 0x00, 0x09, 0x08, 0x13, 0x12,
  0x0b, 0x0a, 0x07, 0x03, 0x06, 0x03, 0x11, 0x10, 0x01, 0x03, 0x00, 0x01,
  0x01, 0x01, 0x46, 0x76, 0x2f, 0x37, 0x18, 0x00, 0x3f, 0x17, 0x3c, 0x3f,
  0x17, 0x3c, 0x2f, 0x3c, 0x2f, 0x3c, 0x01, 0x2e, 0x2e, 0x2e, 0x2e, 0x2e,
  0x2e, 0x2e, 0x2e, 0x2e, 0x2e, 0x2e, 0x2e, 0x2e, 0x2e, 0x2e, 0x2e, 0x2e,
  0x2e, 0x2e, 0x2e, 0x00, 0x2e, 0x2e, 0x2e, 0x2e, 0x2e, 0x2e, 0x2e, 0x2e,
  0x31, 0x30, 0x01, 0x49, 0x68, 0xb9, 0x00, 0x01, 0x00, 0x14, 0x49, 0x68,
  0x61, 0xb0, 0x40, 0x52, 0x58, 0x38, 0x11, 0x37, 0xb9, 0x00, 0x14, 0xff,
  0xc0, 0x38, 0x59, 0x33, 0x23, 0x35, 0x21, 0x35, 0x21, 0x11, 0x33, 0x35,
  0x33, 0x15, 0x33, 0x15, 0x21, 0x15, 0x21, 0x11, 0x23, 0x15, 0x23, 0xfa,
  0xfa, 0x01, 0xf4, 0xfe, 0x0c, 0xfa, 0x7d, 0xfa, 0xfe, 0x0c, 0x01, 0xf4,
  0xfa, 0x7d, 0x7d, 0x7d, 0x01, 0x77, 0x7d, 0x7d, 0x7d, 0x7d, 0xfe, 0x89,
  0x7d, 0x00, 0x00, 0x03, 0x00, 0x00, 0x00, 0x00, 0x02, 0x71, 0x02, 0x71,
  0x00, 0x13, 0x00, 0x17, 0x00, 0x1b, 0x00, 0xa0, 0x40, 0x46, 0x01, 0x1c,
  0x1c, 0x40, 0x1d, 0x01, 0x1a, 0x19, 0x16, 0x15, 0x11, 0x10, 0x0f, 0x0e,
  0x0d, 0x0c, 0x09, 0x08, 0x07, 0x06, 0x05, 0x04, 0x03, 0x02, 0x1b, 0x1a,
  0x19, 0x18, 0x17, 0x16, 0x15, 0x14, 0x13, 0x12, 0x11, 0x10, 0x0f, 0x0e,
  0x0d, 0x0c, 0x0b, 0x0a, 0x09, 0x08, 0x07, 0x06, 0x05, 0x04, 0x03, 0x02,
  0x01, 0x00, 0x13, 0x12, 0x02, 0x1b, 0x18, 0x0b, 0x03, 0x0a, 0x01, 0x17,
  0x14, 0x01, 0x03, 0x00, 0x03, 0x01, 0x0b, 0x46, 0x76, 0x2f, 0x37, 0x18,
  0x00, 0x3f, 0x17, 0x3c, 0x3f, 0x17, 0x3c, 0x3f, 0x3c, 0x01, 0x2e, 0x2e,
  0x2e, 0x2e, 0x2e, 0x2e, 0x2e, 0x2e, 0x2e, 0x2e, 0x2e, 0x2e, 0x2e, 0x2e,
  0x2e, 0x2e, 0x2e, 0x2e, 0x2e, 0x2e, 0x2e, 0x2e, 0x2e, 0x2e, 0x2e, 0x2e,
  0x2e, 0x2e, 0x00, 0x2e, 0x2e, 0x2e, 0x2e, 0x2e, 0x2e, 0x2e, 0x2e, 0x2e,
  0x2e, 0x2e, 0x2e, 0x2e, 0x2e, 0x2e, 0x2e, 0x2e, 0x2e, 0x31, 0x30, 0x01,
  0x49, 0x68, 0xb9, 0x00, 0x0b, 0x00, 0x1c, 0x49, 0x68, 0x61, 0xb0, 0x40,
  0x52, 0x58, 0x38, 0x11, 0x37, 0xb9, 0x00, 0x1c, 0xff, 0xc0, 0x38, 0x59,
  0x01, 0x33, 0x15, 0x23, 0x15, 0x23, 0x15, 0x23, 0x15, 0x23, 0x15, 0x23,
  0x35, 0x33, 0x35, 0x33, 0x35, 0x33, 0x35, 0x33, 0x25, 0x15, 0x23, 0x35,
  0x01, 0x35, 0x33, 0x15, 0x01, 0xf4, 0x7d, 0x7d, 0x7d, 0x7d, 0x7d, 0x7d,
  0x7d, 0x7d, 0x7d, 0x7d, 0xfe, 0x89, 0x7d, 0x01, 0xf4, 0x7d, 0x02, 0x71,
  0x7d, 0x7d, 0x7d, 0x7d, 0x7d, 0x7d, 0x7d, 0x7d, 0x7d, 0x7d, 0x7d, 0x7d,
  0xfd, 0x8f, 0x7d, 0x7d, 0x00, 0x03, 0x00, 0x00, 0x00, 0x00, 0x02, 0xee,
  0x02, 0x71, 0x00, 0x09, 0x00, 0x0d, 0x00, 0x11, 0x00, 0x77, 0x40, 0x2f,
  0x01, 0x12, 0x12, 0x40, 0x13, 0x01, 0x11, 0x10, 0x0f, 0x0e, 0x0d, 0x0c,
  0x0b, 0x0a, 0x07, 0x06, 0x03, 0x02, 0x01, 0x00, 0x11, 0x10, 0x0f, 0x0e,
  0x0d, 0x0c, 0x0b, 0x0a, 0x09, 0x08, 0x07, 0x06, 0x05, 0x04, 0x03, 0x02,
  0x01, 0x00, 0x09, 0x08, 0x03, 0x05, 0x04, 0x01, 0x01, 0x05, 0x46, 0x76,
  0x2f, 0x37, 0x18, 0x00, 0x3f, 0x3c, 0x3f, 0x3c, 0x01, 0x2e, 0x2e, 0x2e,
  0x2e, 0x2e, 0x2e, 0x2e, 0x2e, 0x2e, 0x2e, 0x2e, 0x2e, 0x2e, 0x2e, 0x2e,
  0x2e, 0x2e, 0x2e, 0x00, 0x2e, 0x2e, 0x2e, 0x2e, 0x2e, 0x2e, 0x2e, 0x2e,
  0x2e, 0x2e, 0x2e, 0x2e, 0x2e, 0x2e, 0x31, 0x30, 0x01, 0x49, 0x68, 0xb9,
  0x00, 0x05, 0x00, 0x12, 0x49, 0x68, 0x61, 0xb0, 0x40, 0x52, 0x58, 0x38,
  0x11, 0x37, 0xb9, 0x00, 0x12, 0xff, 0xc0, 0x38, 0x59, 0x25, 0x33, 0x15,
  0x23, 0x15, 0x21, 0x11, 0x33, 0x35, 0x21, 0x03, 0x21, 0x15, 0x21, 0x03,
  0x23, 0x15, 0x33, 0x02, 0x71, 0x7d, 0x7d, 0xfd, 0x8f, 0x7d, 0x01, 0xf4,
  0x05, 0xfe, 0x11, 0x01, 0xef, 0x78, 0xfa, 0xfa, 0xfa, 0x7d, 0x7d, 0x01,
  0x77, 0xfa, 0xfe, 0x89, 0x7d, 0x01, 0x77, 0x7d, 0x00, 0x01, 0x00, 0x00,
  0x01, 0x77, 0x00, 0x7d, 0x02, 0x71, 0x00, 0x03, 0x00, 0x3e, 0x40, 0x12,
  0x01, 0x04, 0x04, 0x40, 0x05, 0x00, 0x03, 0x02, 0x01, 0x00, 0x02, 0x01,
  0x03, 0x00, 0x03, 0x01, 0x02, 0x46, 0x76, 0x2f, 0x37, 0x18, 0x00, 0x3f,
  0x3c, 0x2f, 0x3c, 0x01, 0x2e, 0x2e, 0x2e, 0x2e, 0x00, 0x31, 0x30, 0x01,
  0x49, 0x68, 0xb9, 0x00, 0x02, 0x00, 0x04, 0x49, 0x68, 0x61, 0xb0, 0x40,
  0x52, 0x58, 0x38, 0x11, 0x37, 0xb9, 0x00, 0x04, 0xff, 0xc0, 0x38, 0x59,
  0x13, 0x15, 0x23, 0x35, 0x7d, 0x7d, 0x02, 0x71, 0xfa, 0xfa, 0x00, 0x01,
  0x00, 0x00, 0xff, 0x83, 0x00, 0xfa, 0x02, 0xee, 0x00, 0x0b, 0x00, 0x5f,
  0x40, 0x23, 0x01, 0x0c, 0x0c, 0x40, 0x0d, 0x00, 0x04, 0x03, 0x02, 0x01,
  0x0b, 0x0a, 0x09, 0x08, 0x07, 0x06, 0x05, 0x04, 0x03, 0x02, 0x01, 0x00,
  0x0b, 0x00, 0x06, 0x05, 0x0a, 0x09, 0x03, 0x08, 0x07, 0x01, 0x01, 0x08,
  0x46, 0x76, 0x2f, 0x37, 0x18, 0x00, 0x3f, 0x3c, 0x3f, 0x3c, 0x2f, 0x3c,
  0x2f, 0x3c, 0x01, 0x2e, 0x2e, 0x2e, 0x2e, 0x2e, 0x2e, 0x2e, 0x2e, 0x2e,
  0x2e, 0x2e, 0x2e, 0x00, 0x2e, 0x2e, 0x2e, 0x2e, 0x31, 0x30, 0x01, 0x49,
  0x68, 0xb9, 0x00, 0x08, 0x00, 0x0c, 0x49, 0x68, 0x61, 0xb0, 0x40, 0x52,
  0x58, 0x38, 0x11, 0x37, 0xb9, 0x00, 0x0c, 0xff, 0xc0, 0x38, 0x59, 0x13,
  0x15, 0x23, 0x11, 0x33, 0x15, 0x23, 0x35, 0x23, 0x11, 0x33, 0x35, 0xfa,
  0x7d, 0x7d, 0x7d, 0x7d, 0x7d, 0x02, 0xee, 0x7d, 0xfd, 0x8f, 0x7d, 0x7d,
  0x02, 0x71, 0x7d, 0x00, 0x00, 0x01, 0x00, 0x00, 0xff, 0x83, 0x00, 0xfa,
  0x02, 0xee, 0x00, 0x0b, 0x00, 0x5f, 0x40, 0x23, 0x01, 0x0c, 0x0c, 0x40,
  0x0d, 0x03, 0x0b, 0x0a, 0x09, 0x08, 0x0b, 0x0a, 0x09, 0x08, 0x07, 0x06,
  0x05, 0x04, 0x03, 0x02, 0x01, 0x00, 0x01, 0x00, 0x07, 0x06, 0x05, 0x04,
  0x01, 0x03, 0x02, 0x03, 0x01, 0x00, 0x46, 0x76, 0x2f, 0x37, 0x18, 0x00,
  0x3f, 0x3c, 0x3f, 0x3c, 0x2f, 0x3c, 0x2f, 0x3c, 0x01, 0x2e, 0x2e, 0x2e,
  0x2e, 0x2e, 0x2e, 0x2e, 0x2e, 0x2e, 0x2e, 0x2e, 0x2e, 0x00, 0x2e, 0x2e,
  0x2e, 0x2e, 0x31, 0x30, 0x01, 0x49, 0x68, 0xb9, 0x00, 0x00, 0x00, 0x0c,
  0x49, 0x68, 0x61, 0xb0, 0x40, 0x52, 0x58, 0x38, 0x11, 0x37, 0xb9, 0x00,
  0x0c, 0xff, 0xc0, 0x38, 0x59, 0x11, 0x33, 0x15, 0x33, 0x11, 0x23, 0x15,
  0x23, 0x35, 0x33, 0x11, 0x23, 0x7d, 0x7d, 0x7d, 0x7d, 0x7d, 0x7d, 0x02,
  0xee, 0x7d, 0xfd, 0x8f, 0x7d, 0x7d, 0x02, 0x71, 0x00, 0x01, 0x00, 0x00,
  0x00, 0x00, 0x02, 0x71, 0x02, 0x71, 0x00, 0x1b, 0x00, 0xa0, 0x40, 0x46,
  0x01, 0x1c, 0x1c, 0x40, 0x1d, 0x09, 0x1b, 0x1a, 0x19, 0x18, 0x17, 0x16,
  0x15, 0x14, 0x11, 0x10, 0x0d, 0x0c, 0x0b, 0x0a, 0x09, 0x08, 0x07, 0x06,
  0x1b, 0x1a, 0x19, 0x18, 0x17, 0x16, 0x15, 0x14, 0x13, 0x12, 0x11, 0x10,
  0x0f, 0x0e, 0x0d, 0x0c, 0x0b, 0x0a, 0x09, 0x08, 0x07, 0x06, 0x05, 0x04,
  0x03, 0x02, 0x01, 0x00, 0x13, 0x12, 0x0f, 0x03, 0x0e, 0x01, 0x03, 0x02,
  0x02, 0x05, 0x04, 0x01, 0x03, 0x00, 0x03, 0x01, 0x17, 0x46, 0x76, 0x2f,
  0x37, 0x18, 0x00, 0x3f, 0x17, 0x3c, 0x3f, 0x3c, 0x3f, 0x17, 0x3c, 0x01,
  0x2e, 0x2e, 0x2e, 0x2e, 0x2e, 0x2e, 0x2e, 0x2e, 0x2e, 0x2e, 0x2e, 0x2e,
  0x2e, 0x2e, 0x2e, 0x2e, 0x2e, 0x2e, 0x2e, 0x2e, 0x2e, 0x2e, 0x2e, 0x2e,
  0x2e, 0x2e, 0x2e, 0x2e, 0x00, 0x2e, 0x2e, 0x2e, 0x2e, 0x2e, 0x2e, 0x2e,
  0x2e, 0x2e, 0x2e, 0x2e, 0x2e, 0x2e, 0x2e, 0x2e, 0x2e, 0x2e, 0x2e, 0x31,
  0x30, 0x01, 0x49, 0x68, 0xb9, 0x00, 0x17, 0x00, 0x1c, 0x49, 0x68, 0x61,
  0xb0, 0x40, 0x52, 0x58, 0x38, 0x11, 0x37, 0xb9, 0x00, 0x1c, 0xff, 0xc0,
  0x38, 0x59, 0x13, 0x33, 0x15, 0x33, 0x35, 0x33, 0x15, 0x23, 0x15, 0x33,
  0x15, 0x23, 0x15, 0x33, 0x15, 0x23, 0x35, 0x23, 0x15, 0x23, 0x35, 0x33,
  0x35, 0x23, 0x35, 0x33, 0x35, 0x23, 0x7d, 0x7d, 0x7d, 0x7d, 0x7d, 0xfa,
  0xfa, 0x7d, 0x7d, 0x7d, 0x7d, 0x7d, 0xfa, 0xfa, 0x7d, 0x02, 0x71, 0x7d,
  0x7d, 0x7d, 0x7d, 0x7d, 0x7d, 0x7d, 0x7d, 0x7d, 0x7d, 0x7d, 0x7d, 0x7d,
  0x00, 0x01, 0x00, 0x00, 0x00, 0x00, 0x02, 0x71, 0x02, 0x71, 0x00, 0x0b,
  0x00, 0x5f, 0x40, 0x23, 0x01, 0x0c, 0x0c, 0x40, 0x0d, 0x00, 0x0b, 0x08,
  0x07, 0x06, 0x05, 0x02, 0x01, 0x00, 0x0b, 0x0a, 0x09, 0x08, 0x07, 0x06,
  0x05, 0x04, 0x03, 0x02, 0x01, 0x00, 0x0a, 0x09, 0x03, 0x04, 0x03, 0x01,
  0x01, 0x06, 0x46, 0x76, 0x2f, 0x37, 0x18, 0x00, 0x3f, 0x3c, 0x3f, 0x3c,
  0x01, 0x2e, 0x2e, 0x2e, 0x2e, 0x2e, 0x2e, 0x2e, 0x2e, 0x2e, 0x2e, 0x2e,
  0x2e, 0x00, 0x2e, 0x2e, 0x2e, 0x2e, 0x2e, 0x2e, 0x2e, 0x2e, 0x31, 0x30,
  0x01, 0x49, 0x68, 0xb9, 0x00, 0x06, 0x00, 0x0c, 0x49, 0x68, 0x61, 0xb0,
  0x40, 0x52, 0x58, 0x38, 0x11, 0x37, 0xb9, 0x00, 0x0c, 0xff, 0xc0, 0x38,
  0x59, 0x01, 0x15, 0x23, 0x15, 0x23, 0x35, 0x23, 0x35, 0x33, 0x35, 0x33,
  0x15, 0x02, 0x71, 0xfa, 0x7d, 0xfa, 0xfa, 0x7d, 0x01, 0x77, 0x7d, 0xfa,
  0xfa, 0x7d, 0xfa, 0xfa, 0x00, 0x01, 0x00, 0x00, 0xff, 0x06, 0x00, 0xfa,
  0x00, 0x7d, 0x00, 0x07, 0x00, 0x4e, 0x40, 0x1a, 0x01, 0x08, 0x08, 0x40,
  0x09, 0x03, 0x05, 0x04, 0x01, 0x00, 0x07, 0x06, 0x05, 0x04, 0x03, 0x02,
  0x01, 0x00, 0x03, 0x02, 0x07, 0x06, 0x00, 0x01, 0x00, 0x46, 0x76, 0x2f,
  0x37, 0x18, 0x00, 0x3f, 0x3c, 0x2f, 0x3c, 0x01, 0x2e, 0x2e, 0x2e, 0x2e,
  0x2e, 0x2e, 0x2e, 0x2e, 0x00, 0x2e, 0x2e, 0x2e, 0x2e, 0x31, 0x30, 0x01,
  0x49, 0x68, 0xb9, 0x00, 0x00, 0x00, 0x08, 0x49, 0x68, 0x61, 0xb0, 0x40,
  0x52, 0x58, 0x38, 0x11, 0x37, 0xb9, 0x00, 0x08, 0xff, 0xc0, 0x38, 0x59,
  0x15, 0x33, 0x35, 0x33, 0x15, 0x23, 0x15, 0x23, 0x7d, 0x7d, 0x7d, 0x7d,
  0x7d, 0xfa, 0xfa, 0x7d, 0x00, 0x01, 0x00, 0x00, 0x00, 0xfa, 0x01, 0x77,
  0x01, 0x77, 0x00, 0x03, 0x00, 0x3d, 0x40, 0x11, 0x01, 0x04, 0x04, 0x40,
  0x05, 0x02, 0x03, 0x02, 0x01, 0x00, 0x02, 0x01, 0x03, 0x00, 0x01, 0x00,
  0x46, 0x76, 0x2f, 0x37, 0x18, 0x00, 0x2f, 0x3c, 0x2f, 0x3c, 0x01, 0x2e,
  0x2e, 0x2e, 0x2e, 0x00, 0x31, 0x30, 0x01, 0x49, 0x68, 0xb9, 0x00, 0x00,
  0x00, 0x04, 0x49, 0x68, 0x61, 0xb0, 0x40, 0x52, 0x58, 0x38, 0x11, 0x37,
  0xb9, 0x00, 0x04, 0xff, 0xc0, 0x38, 0x59, 0x3d, 0x01, 0x21, 0x15, 0x01,
  0x77, 0xfa, 0x7d, 0x7d, 0x00, 0x01, 0x00, 0x00, 0x00, 0x00, 0x00, 0x7d,
  0x00, 0x7d, 0x00, 0x03, 0x00, 0x3e, 0x40, 0x12, 0x01, 0x04, 0x04, 0x40,
  0x05, 0x01, 0x03, 0x02, 0x01, 0x00, 0x01, 0x00, 0x03, 0x02, 0x01, 0x01,
  0x00, 0x46, 0x76, 0x2f, 0x37, 0x18, 0x00, 0x3f, 0x3c, 0x2f, 0x3c, 0x01,
  0x2e, 0x2e, 0x2e, 0x2e, 0x00, 0x31, 0x30, 0x01, 0x49, 0x68, 0xb9, 0x00,
  0x00, 0x00, 0x04, 0x49, 0x68, 0x61, 0xb0, 0x40, 0x52, 0x58, 0x38, 0x11,
  0x37, 0xb9, 0x00, 0x04, 0xff, 0xc0, 0x38, 0x59, 0x35, 0x33, 0x15, 0x23,
  0x7d, 0x7d, 0x7d, 0x7d, 0x00, 0x01, 0x00, 0x00, 0x00, 0x00, 0x02, 0x71,
  0x02, 0x71, 0x00, 0x13, 0x00, 0x80, 0x40, 0x34, 0x01, 0x14, 0x14, 0x40,
  0x15, 0x01, 0x11, 0x10, 0x0f, 0x0e, 0x0d, 0x0c, 0x09, 0x08, 0x07, 0x06,
  0x05, 0x04, 0x03, 0x02, 0x13, 0x12, 0x11, 0x10, 0x0f, 0x0e, 0x0d, 0x0c,
  0x0b, 0x0a, 0x09, 0x08, 0x07, 0x06, 0x05, 0x04, 0x03, 0x02, 0x01, 0x00,
  0x13, 0x12, 0x02, 0x0b, 0x0a, 0x01, 0x01, 0x00, 0x03, 0x01, 0x0b, 0x46,
  0x76, 0x2f, 0x37, 0x18, 0x00, 0x3f, 0x3c, 0x3f, 0x3c, 0x3f, 0x3c, 0x01,
  0x2e, 0x2e, 0x2e, 0x2e, 0x2e, 0x2e, 0x2e, 0x2e, 0x2e, 0x2e, 0x2e, 0x2e,
  0x2e, 0x2e, 0x2e, 0x2e, 0x2e, 0x2e, 0x2e, 0x2e, 0x00, 0x2e, 0x2e, 0x2e,
  0x2e, 0x2e, 0x2e, 0x2e, 0x2e, 0x2e, 0x2e, 0x2e, 0x2e, 0x2e, 0x2e, 0x31,
  0x30, 0x01, 0x49, 0x68, 0xb9, 0x00, 0x0b, 0x00, 0x14, 0x49, 0x68, 0x61,
  0xb0, 0x40, 0x52, 0x58, 0x38, 0x11, 0x37, 0xb9, 0x00, 0x14, 0xff, 0xc0,
  0x38, 0x59, 0x01, 0x33, 0x15, 0x23, 0x15, 0x23, 0x15, 0x23, 0x15, 0x23,
  0x15, 0x23, 0x35, 0x33, 0x35, 0x33, 0x35, 0x33, 0x35, 0x33, 0x01, 0xf4,
  0x7d, 0x7d, 0x7d, 0x7d, 0x7d, 0x7d, 0x7d, 0x7d, 0x7d, 0x7d, 0x02, 0x71,
  0x7d, 0x7d, 0x7d, 0x7d, 0x7d, 0x7d, 0x7d, 0x7d, 0x7d, 0x00, 0x00, 0x02,
  0x00, 0x00, 0x00, 0x00, 0x02, 0x71, 0x02, 0x71, 0x00, 0x03, 0x00, 0x07,
  0x00, 0x4f, 0x40, 0x1b, 0x01, 0x08, 0x08, 0x40, 0x09, 0x00, 0x07, 0x06,
  0x05, 0x04, 0x07, 0x06, 0x05, 0x04, 0x03, 0x02, 0x01, 0x00, 0x02, 0x01,
  0x01, 0x03, 0x00, 0x03, 0x01, 0x02, 0x46, 0x76, 0x2f, 0x37, 0x18, 0x00,
  0x3f, 0x3c, 0x3f, 0x3c, 0x01, 0x2e, 0x2e, 0x2e, 0x2e, 0x2e, 0x2e, 0x2e,
  0x2e, 0x00, 0x2e, 0x2e, 0x2e, 0x2e, 0x31, 0x30, 0x01, 0x49, 0x68, 0xb9,
  0x00, 0x02, 0x00, 0x08, 0x49, 0x68, 0x61, 0xb0, 0x40, 0x52, 0x58, 0x38,
  0x11, 0x37, 0xb9, 0x00, 0x08, 0xff, 0xc0, 0x38, 0x59, 0x01, 0x11, 0x21,
  0x11, 0x01, 0x11, 0x21, 0x11, 0x02, 0x71, 0xfd, 0x8f, 0x01, 0xf4, 0xfe,
  0x89, 0x02, 0x71, 0xfd, 0x8f, 0x02, 0x71, 0xfe, 0x0c, 0x01, 0x77, 0xfe,
  0x89, 0x00, 0x00, 0x01, 0x00, 0x00, 0x00, 0x00, 0x00, 0xfa, 0x02, 0x71,
  0x00, 0x05, 0x00, 0x47, 0x40, 0x17, 0x01, 0x06, 0x06, 0x40, 0x07, 0x01,
  0x05, 0x04, 0x05, 0x04, 0x03, 0x02, 0x01, 0x00, 0x03, 0x02, 0x01, 0x01,
  0x00, 0x03, 0x01, 0x00, 0x46, 0x76, 0x2f, 0x37, 0x18, 0x00, 0x3f, 0x3c,
  0x3f, 0x3c, 0x01, 0x2e, 0x2e, 0x2e, 0x2e, 0x2e, 0x2e, 0x00, 0x2e, 0x2e,
  0x31, 0x30, 0x01, 0x49, 0x68, 0xb9, 0x00, 0x00, 0x00, 0x06, 0x49, 0x68,
  0x61, 0xb0, 0x40, 0x52, 0x58, 0x38, 0x11, 0x37, 0xb9, 0x00, 0x06, 0xff,
  0xc0, 0x38, 0x59, 0x11, 0x33, 0x11, 0x23, 0x11, 0x23, 0xfa, 0x7d, 0x7d,
  0x02, 0x71, 0xfd, 0x8f, 0x01, 0xf4, 0x00, 0x01, 0x00, 0x00, 0x00, 0x00,
  0x02, 0x71, 0x02, 0x71, 0x00, 0x0b, 0x00, 0x5f, 0x40, 0x23, 0x01, 0x0c,
  0x0c, 0x40, 0x0d, 0x03, 0x0b, 0x0a, 0x07, 0x06, 0x05, 0x04, 0x01, 0x00,
  0x0b, 0x0a, 0x09, 0x08, 0x07, 0x06, 0x05, 0x04, 0x03, 0x02, 0x01, 0x00,
  0x09, 0x08, 0x01, 0x03, 0x02, 0x03, 0x01, 0x01, 0x46, 0x76, 0x2f, 0x37,
  0x18, 0x00, 0x3f, 0x3c, 0x3f, 0x3c, 0x01, 0x2e, 0x2e, 0x2e, 0x2e, 0x2e,
  0x2e, 0x2e, 0x2e, 0x2e, 0x2e, 0x2e, 0x2e, 0x00, 0x2e, 0x2e, 0x2e, 0x2e,
  0x2e, 0x2e, 0x2e, 0x2e, 0x31, 0x30, 0x01, 0x49, 0x68, 0xb9, 0x00, 0x01,
  0x00, 0x0c, 0x49, 0x68, 0x61, 0xb0, 0x40, 0x52, 0x58, 0x38, 0x11, 0x37,
  0xb9, 0x00, 0x0c, 0xff, 0xc0, 0x38, 0x59, 0x01, 0x21, 0x35, 0x21, 0x11,
  0x21, 0x15, 0x21, 0x15, 0x21, 0x11, 0x21, 0x01, 0xf4, 0xfe, 0x0c, 0x02,
  0x71, 0xfe, 0x0c, 0x01, 0xf4, 0xfd, 0x8f, 0x01, 0xf4, 0x01, 0xf4, 0x7d,
  0xfe, 0x89, 0x7d, 0x7d, 0x01, 0x77, 0x00, 0x01, 0x00, 0x00, 0x00, 0x00,
  0x02, 0x71, 0x02, 0x71, 0x00, 0x0b, 0x00, 0x5f, 0x40, 0x23, 0x01, 0x0c,
  0x0c, 0x40, 0x0d, 0x01, 0x0b, 0x0a, 0x09, 0x08, 0x07, 0x06, 0x05, 0x04,
  0x0b, 0x0a, 0x09, 0x08, 0x07, 0x06, 0x05, 0x04, 0x03, 0x02, 0x01, 0x00,
  0x03, 0x02, 0x01, 0x01, 0x00, 0x03, 0x01, 0x00, 0x46, 0x76, 0x2f, 0x37,
  0x18, 0x00, 0x3f, 0x3c, 0x3f, 0x3c, 0x01, 0x2e, 0x2e, 0x2e, 0x2e, 0x2e,
  0x2e, 0x2e, 0x2e, 0x2e, 0x2e, 0x2e, 0x2e, 0x00, 0x2e, 0x2e, 0x2e, 0x2e,
  0x2e, 0x2e, 0x2e, 0x2e, 0x31, 0x30, 0x01, 0x49, 0x68, 0xb9, 0x00, 0x00,
  0x00, 0x0c, 0x49, 0x68, 0x61, 0xb0, 0x40, 0x52, 0x58, 0x38, 0x11, 0x37,
  0xb9, 0x00, 0x0c, 0xff, 0xc0, 0x38, 0x59, 0x11, 0x21, 0x11, 0x21, 0x35,
  0x21, 0x35, 0x21, 0x35, 0x21, 0x35, 0x21, 0x02, 0x71, 0xfd, 0x8f, 0x01,
  0xf4, 0xfe, 0x89, 0x01, 0x77, 0xfe, 0x0c, 0x02, 0x71, 0xfd, 0x8f, 0x7d,
  0x7d, 0x7d, 0x7d, 0x00, 0x00, 0x01, 0x00, 0x00, 0x00, 0x00, 0x02, 0x71,
  0x02, 0x71, 0x00, 0x09, 0x00, 0x57, 0x40, 0x20, 0x01, 0x0a, 0x0a, 0x40,
  0x0b, 0x00, 0x08, 0x07, 0x04, 0x03, 0x09, 0x08, 0x07, 0x06, 0x05, 0x04,
  0x03, 0x02, 0x01, 0x00, 0x02, 0x01, 0x01, 0x09, 0x06, 0x05, 0x03, 0x00,
  0x03, 0x01, 0x04, 0x46, 0x76, 0x2f, 0x37, 0x18, 0x00, 0x3f, 0x17, 0x3c,
  0x3f, 0x3c, 0x01, 0x2e, 0x2e, 0x2e, 0x2e, 0x2e, 0x2e, 0x2e, 0x2e, 0x2e,
  0x2e, 0x00, 0x2e, 0x2e, 0x2e, 0x2e, 0x31, 0x30, 0x01, 0x49, 0x68, 0xb9,
  0x00, 0x04, 0x00, 0x0a, 0x49, 0x68, 0x61, 0xb0, 0x40, 0x52, 0x58, 0x38,
  0x11, 0x37, 0xb9, 0x00, 0x0a, 0xff, 0xc0, 0x38, 0x59, 0x01, 0x11, 0x23,
  0x35, 0x21, 0x11, 0x33, 0x15, 0x21, 0x35, 0x02, 0x71, 0x7d, 0xfe, 0x0c,
  0x7d, 0x01, 0x77, 0x02, 0x71, 0xfd, 0x8f, 0xfa, 0x01, 0x77, 0xfa, 0xfa,
  0x00, 0x01, 0x00, 0x00, 0x00, 0x00, 0x02, 0x71, 0x02, 0x71, 0x00, 0x0b,
  0x00, 0x5f, 0x40, 0x23, 0x01, 0x0c, 0x0c, 0x40, 0x0d, 0x02, 0x0b, 0x08,
  0x07, 0x06, 0x05, 0x02, 0x01, 0x00, 0x0b, 0x0a, 0x09, 0x08, 0x07, 0x06,
  0x05, 0x04, 0x03, 0x02, 0x01, 0x00, 0x0a, 0x09, 0x03, 0x04, 0x03, 0x01,
  0x01, 0x04, 0x46, 0x76, 0x2f, 0x37, 0x18, 0x00, 0x3f, 0x3c, 0x3f, 0x3c,
  0x01, 0x2e, 0x2e, 0x2e, 0x2e, 0x2e, 0x2e, 0x2e, 0x2e, 0x2e, 0x2e, 0x2e,
  0x2e, 0x00, 0x2e, 0x2e, 0x2e, 0x2e, 0x2e, 0x2e, 0x2e, 0x2e, 0x31, 0x30,
  0x01, 0x49, 0x68, 0xb9, 0x00, 0x04, 0x00, 0x0c, 0x49, 0x68, 0x61, 0xb0,
  0x40, 0x52, 0x58, 0x38, 0x11, 0x37, 0xb9, 0x00, 0x0c, 0xff, 0xc0, 0x38,
  0x59, 0x13, 0x15, 0x21, 0x11, 0x21, 0x35, 0x21, 0x35, 0x21, 0x11, 0x21,
  0x15, 0x7d, 0x01, 0xf4, 0xfd, 0x8f, 0x01, 0xf4, 0xfe, 0x0c, 0x02, 0x71,
  0x01, 0xf4, 0x7d, 0xfe, 0x89, 0x7d, 0x7d, 0x01, 0x77, 0x7d, 0x00, 0x02,
  0x00, 0x00, 0x00, 0x00, 0x02, 0x71, 0x02, 0x71, 0x00, 0x07, 0x00, 0x0b,
  0x00, 0x5f, 0x40, 0x23, 0x01, 0x0c, 0x0c, 0x40, 0x0d, 0x01, 0x0b, 0x0a,
  0x09, 0x08, 0x07, 0x06, 0x01, 0x00, 0x0b, 0x0a, 0x09, 0x08, 0x07, 0x06,
  0x05, 0x04, 0x03, 0x02, 0x01, 0x00, 0x05, 0x04, 0x03, 0x03, 0x02, 0x01,
  0x01, 0x03, 0x46, 0x76, 0x2f, 0x37, 0x18, 0x00, 0x3f, 0x3c, 0x3f, 0x3c,
  0x01, 0x2e, 0x2e, 0x2e, 0x2e, 0x2e, 0x2e, 0x2e, 0x2e, 0x2e, 0x2e, 0x2e,
  0x2e, 0x00, 0x2e, 0x2e, 0x2e, 0x2e, 0x2e, 0x2e, 0x2e, 0x2e, 0x31, 0x30,
  0x01, 0x49, 0x68, 0xb9, 0x00, 0x03, 0x00, 0x0c, 0x49, 0x68, 0x61, 0xb0,
  0x40, 0x52, 0x58, 0x38, 0x11, 0x37, 0xb9, 0x00, 0x0c, 0xff, 0xc0, 0x38,
  0x59, 0x13, 0x21, 0x11, 0x21, 0x11, 0x21, 0x15, 0x21, 0x01, 0x35, 0x21,
  0x15, 0x7d, 0x01, 0xf4, 0xfd, 0x8f, 0x02, 0x71, 0xfe, 0x0c, 0x01, 0x77,
  0xfe, 0x89, 0x01, 0x77, 0xfe, 0x89, 0x02, 0x71, 0x7d, 0xfe, 0x89, 0x7d,
  0x7d, 0x00, 0x00, 0x01, 0x00, 0x00, 0x00, 0x00, 0x01, 0xf4, 0x02, 0x71,
  0x00, 0x05, 0x00, 0x47, 0x40, 0x17, 0x01, 0x06, 0x06, 0x40, 0x07, 0x01,
  0x05, 0x04, 0x05, 0x04, 0x03, 0x02, 0x01, 0x00, 0x03, 0x02, 0x01, 0x01,
  0x00, 0x03, 0x01, 0x00, 0x46, 0x76, 0x2f, 0x37, 0x18, 0x00, 0x3f, 0x3c,
  0x3f, 0x3c, 0x01, 0x2e, 0x2e, 0x2e, 0x2e, 0x2e, 0x2e, 0x00, 0x2e, 0x2e,
  0x31, 0x30, 0x01, 0x49, 0x68, 0xb9, 0x00, 0x00, 0x00, 0x06, 0x49, 0x68,
  0x61, 0xb0, 0x40, 0x52, 0x58, 0x38, 0x11, 0x37, 0xb9, 0x00, 0x06, 0xff,
  0xc0, 0x38, 0x59, 0x11, 0x21, 0x11, 0x23, 0x11, 0x21, 0x01, 0xf4, 0x7d,
  0xfe, 0x89, 0x02, 0x71, 0xfd, 0x8f, 0x01, 0xf4, 0x00, 0x03, 0x00, 0x00,
  0x00, 0x00, 0x02, 0x71, 0x02, 0x71, 0x00, 0x03, 0x00, 0x07, 0x00, 0x0b,
  0x00, 0x5f, 0x40, 0x23, 0x01, 0x0c, 0x0c, 0x40, 0x0d, 0x01, 0x0b, 0x0a,
  0x09, 0x08, 0x07, 0x06, 0x05, 0x04, 0x0b, 0x0a, 0x09, 0x08, 0x07, 0x06,
  0x05, 0x04, 0x03, 0x02, 0x01, 0x00, 0x03, 0x02, 0x01, 0x01, 0x00, 0x03,
  0x01, 0x00, 0x46, 0x76, 0x2f, 0x37, 0x18, 0x00, 0x3f, 0x3c, 0x3f, 0x3c,
  0x01, 0x2e, 0x2e, 0x2e, 0x2e, 0x2e, 0x2e, 0x2e, 0x2e, 0x2e, 0x2e, 0x2e,
  0x2e, 0x00, 0x2e, 0x2e, 0x2e, 0x2e, 0x2e, 0x2e, 0x2e, 0x2e, 0x31, 0x30,
  0x01, 0x49, 0x68, 0xb9, 0x00, 0x00, 0x00, 0x0c, 0x49, 0x68, 0x61, 0xb0,
  0x40, 0x52, 0x58, 0x38, 0x11, 0x37, 0xb9, 0x00, 0x0c, 0xff, 0xc0, 0x38,
  0x59, 0x11, 0x21, 0x11, 0x21, 0x13, 0x15, 0x21, 0x35, 0x11, 0x35, 0x21,
  0x15, 0x02, 0x71, 0xfd, 0x8f, 0x7d, 0x01, 0x77, 0xfe, 0x83, 0x02, 0x71,
  0xfd, 0x8f, 0x01, 0xf4, 0x7d, 0x7d, 0xfe, 0x89, 0x7d, 0x7d, 0x00, 0x02,
  0x00, 0x00, 0x00, 0x00, 0x02, 0x71, 0x02, 0x71, 0x00, 0x07, 0x00, 0x0b,
  0x00, 0x5f, 0x40, 0x23, 0x01, 0x0c, 0x0c, 0x40, 0x0d, 0x03, 0x0b, 0x0a,
  0x09, 0x08, 0x07, 0x06, 0x01, 0x00, 0x0b, 0x0a, 0x09, 0x08, 0x07, 0x06,
  0x05, 0x04, 0x03, 0x02, 0x01, 0x00, 0x05, 0x04, 0x01, 0x03, 0x02, 0x03,
  0x01, 0x01, 0x46, 0x76, 0x2f, 0x37, 0x18, 0x00, 0x3f, 0x3c, 0x3f, 0x3c,
  0x01, 0x2e, 0x2e, 0x2e, 0x2e, 0x2e, 0x2e, 0x2e, 0x2e, 0x2e, 0x2e, 0x2e,
  0x2e, 0x00, 0x2e, 0x2e, 0x2e, 0x2e, 0x2e, 0x2e, 0x2e, 0x2e, 0x31, 0x30,
  0x01, 0x49, 0x68, 0xb9, 0x00, 0x01, 0x00, 0x0c, 0x49, 0x68, 0x61, 0xb0,
  0x40, 0x52, 0x58, 0x38, 0x11, 0x37, 0xb9, 0x00, 0x0c, 0xff, 0xc0, 0x38,
  0x59, 0x25, 0x21, 0x11, 0x21, 0x11, 0x21, 0x35, 0x21, 0x01, 0x15, 0x21,
  0x35, 0x01, 0xf4, 0xfe, 0x0c, 0x02, 0x71, 0xfd, 0x8f, 0x01, 0xf4, 0xfe,
  0x89, 0x01, 0x77, 0xfa, 0x01, 0x77, 0xfd, 0x8f, 0x7d, 0x01, 0x77, 0x7d,
  0x7d, 0x00, 0x00, 0x02, 0x00, 0x7d, 0x00, 0x7d, 0x00, 0xfa, 0x01, 0xf4,
  0x00, 0x03, 0x00, 0x07, 0x00, 0x4e, 0x40, 0x1a, 0x01, 0x08, 0x08, 0x40,
  0x09, 0x01, 0x07, 0x06, 0x01, 0x00, 0x07, 0x06, 0x05, 0x04, 0x03, 0x02,
  0x01, 0x00, 0x03, 0x02, 0x05, 0x04, 0x02, 0x01, 0x00, 0x46, 0x76, 0x2f,
  0x37, 0x18, 0x00, 0x3f, 0x3c, 0x2f, 0x3c, 0x01, 0x2e, 0x2e, 0x2e, 0x2e,
  0x2e, 0x2e, 0x2e, 0x2e, 0x00, 0x2e, 0x2e, 0x2e, 0x2e, 0x31, 0x30, 0x01,
  0x49, 0x68, 0xb9, 0x00, 0x00, 0x00, 0x08, 0x49, 0x68, 0x61, 0xb0, 0x40,
  0x52, 0x58, 0x38, 0x11, 0x37, 0xb9, 0x00, 0x08, 0xff, 0xc0, 0x38, 0x59,
  0x37, 0x33, 0x15, 0x23, 0x11, 0x33, 0x15, 0x23, 0x7d, 0x7d, 0x7d, 0x7d,
  0x7d, 0xfa, 0x7d, 0x01, 0x77, 0x7d, 0x00, 0x02, 0x00, 0x00, 0xff, 0x06,
  0x00, 0xfa, 0x01, 0xf4, 0x00, 0x03, 0x00, 0x0b, 0x00, 0x5f, 0x40, 0x23,
  0x01, 0x0c, 0x0c, 0x40, 0x0d, 0x01, 0x09, 0x08, 0x07, 0x06, 0x05, 0x04,
  0x03, 0x02, 0x0b, 0x0a, 0x09, 0x08, 0x07, 0x06, 0x05, 0x04, 0x03, 0x02,
  0x01, 0x00, 0x0b, 0x0a, 0x00, 0x01, 0x00, 0x02, 0x01, 0x04, 0x46, 0x76,
  0x2f, 0x37, 0x18, 0x00, 0x3f, 0x3c, 0x3f, 0x3c, 0x01, 0x2e, 0x2e, 0x2e,
  0x2e, 0x2e, 0x2e, 0x2e, 0x2e, 0x2e, 0x2e, 0x2e, 0x2e, 0x00, 0x2e, 0x2e,
  0x2e, 0x2e, 0x2e, 0x2e, 0x2e, 0x2e, 0x31, 0x30, 0x01, 0x49, 0x68, 0xb9,
  0x00, 0x04, 0x00, 0x0c, 0x49, 0x68, 0x61, 0xb0, 0x40, 0x52, 0x58, 0x38,
  0x11, 0x37, 0xb9, 0x00, 0x0c, 0xff, 0xc0, 0x38, 0x59, 0x13, 0x33, 0x15,
  0x23, 0x03, 0x33, 0x35, 0x33, 0x15, 0x23, 0x15, 0x23, 0x7d, 0x7d, 0x7d,
  0x7d, 0x7d, 0x7d, 0x7d, 0x7d, 0x01, 0xf4, 0x7d, 0xfe, 0x0c, 0xfa, 0xfa,
  0x7d, 0x00, 0x00, 0x01, 0x00, 0x00, 0x00, 0x00, 0x01, 0x77, 0x02, 0x71,
  0x00, 0x13, 0x00, 0x80, 0x40, 0x34, 0x01, 0x14, 0x14, 0x40, 0x15, 0x00,
  0x10, 0x0f, 0x0e, 0x0d, 0x0c, 0x0b, 0x08, 0x07, 0x06, 0x05, 0x04, 0x03,
  0x02, 0x01, 0x13, 0x12, 0x11, 0x10, 0x0f, 0x0e, 0x0d, 0x0c, 0x0b, 0x0a,
  0x09, 0x08, 0x07, 0x06, 0x05, 0x04, 0x03, 0x02, 0x01, 0x00, 0x12, 0x11,
  0x02, 0x0a, 0x09, 0x01, 0x13, 0x00, 0x03, 0x01, 0x0e, 0x46, 0x76, 0x2f,
  0x37, 0x18, 0x00, 0x3f, 0x3c, 0x3f, 0x3c, 0x3f, 0x3c, 0x01, 0x2e, 0x2e,
  0x2e, 0x2e, 0x2e, 0x2e, 0x2e, 0x2e, 0x2e, 0x2e, 0x2e, 0x2e, 0x2e, 0x2e,
  0x2e, 0x2e, 0x2e, 0x2e, 0x2e, 0x2e, 0x00, 0x2e, 0x2e, 0x2e, 0x2e, 0x2e,
  0x2e, 0x2e, 0x2e, 0x2e, 0x2e, 0x2e, 0x2e, 0x2e, 0x2e, 0x31, 0x30, 0x01,
  0x49, 0x68, 0xb9, 0x00, 0x0e, 0x00, 0x14, 0x49, 0x68, 0x61, 0xb0, 0x40,
  0x52, 0x58, 0x38, 0x11, 0x37, 0xb9, 0x00, 0x14, 0xff, 0xc0, 0x38, 0x59,
  0x01, 0x15, 0x23, 0x15, 0x23, 0x15, 0x33, 0x15, 0x33, 0x15, 0x23, 0x35,
  0x23, 0x35, 0x23, 0x35, 0x33, 0x35, 0x33, 0x35, 0x01, 0x77, 0x7d, 0x7d,
  0x7d, 0x7d, 0x7d, 0x7d, 0x7d, 0x7d, 0x7d, 0x02, 0x71, 0x7d, 0x7d, 0x7d,
  0x7d, 0x7d, 0x7d, 0x7d, 0x7d, 0x7d, 0x7d, 0x00, 0x00, 0x02, 0x00, 0x00,
  0x00, 0x7d, 0x02, 0x71, 0x01, 0xf4, 0x00, 0x03, 0x00, 0x07, 0x00, 0x4e,
  0x40, 0x1a, 0x01, 0x08, 0x08, 0x40, 0x09, 0x01, 0x06, 0x05, 0x03, 0x02,
  0x07, 0x06, 0x05, 0x04, 0x03, 0x02, 0x01, 0x00, 0x07, 0x04, 0x01, 0x00,
  0x02, 0x01, 0x00, 0x46, 0x76, 0x2f, 0x37, 0x18, 0x00, 0x3f, 0x3c, 0x2f,
  0x3c, 0x01, 0x2e, 0x2e, 0x2e, 0x2e, 0x2e, 0x2e, 0x2e, 0x2e, 0x00, 0x2e,
  0x2e, 0x2e, 0x2e, 0x31, 0x30, 0x01, 0x49, 0x68, 0xb9, 0x00, 0x00, 0x00,
  0x08, 0x49, 0x68, 0x61, 0xb0, 0x40, 0x52, 0x58, 0x38, 0x11, 0x37, 0xb9,
  0x00, 0x08, 0xff, 0xc0, 0x38, 0x59, 0x11, 0x21, 0x15, 0x21, 0x15, 0x35,
  0x21, 0x15, 0x02, 0x71, 0xfd, 0x8f, 0x02, 0x71, 0x01, 0xf4, 0x7d, 0xfa,
  0x7d, 0x7d, 0x00, 0x01, 0x00, 0x00, 0x00, 0x00, 0x01, 0x77, 0x02, 0x71,
  0x00, 0x13, 0x00, 0x80, 0x40, 0x34, 0x01, 0x14, 0x14, 0x40, 0x15, 0x05,
  0x13, 0x12, 0x11, 0x10, 0x0f, 0x0e, 0x0d, 0x0c, 0x09, 0x08, 0x07, 0x06,
  0x05, 0x04, 0x13, 0x12, 0x11, 0x10, 0x0f, 0x0e, 0x0d, 0x0c, 0x0b, 0x0a,
  0x09, 0x08, 0x07, 0x06, 0x05, 0x04, 0x03, 0x02, 0x01, 0x00, 0x0b, 0x0a,
  0x01, 0x03, 0x02, 0x02, 0x01, 0x00, 0x03, 0x01, 0x00, 0x46, 0x76, 0x2f,
  0x37, 0x18, 0x00, 0x3f, 0x3c, 0x3f, 0x3c, 0x3f, 0x3c, 0x01, 0x2e, 0x2e,
  0x2e, 0x2e, 0x2e, 0x2e, 0x2e, 0x2e, 0x2e, 0x2e, 0x2e, 0x2e, 0x2e, 0x2e,
  0x2e, 0x2e, 0x2e, 0x2e, 0x2e, 0x2e, 0x00, 0x2e, 0x2e, 0x2e, 0x2e, 0x2e,
  0x2e, 0x2e, 0x2e, 0x2e, 0x2e, 0x2e, 0x2e, 0x2e, 0x2e, 0x31, 0x30, 0x01,
  0x49, 0x68, 0xb9, 0x00, 0x00, 0x00, 0x14, 0x49, 0x68, 0x61, 0xb0, 0x40,
  0x52, 0x58, 0x38, 0x11, 0x37, 0xb9, 0x00, 0x14, 0xff, 0xc0, 0x38, 0x59,
  0x11, 0x33, 0x15, 0x33, 0x15, 0x33, 0x15, 0x23, 0x15, 0x23, 0x15, 0x23,
  0x35, 0x33, 0x35, 0x33, 0x35, 0x23, 0x35, 0x23, 0x7d, 0x7d, 0x7d, 0x7d,
  0x7d, 0x7d, 0x7d, 0x7d, 0x7d, 0x7d, 0x02, 0x71, 0x7d, 0x7d, 0x7d, 0x7d,
  0x7d, 0x7d, 0x7d, 0x7d, 0x7d, 0x00, 0x00, 0x02, 0x00, 0x00, 0x00, 0x00,
  0x01, 0xf4, 0x02, 0x71, 0x00, 0x07, 0x00, 0x0b, 0x00, 0x5f, 0x40, 0x23,
  0x01, 0x0c, 0x0c, 0x40, 0x0d, 0x06, 0x0a, 0x09, 0x07, 0x04, 0x03, 0x02,
  0x01, 0x00, 0x0b, 0x0a, 0x09, 0x08, 0x07, 0x06, 0x05, 0x04, 0x03, 0x02,
  0x01, 0x00, 0x0b, 0x08, 0x01, 0x06, 0x05, 0x03, 0x01, 0x04, 0x46, 0x76,
  0x2f, 0x37, 0x18, 0x00, 0x3f, 0x3c, 0x3f, 0x3c, 0x01, 0x2e, 0x2e, 0x2e,
  0x2e, 0x2e, 0x2e, 0x2e, 0x2e, 0x2e, 0x2e, 0x2e, 0x2e, 0x00, 0x2e, 0x2e,
  0x2e, 0x2e, 0x2e, 0x2e, 0x2e, 0x2e, 0x31, 0x30, 0x01, 0x49, 0x68, 0xb9,
  0x00, 0x04, 0x00, 0x0c, 0x49, 0x68, 0x61, 0xb0, 0x40, 0x52, 0x58, 0x38,
  0x11, 0x37, 0xb9, 0x00, 0x0c, 0xff, 0xc0, 0x38, 0x59, 0x37, 0x35, 0x33,
  0x35, 0x21, 0x35, 0x21, 0x11, 0x05, 0x35, 0x33, 0x15, 0x7d, 0xfa, 0xfe,
  0x89, 0x01, 0xf4, 0xfe, 0x89, 0x7d, 0xfa, 0x7d, 0x7d, 0x7d, 0xfe, 0x89,
  0xfa, 0x7d, 0x7d, 0x00, 0x00, 0x01, 0x00, 0x00, 0x00, 0x00, 0x02, 0x71,
  0x02, 0x71, 0x00, 0x0b, 0x00, 0x61, 0x40, 0x25, 0x01, 0x0c, 0x0c, 0x40,
  0x0d, 0x05, 0x0b, 0x0a, 0x09, 0x08, 0x07, 0x06, 0x05, 0x04, 0x03, 0x02,
  0x01, 0x00, 0x01, 0x00, 0x06, 0x03, 0x02, 0x0b, 0x0a, 0x06, 0x05, 0x04,
  0x09, 0x08, 0x03, 0x07, 0x06, 0x01, 0x01, 0x07, 0x46, 0x76, 0x2f, 0x37,
  0x18, 0x00, 0x3f, 0x3c, 0x3f, 0x3c, 0x2f, 0x3c, 0xfd, 0x3c, 0x2f, 0x3c,
  0xfd, 0x3c, 0x01, 0x2e, 0x2e, 0x2e, 0x2e, 0x2e, 0x2e, 0x2e, 0x2e, 0x2e,
  0x2e, 0x2e, 0x2e, 0x00, 0x31, 0x30, 0x01, 0x49, 0x68, 0xb9, 0x00, 0x07,
  0x00, 0x0c, 0x49, 0x68, 0x61, 0xb0, 0x40, 0x52, 0x58, 0x38, 0x11, 0x37,
  0xb9, 0x00, 0x0c, 0xff, 0xc0, 0x38, 0x59, 0x13, 0x33, 0x35, 0x21, 0x11,
  0x21, 0x15, 0x21, 0x11, 0x21, 0x11, 0x21, 0xfa, 0xfa, 0xfe, 0x89, 0x01,
  0xf4, 0xfd, 0x8f, 0x02, 0x71, 0xfe, 0x89, 0x01, 0x77, 0x7d, 0xfe, 0x89,
  0x7d, 0x02, 0x71, 0xfe, 0x89, 0x00, 0x00, 0x02, 0x00, 0x00, 0x00, 0x00,
  0x02, 0x71, 0x02, 0x71, 0x00, 0x07, 0x00, 0x0b, 0x00, 0x5f, 0x40, 0x24,
  0x01, 0x0c, 0x0c, 0x40, 0x0d, 0x01, 0x0b, 0x0a, 0x09, 0x08, 0x05, 0x04,
  0x0b, 0x0a, 0x09, 0x08, 0x07, 0x06, 0x05, 0x04, 0x03, 0x02, 0x01, 0x00,
  0x07, 0x06, 0x03, 0x03, 0x02, 0x01, 0x01, 0x00, 0x03, 0x01, 0x00, 0x46,
  0x76, 0x2f, 0x37, 0x18, 0x00, 0x3f, 0x3c, 0x3f, 0x17, 0x3c, 0x01, 0x2e,
  0x2e, 0x2e, 0x2e, 0x2e, 0x2e, 0x2e, 0x2e, 0x2e, 0x2e, 0x2e, 0x2e, 0x00,
  0x2e, 0x2e, 0x2e, 0x2e, 0x2e, 0x2e, 0x31, 0x30, 0x01, 0x49, 0x68, 0xb9,
  0x00, 0x00, 0x00, 0x0c, 0x49, 0x68, 0x61, 0xb0, 0x40, 0x52, 0x58, 0x38,
  0x11, 0x37, 0xb9, 0x00, 0x0c, 0xff, 0xc0, 0x38, 0x59, 0x11, 0x21, 0x11,
  0x23, 0x35, 0x21, 0x15, 0x23, 0x01, 0x35, 0x21, 0x15, 0x02, 0x71, 0x7d,
  0xfe, 0x89, 0x7d, 0x01, 0xf4, 0xfe, 0x89, 0x02, 0x71, 0xfd, 0x8f, 0xfa,
  0xfa, 0x01, 0x77, 0x7d, 0x7d, 0x00, 0x00, 0x03, 0x00, 0x00, 0x00, 0x00,
  0x02, 0x71, 0x02, 0x71, 0x00, 0x07, 0x00, 0x0b, 0x00, 0x0f, 0x00, 0x6f,
  0x40, 0x2b, 0x01, 0x10, 0x10, 0x40, 0x11, 0x01, 0x0f, 0x0e, 0x0d, 0x0c,
  0x0b, 0x0a, 0x09, 0x08, 0x05, 0x04, 0x03, 0x02, 0x0f, 0x0e, 0x0d, 0x0c,
  0x0b, 0x0a, 0x09, 0x08, 0x07, 0x06, 0x05, 0x04, 0x03, 0x02, 0x01, 0x00,
  0x07, 0x06, 0x01, 0x01, 0x00, 0x03, 0x01, 0x00, 0x46, 0x76, 0x2f, 0x37,
  0x18, 0x00, 0x3f, 0x3c, 0x3f, 0x3c, 0x01, 0x2e, 0x2e, 0x2e, 0x2e, 0x2e,
  0x2e, 0x2e, 0x2e, 0x2e, 0x2e, 0x2e, 0x2e, 0x2e, 0x2e, 0x2e, 0x2e, 0x00,
  0x2e, 0x2e, 0x2e, 0x2e, 0x2e, 0x2e, 0x2e, 0x2e, 0x2e, 0x2e, 0x2e, 0x2e,
  0x31, 0x30, 0x01, 0x49, 0x68, 0xb9, 0x00, 0x00, 0x00, 0x10, 0x49, 0x68,
  0x61, 0xb0, 0x40, 0x52, 0x58, 0x38, 0x11, 0x37, 0xb9, 0x00, 0x10, 0xff,
  0xc0, 0x38, 0x59, 0x11, 0x21, 0x15, 0x23, 0x15, 0x33, 0x15, 0x21, 0x25,
  0x21, 0x15, 0x21, 0x11, 0x21, 0x15, 0x21, 0x02, 0x71, 0x7d, 0x7d, 0xfd,
  0x8f, 0x01, 0xef, 0xfe, 0x8e, 0x01, 0x72, 0xfe, 0x8e, 0x01, 0x72, 0x02,
  0x71, 0xfa, 0x7d, 0xfa, 0xfa, 0x7d, 0x01, 0x77, 0x7d, 0x00, 0x00, 0x01,
  0x00, 0x00, 0x00, 0x00, 0x02, 0x71, 0x02, 0x71, 0x00, 0x07, 0x00, 0x4f,
  0x40, 0x1b, 0x01, 0x08, 0x08, 0x40, 0x09, 0x00, 0x03, 0x02, 0x01, 0x00,
  0x07, 0x06, 0x05, 0x04, 0x03, 0x02, 0x01, 0x00, 0x07, 0x06, 0x03, 0x05,
  0x04, 0x01, 0x01, 0x05, 0x46, 0x76, 0x2f, 0x37, 0x18, 0x00, 0x3f, 0x3c,
  0x3f, 0x3c, 0x01, 0x2e, 0x2e, 0x2e, 0x2e, 0x2e, 0x2e, 0x2e, 0x2e, 0x00,
  0x2e, 0x2e, 0x2e, 0x2e, 0x31, 0x30, 0x01, 0x49, 0x68, 0xb9, 0x00, 0x05,
  0x00, 0x08, 0x49, 0x68, 0x61, 0xb0, 0x40, 0x52, 0x58, 0x38, 0x11, 0x37,
  0xb9, 0x00, 0x08, 0xff, 0xc0, 0x38, 0x59, 0x01, 0x21, 0x11, 0x21, 0x15,
  0x21, 0x11, 0x21, 0x02, 0x71, 0xfe, 0x0c, 0x01, 0xf4, 0xfd, 0x8f, 0x02,
  0x71, 0x01, 0xf4, 0xfe, 0x89, 0x7d, 0x02, 0x71, 0x00, 0x02, 0x00, 0x00,
  0x00, 0x00, 0x02, 0x71, 0x02, 0x71, 0x00, 0x07, 0x00, 0x0b, 0x00, 0x60,
  0x40, 0x24, 0x01, 0x0c, 0x0c, 0x40, 0x0d, 0x01, 0x0b, 0x0a, 0x09, 0x08,
  0x03, 0x02, 0x0b, 0x0a, 0x09, 0x08, 0x07, 0x06, 0x05, 0x04, 0x03, 0x02,
  0x01, 0x00, 0x07, 0x06, 0x03, 0x05, 0x04, 0x01, 0x01, 0x00, 0x02, 0x01,
  0x05, 0x46, 0x76, 0x2f, 0x37, 0x18, 0x00, 0x3f, 0x3c, 0x3f, 0x3c, 0x3f,
  0x3c, 0x01, 0x2e, 0x2e, 0x2e, 0x2e, 0x2e, 0x2e, 0x2e, 0x2e, 0x2e, 0x2e,
  0x2e, 0x2e, 0x00, 0x2e, 0x2e, 0x2e, 0x2e, 0x2e, 0x2e, 0x31, 0x30, 0x01,
  0x49, 0x68, 0xb9, 0x00, 0x05, 0x00, 0x0c, 0x49, 0x68, 0x61, 0xb0, 0x40,
  0x52, 0x58, 0x38, 0x11, 0x37, 0xb9, 0x00, 0x0c, 0xff, 0xc0, 0x38, 0x59,
  0x01, 0x33, 0x11, 0x23, 0x15, 0x21, 0x11, 0x21, 0x07, 0x21, 0x11, 0x21,
  0x01, 0xf4, 0x7d, 0x7d, 0xfe, 0x0c, 0x01, 0xf4, 0x05, 0xfe, 0x8e, 0x01,
  0x72, 0x01, 0xf4, 0xfe, 0x89, 0x7d, 0x02, 0x71, 0x7d, 0xfe, 0x89, 0x00,
  0x00, 0x01, 0x00, 0x00, 0x00, 0x00, 0x02, 0x71, 0x02, 0x71, 0x00, 0x0b,
  0x00, 0x5f, 0x40, 0x23, 0x01, 0x0c, 0x0c, 0x40, 0x0d, 0x00, 0x07, 0x06,
  0x05, 0x04, 0x03, 0x02, 0x01, 0x00, 0x0b, 0x0a, 0x09, 0x08, 0x07, 0x06,
  0x05, 0x04, 0x03, 0x02, 0x01, 0x00, 0x0b, 0x0a, 0x03, 0x09, 0x08, 0x01,
  0x01, 0x09, 0x46, 0x76, 0x2f, 0x37, 0x18, 0x00, 0x3f, 0x3c, 0x3f, 0x3c,
  0x01, 0x2e, 0x2e, 0x2e, 0x2e, 0x2e, 0x2e, 0x2e, 0x2e, 0x2e, 0x2e, 0x2e,
  0x2e, 0x00, 0x2e, 0x2e, 0x2e, 0x2e, 0x2e, 0x2e, 0x2e, 0x2e, 0x31, 0x30,
  0x01, 0x49, 0x68, 0xb9, 0x00, 0x09, 0x00, 0x0c, 0x49, 0x68, 0x61, 0xb0,
  0x40, 0x52, 0x58, 0x38, 0x11, 0x37, 0xb9, 0x00, 0x0c, 0xff, 0xc0, 0x38,
  0x59, 0x01, 0x21, 0x15, 0x21, 0x15, 0x21, 0x15, 0x21, 0x15, 0x21, 0x11,
  0x21, 0x02, 0x71, 0xfe, 0x0c, 0x01, 0x77, 0xfe, 0x89, 0x01, 0xf4, 0xfd,
  0x8f, 0x02, 0x71, 0x01, 0xf4, 0x7d, 0x7d, 0x7d, 0x7d, 0x02, 0x71, 0x00,
  0x00, 0x01, 0x00, 0x00, 0x00, 0x00, 0x02, 0x71, 0x02, 0x71, 0x00, 0x09,
  0x00, 0x57, 0x40, 0x1f, 0x01, 0x0a, 0x0a, 0x40, 0x0b, 0x00, 0x05, 0x04,
  0x03, 0x02, 0x01, 0x00, 0x09, 0x08, 0x07, 0x06, 0x05, 0x04, 0x03, 0x02,
  0x01, 0x00, 0x09, 0x08, 0x03, 0x07, 0x06, 0x01, 0x01, 0x07, 0x46, 0x76,
  0x2f, 0x37, 0x18, 0x00, 0x3f, 0x3c, 0x3f, 0x3c, 0x01, 0x2e, 0x2e, 0x2e,
  0x2e, 0x2e, 0x2e, 0x2e, 0x2e, 0x2e, 0x2e, 0x00, 0x2e, 0x2e, 0x2e, 0x2e,
  0x2e, 0x2e, 0x31, 0x30, 0x01, 0x49, 0x68, 0xb9, 0x00, 0x07, 0x00, 0x0a,
  0x49, 0x68, 0x61, 0xb0, 0x40, 0x52, 0x58, 0x38, 0x11, 0x37, 0xb9, 0x00,
  0x0a, 0xff, 0xc0, 0x38, 0x59, 0x01, 0x21, 0x15, 0x21, 0x15, 0x21, 0x15,
  0x23, 0x11, 0x21, 0x02, 0x71, 0xfe, 0x0c, 0x01, 0x77, 0xfe, 0x89, 0x7d,
  0x02, 0x71, 0x01, 0xf4, 0x7d, 0x7d, 0xfa, 0x02, 0x71, 0x00, 0x00, 0x01,
  0x00, 0x00, 0x00, 0x00, 0x02, 0x71, 0x02, 0x71, 0x00, 0x0b, 0x00, 0x5f,
  0x40, 0x23, 0x01, 0x0c, 0x0c, 0x40, 0x0d, 0x05, 0x0b, 0x0a, 0x05, 0x04,
  0x03, 0x02, 0x01, 0x00, 0x0b, 0x0a, 0x09, 0x08, 0x07, 0x06, 0x05, 0x04,
  0x03, 0x02, 0x01, 0x00, 0x09, 0x08, 0x03, 0x07, 0x06, 0x01, 0x01, 0x07,
  0x46, 0x76, 0x2f, 0x37, 0x18, 0x00, 0x3f, 0x3c, 0x3f, 0x3c, 0x01, 0x2e,
  0x2e, 0x2e, 0x2e, 0x2e, 0x2e, 0x2e, 0x2e, 0x2e, 0x2e, 0x2e, 0x2e, 0x00,
  0x2e, 0x2e, 0x2e, 0x2e, 0x2e, 0x2e, 0x2e, 0x2e, 0x31, 0x30, 0x01, 0x49,
  0x68, 0xb9, 0x00, 0x07, 0x00, 0x0c, 0x49, 0x68, 0x61, 0xb0, 0x40, 0x52,
  0x58, 0x38, 0x11, 0x37, 0xb9, 0x00, 0x0c, 0xff, 0xc0, 0x38, 0x59, 0x37,
  0x21, 0x35, 0x23, 0x35, 0x21, 0x11, 0x21, 0x11, 0x21, 0x15, 0x21, 0x7d,
  0x01, 0x77, 0xfa, 0x01, 0x77, 0xfd, 0x8f, 0x02, 0x71, 0xfe, 0x0c, 0x7d,
  0x7d, 0x7d, 0xfe, 0x89, 0x02, 0x71, 0x7d, 0x00, 0x00, 0x01, 0x00, 0x00,
  0x00, 0x00, 0x02, 0x71, 0x02, 0x71, 0x00, 0x0b, 0x00, 0x5f, 0x40, 0x25,
  0x01, 0x0c, 0x0c, 0x40, 0x0d, 0x01, 0x0b, 0x0a, 0x05, 0x04, 0x0b, 0x0a,
  0x09, 0x08, 0x07, 0x06, 0x05, 0x04, 0x03, 0x02, 0x01, 0x00, 0x07, 0x06,
  0x03, 0x03, 0x02, 0x01, 0x09, 0x08, 0x01, 0x03, 0x00, 0x03, 0x01, 0x07,
  0x46, 0x76, 0x2f, 0x37, 0x18, 0x00, 0x3f, 0x17, 0x3c, 0x3f, 0x17, 0x3c,
  0x01, 0x2e, 0x2e, 0x2e, 0x2e, 0x2e, 0x2e, 0x2e, 0x2e, 0x2e, 0x2e, 0x2e,
  0x2e, 0x00, 0x2e, 0x2e, 0x2e, 0x2e, 0x31, 0x30, 0x01, 0x49, 0x68, 0xb9,
  0x00, 0x07, 0x00, 0x0c, 0x49, 0x68, 0x61, 0xb0, 0x40, 0x52, 0x58, 0x38,
  0x11, 0x37, 0xb9, 0x00, 0x0c, 0xff, 0xc0, 0x38, 0x59, 0x01, 0x33, 0x11,
  0x23, 0x35, 0x21, 0x15, 0x23, 0x11, 0x33, 0x15, 0x21, 0x01, 0xf4, 0x7d,
  0x7d, 0xfe, 0x89, 0x7d, 0x7d, 0x01, 0x77, 0x02, 0x71, 0xfd, 0x8f, 0xfa,
  0xfa, 0x02, 0x71, 0xfa, 0x00, 0x01, 0x00, 0x00, 0x00, 0x00, 0x00, 0x7d,
  0x02, 0x71, 0x00, 0x03, 0x00, 0x3f, 0x40, 0x13, 0x01, 0x04, 0x04, 0x40,
  0x05, 0x01, 0x03, 0x02, 0x01, 0x00, 0x03, 0x02, 0x01, 0x01, 0x00, 0x03,
  0x01, 0x00, 0x46, 0x76, 0x2f, 0x37, 0x18, 0x00, 0x3f, 0x3c, 0x3f, 0x3c,
  0x01, 0x2e, 0x2e, 0x2e, 0x2e, 0x00, 0x31, 0x30, 0x01, 0x49, 0x68, 0xb9,
  0x00, 0x00, 0x00, 0x04, 0x49, 0x68, 0x61, 0xb0, 0x40, 0x52, 0x58, 0x38,
  0x11, 0x37, 0xb9, 0x00, 0x04, 0xff, 0xc0, 0x38, 0x59, 0x11, 0x33, 0x11,
  0x23, 0x7d, 0x7d, 0x02, 0x71, 0xfd, 0x8f, 0x00, 0x00, 0x01, 0x00, 0x00,
  0x00, 0x00, 0x01, 0xf4, 0x02, 0x71, 0x00, 0x05, 0x00, 0x47, 0x40, 0x17,
  0x01, 0x06, 0x06, 0x40, 0x07, 0x01, 0x05, 0x04, 0x05, 0x04, 0x03, 0x02,
  0x01, 0x00, 0x03, 0x02, 0x01, 0x01, 0x00, 0x03, 0x01, 0x03, 0x46, 0x76,
  0x2f, 0x37, 0x18, 0x00, 0x3f, 0x3c, 0x3f, 0x3c, 0x01, 0x2e, 0x2e, 0x2e,
  0x2e, 0x2e, 0x2e, 0x00, 0x2e, 0x2e, 0x31, 0x30, 0x01, 0x49, 0x68, 0xb9,
  0x00, 0x03, 0x00, 0x06, 0x49, 0x68, 0x61, 0xb0, 0x40, 0x52, 0x58, 0x38,
  0x11, 0x37, 0xb9, 0x00, 0x06, 0xff, 0xc0, 0x38, 0x59, 0x01, 0x33, 0x11,
  0x21, 0x35, 0x21, 0x01, 0x77, 0x7d, 0xfe, 0x0c, 0x01, 0x77, 0x02, 0x71,
  0xfd, 0x8f, 0x7d, 0x00, 0x00, 0x03, 0x00, 0x00, 0x00, 0x00, 0x02, 0x71,
  0x02, 0x71, 0x00, 0x03, 0x00, 0x07, 0x00, 0x0f, 0x00, 0x6f, 0x40, 0x2b,
  0x01, 0x10, 0x10, 0x40, 0x11, 0x00, 0x0f, 0x0e, 0x0d, 0x0c, 0x0b, 0x0a,
  0x09, 0x08, 0x06, 0x05, 0x03, 0x02, 0x0f, 0x0e, 0x0d, 0x0c, 0x0b, 0x0a,
  0x09, 0x08, 0x07, 0x06, 0x05, 0x04, 0x03, 0x02, 0x01, 0x00, 0x07, 0x04,
  0x03, 0x01, 0x00, 0x01, 0x01, 0x08, 0x46, 0x76, 0x2f, 0x37, 0x18, 0x00,
  0x3f, 0x3c, 0x3f, 0x3c, 0x01, 0x2e, 0x2e, 0x2e, 0x2e, 0x2e, 0x2e, 0x2e,
  0x2e, 0x2e, 0x2e, 0x2e, 0x2e, 0x2e, 0x2e, 0x2e, 0x2e, 0x00, 0x2e, 0x2e,
  0x2e, 0x2e, 0x2e, 0x2e, 0x2e, 0x2e, 0x2e, 0x2e, 0x2e, 0x2e, 0x31, 0x30,
  0x01, 0x49, 0x68, 0xb9, 0x00, 0x08, 0x00, 0x10, 0x49, 0x68, 0x61, 0xb0,
  0x40, 0x52, 0x58, 0x38, 0x11, 0x37, 0xb9, 0x00, 0x10, 0xff, 0xc0, 0x38,
  0x59, 0x21, 0x23, 0x35, 0x33, 0x11, 0x15, 0x23, 0x35, 0x01, 0x33, 0x35,
  0x21, 0x35, 0x21, 0x35, 0x23, 0x02, 0x71, 0x7d, 0x7d, 0x7d, 0xfe, 0x0c,
  0x7d, 0x01, 0x77, 0xfe, 0x89, 0x7d, 0xfa, 0x01, 0x77, 0xfa, 0xfa, 0xfd,
  0x8f, 0xfa, 0x7d, 0xfa, 0x00, 0x01, 0x00, 0x00, 0x00, 0x00, 0x01, 0xf4,
  0x02, 0x71, 0x00, 0x05, 0x00, 0x47, 0x40, 0x17, 0x01, 0x06, 0x06, 0x40,
  0x07, 0x01, 0x01, 0x00, 0x05, 0x04, 0x03, 0x02, 0x01, 0x00, 0x05, 0x04,
  0x03, 0x03, 0x02, 0x01, 0x01, 0x03, 0x46, 0x76, 0x2f, 0x37, 0x18, 0x00,
  0x3f, 0x3c, 0x3f, 0x3c, 0x01, 0x2e, 0x2e, 0x2e, 0x2e, 0x2e, 0x2e, 0x00,
  0x2e, 0x2e, 0x31, 0x30, 0x01, 0x49, 0x68, 0xb9, 0x00, 0x03, 0x00, 0x06,
  0x49, 0x68, 0x61, 0xb0, 0x40, 0x52, 0x58, 0x38, 0x11, 0x37, 0xb9, 0x00,
  0x06, 0xff, 0xc0, 0x38, 0x59, 0x37, 0x21, 0x15, 0x21, 0x11, 0x33, 0x7d,
  0x01, 0x77, 0xfe, 0x0c, 0x7d, 0x7d, 0x7d, 0x02, 0x71, 0x00, 0x00, 0x01,
  0x00, 0x00, 0x00, 0x00, 0x03, 0x6b, 0x02, 0x71, 0x00, 0x0b, 0x00, 0x5d,
  0x40, 0x24, 0x01, 0x0c, 0x0c, 0x40, 0x0d, 0x01, 0x09, 0x08, 0x05, 0x04,
  0x0b, 0x0a, 0x09, 0x08, 0x07, 0x06, 0x05, 0x04, 0x03, 0x02, 0x01, 0x00,
  0x0b, 0x0a, 0x07, 0x06, 0x03, 0x05, 0x02, 0x01, 0x01, 0x00, 0x03, 0x01,
  0x00, 0x46, 0x76, 0x2f, 0x37, 0x18, 0x00, 0x3f, 0x3c, 0x3f, 0x17, 0x3c,
  0x01, 0x2e, 0x2e, 0x2e, 0x2e, 0x2e, 0x2e, 0x2e, 0x2e, 0x2e, 0x2e, 0x2e,
  0x2e, 0x00, 0x2e, 0x2e, 0x2e, 0x2e, 0x31, 0x30, 0x01, 0x49, 0x68, 0xb9,
  0x00, 0x00, 0x00, 0x0c, 0x49, 0x68, 0x61, 0xb0, 0x40, 0x52, 0x58, 0x38,
  0x11, 0x37, 0xb9, 0x00, 0x0c, 0xff, 0xc0, 0x38, 0x59, 0x11, 0x21, 0x11,
  0x23, 0x11, 0x23, 0x11, 0x23, 0x11, 0x23, 0x11, 0x23, 0x03, 0x6b, 0x7d,
  0xfa, 0x7d, 0xfa, 0x7d, 0x02, 0x71, 0xfd, 0x8f, 0x01, 0xf4, 0xfe, 0x0c,
  0x01, 0xf4, 0xfe, 0x0c, 0x00, 0x01, 0x00, 0x00, 0x00, 0x00, 0x02, 0x71,
  0x02, 0x71, 0x00, 0x07, 0x00, 0x4f, 0x40, 0x1c, 0x01, 0x08, 0x08, 0x40,
  0x09, 0x01, 0x05, 0x04, 0x07, 0x06, 0x05, 0x04, 0x03, 0x02, 0x01, 0x00,
  0x07, 0x06, 0x03, 0x03, 0x02, 0x01, 0x01, 0x00, 0x03, 0x01, 0x00, 0x46,
  0x76, 0x2f, 0x37, 0x18, 0x00, 0x3f, 0x3c, 0x3f, 0x17, 0x3c, 0x01, 0x2e,
  0x2e, 0x2e, 0x2e, 0x2e, 0x2e, 0x2e, 0x2e, 0x00, 0x2e, 0x2e, 0x31, 0x30,
  0x01, 0x49, 0x68, 0xb9, 0x00, 0x00, 0x00, 0x08, 0x49, 0x68, 0x61, 0xb0,
  0x40, 0x52, 0x58, 0x38, 0x11, 0x37, 0xb9, 0x00, 0x08, 0xff, 0xc0, 0x38,
  0x59, 0x11, 0x21, 0x11, 0x23, 0x11, 0x21, 0x11, 0x23, 0x02, 0x71, 0x7d,
  0xfe, 0x89, 0x7d, 0x02, 0x71, 0xfd, 0x8f, 0x01, 0xf4, 0xfe, 0x0c, 0x00,
  0x00, 0x02, 0x00, 0x00, 0x00, 0x00, 0x02, 0x71, 0x02, 0x71, 0x00, 0x03,
  0x00, 0x07, 0x00, 0x4f, 0x40, 0x1b, 0x01, 0x08, 0x08, 0x40, 0x09, 0x00,
  0x07, 0x06, 0x05, 0x04, 0x07, 0x06, 0x05, 0x04, 0x03, 0x02, 0x01, 0x00,
  0x02, 0x01, 0x01, 0x03, 0x00, 0x03, 0x01, 0x02, 0x46, 0x76, 0x2f, 0x37,
  0x18, 0x00, 0x3f, 0x3c, 0x3f, 0x3c, 0x01, 0x2e, 0x2e, 0x2e, 0x2e, 0x2e,
  0x2e, 0x2e, 0x2e, 0x00, 0x2e, 0x2e, 0x2e, 0x2e, 0x31, 0x30, 0x01, 0x49,
  0x68, 0xb9, 0x00, 0x02, 0x00, 0x08, 0x49, 0x68, 0x61, 0xb0, 0x40, 0x52,
  0x58, 0x38, 0x11, 0x37, 0xb9, 0x00, 0x08, 0xff, 0xc0, 0x38, 0x59, 0x01,
  0x11, 0x21, 0x11, 0x01, 0x11, 0x21, 0x11, 0x02, 0x71, 0xfd, 0x8f, 0x01,
  0xf4, 0xfe, 0x89, 0x02, 0x71, 0xfd, 0x8f, 0x02, 0x71, 0xfe, 0x0c, 0x01,
  0x77, 0xfe, 0x89, 0x00, 0x00, 0x02, 0x00, 0x00, 0x00, 0x00, 0x02, 0x71,
  0x02, 0x71, 0x00, 0x05, 0x00, 0x09, 0x00, 0x57, 0x40, 0x1f, 0x01, 0x0a,
  0x0a, 0x40, 0x0b, 0x01, 0x09, 0x08, 0x07, 0x06, 0x03, 0x02, 0x09, 0x08,
  0x07, 0x06, 0x05, 0x04, 0x03, 0x02, 0x01, 0x00, 0x05, 0x04, 0x01, 0x01,
  0x00, 0x03, 0x01, 0x00, 0x46, 0x76, 0x2f, 0x37, 0x18, 0x00, 0x3f, 0x3c,
  0x3f, 0x3c, 0x01, 0x2e, 0x2e, 0x2e, 0x2e, 0x2e, 0x2e, 0x2e, 0x2e, 0x2e,
  0x2e, 0x00, 0x2e, 0x2e, 0x2e, 0x2e, 0x2e, 0x2e, 0x31, 0x30, 0x01, 0x49,
  0x68, 0xb9, 0x00, 0x00, 0x00, 0x0a, 0x49, 0x68, 0x61, 0xb0, 0x40, 0x52,
  0x58, 0x38, 0x11, 0x37, 0xb9, 0x00, 0x0a, 0xff, 0xc0, 0x38, 0x59, 0x11,
  0x21, 0x11, 0x21, 0x15, 0x23, 0x01, 0x35, 0x21, 0x15, 0x02, 0x71, 0xfe,
  0x0c, 0x7d, 0x01, 0xf4, 0xfe, 0x89, 0x02, 0x71, 0xfe, 0x89, 0xfa, 0x01,
  0x77, 0x7d, 0x7d, 0x00, 0x00, 0x02, 0x00, 0x00, 0xff, 0x83, 0x02, 0x71,
  0x02, 0x71, 0x00, 0x03, 0x00, 0x0b, 0x00, 0x5f, 0x40, 0x24, 0x01, 0x0c,
  0x0c, 0x40, 0x0d, 0x09, 0x03, 0x02, 0x01, 0x00, 0x0b, 0x0a, 0x09, 0x08,
  0x07, 0x06, 0x05, 0x04, 0x03, 0x02, 0x01, 0x00, 0x05, 0x04, 0x09, 0x08,
  0x03, 0x0b, 0x0a, 0x07, 0x03, 0x06, 0x01, 0x01, 0x07, 0x46, 0x76, 0x2f,
  0x37, 0x18, 0x00, 0x3f, 0x17, 0x3c, 0x3f, 0x3c, 0x2f, 0x3c, 0x01, 0x2e,
  0x2e, 0x2e, 0x2e, 0x2e, 0x2e, 0x2e, 0x2e, 0x2e, 0x2e, 0x2e, 0x2e, 0x00,
  0x2e, 0x2e, 0x2e, 0x2e, 0x31, 0x30, 0x01, 0x49, 0x68, 0xb9, 0x00, 0x07,
  0x00, 0x0c, 0x49, 0x68, 0x61, 0xb0, 0x40, 0x52, 0x58, 0x38, 0x11, 0x37,
  0xb9, 0x00, 0x0c, 0xff, 0xc0, 0x38, 0x59, 0x25, 0x11, 0x21, 0x11, 0x17,
  0x23, 0x35, 0x23, 0x11, 0x21, 0x11, 0x23, 0x01, 0xf4, 0xfe, 0x89, 0xfa,
  0x7d, 0xfa, 0x02, 0x71, 0xfa, 0x7d, 0x01, 0x77, 0xfe, 0x89, 0xfa, 0x7d,
  0x02, 0x71, 0xfd, 0x8f, 0x00, 0x02, 0x00, 0x00, 0x00, 0x00, 0x02, 0x71,
  0x02, 0x71, 0x00, 0x03, 0x00, 0x0f, 0x00, 0x6f, 0x40, 0x2c, 0x01, 0x10,
  0x10, 0x40, 0x11, 0x04, 0x0f, 0x0e, 0x0d, 0x0c, 0x07, 0x06, 0x03, 0x02,
  0x01, 0x00, 0x0f, 0x0e, 0x0d, 0x0c, 0x0b, 0x0a, 0x09, 0x08, 0x07, 0x06,
  0x05, 0x04, 0x03, 0x02, 0x01, 0x00, 0x0b, 0x0a, 0x03, 0x09, 0x08, 0x05,
  0x03, 0x04, 0x01, 0x01, 0x09, 0x46, 0x76, 0x2f, 0x37, 0x18, 0x00, 0x3f,
  0x17, 0x3c, 0x3f, 0x3c, 0x01, 0x2e, 0x2e, 0x2e, 0x2e, 0x2e, 0x2e, 0x2e,
  0x2e, 0x2e, 0x2e, 0x2e, 0x2e, 0x2e, 0x2e, 0x2e, 0x2e, 0x00, 0x2e, 0x2e,
  0x2e, 0x2e, 0x2e, 0x2e, 0x2e, 0x2e, 0x2e, 0x2e, 0x31, 0x30, 0x01, 0x49,
  0x68, 0xb9, 0x00, 0x09, 0x00, 0x10, 0x49, 0x68, 0x61, 0xb0, 0x40, 0x52,
  0x58, 0x38, 0x11, 0x37, 0xb9, 0x00, 0x10, 0xff, 0xc0, 0x38, 0x59, 0x01,
  0x35, 0x21, 0x15, 0x01, 0x23, 0x35, 0x21, 0x15, 0x23, 0x11, 0x21, 0x15,
  0x23, 0x15, 0x33, 0x01, 0xef, 0xfe, 0x8e, 0x01, 0xf4, 0x7d, 0xfe, 0x89,
  0x7d, 0x02, 0x71, 0x7d, 0x7d, 0x01, 0x77, 0x7d, 0x7d, 0xfe, 0x89, 0xfa,
  0xfa, 0x02, 0x71, 0xfa, 0x7d, 0x00, 0x00, 0x01, 0x00, 0x00, 0x00, 0x00,
  0x02, 0x71, 0x02, 0x71, 0x00, 0x0b, 0x00, 0x5f, 0x40, 0x23, 0x01, 0x0c,
  0x0c, 0x40, 0x0d, 0x02, 0x0b, 0x08, 0x07, 0x06, 0x05, 0x02, 0x01, 0x00,
  0x0b, 0x0a, 0x09, 0x08, 0x07, 0x06, 0x05, 0x04, 0x03, 0x02, 0x01, 0x00,
  0x0a, 0x09, 0x03, 0x04, 0x03, 0x01, 0x01, 0x04, 0x46, 0x76, 0x2f, 0x37,
  0x18, 0x00, 0x3f, 0x3c, 0x3f, 0x3c, 0x01, 0x2e, 0x2e, 0x2e, 0x2e, 0x2e,
  0x2e, 0x2e, 0x2e, 0x2e, 0x2e, 0x2e, 0x2e, 0x00, 0x2e, 0x2e, 0x2e, 0x2e,
  0x2e, 0x2e, 0x2e, 0x2e, 0x31, 0x30, 0x01, 0x49, 0x68, 0xb9, 0x00, 0x04,
  0x00, 0x0c, 0x49, 0x68, 0x61, 0xb0, 0x40, 0x52, 0x58, 0x38, 0x11, 0x37,
  0xb9, 0x00, 0x0c, 0xff, 0xc0, 0x38, 0x59, 0x13, 0x15, 0x21, 0x11, 0x21,
  0x35, 0x21, 0x35, 0x21, 0x11, 0x21, 0x15, 0x7d, 0x01, 0xf4, 0xfd, 0x8f,
  0x01, 0xf4, 0xfe, 0x0c, 0x02, 0x71, 0x01, 0xf4, 0x7d, 0xfe, 0x89, 0x7d,
  0x7d, 0x01, 0x77, 0x7d, 0x00, 0x01, 0x00, 0x00, 0x00, 0x00, 0x02, 0x71,
  0x02, 0x71, 0x00, 0x07, 0x00, 0x4f, 0x40, 0x1b, 0x01, 0x08, 0x08, 0x40,
  0x09, 0x00, 0x06, 0x05, 0x02, 0x01, 0x07, 0x06, 0x05, 0x04, 0x03, 0x02,
  0x01, 0x00, 0x04, 0x03, 0x01, 0x07, 0x00, 0x03, 0x01, 0x06, 0x46, 0x76,
  0x2f, 0x37, 0x18, 0x00, 0x3f, 0x3c, 0x3f, 0x3c, 0x01, 0x2e, 0x2e, 0x2e,
  0x2e, 0x2e, 0x2e, 0x2e, 0x2e, 0x00, 0x2e, 0x2e, 0x2e, 0x2e, 0x31, 0x30,
  0x01, 0x49, 0x68, 0xb9, 0x00, 0x06, 0x00, 0x08, 0x49, 0x68, 0x61, 0xb0,
  0x40, 0x52, 0x58, 0x38, 0x11, 0x37, 0xb9, 0x00, 0x08, 0xff, 0xc0, 0x38,
  0x59, 0x01, 0x15, 0x23, 0x11, 0x23, 0x11, 0x23, 0x35, 0x02, 0x71, 0xfa,
  0x7d, 0xfa, 0x02, 0x71, 0x7d, 0xfe, 0x0c, 0x01, 0xf4, 0x7d, 0x00, 0x01,
  0x00, 0x00, 0x00, 0x00, 0x02, 0x71, 0x02, 0x71, 0x00, 0x07, 0x00, 0x4f,
  0x40, 0x1c, 0x01, 0x08, 0x08, 0x40, 0x09, 0x01, 0x07, 0x06, 0x07, 0x06,
  0x05, 0x04, 0x03, 0x02, 0x01, 0x00, 0x03, 0x02, 0x01, 0x05, 0x04, 0x01,
  0x03, 0x00, 0x03, 0x01, 0x03, 0x46, 0x76, 0x2f, 0x37, 0x18, 0x00, 0x3f,
  0x17, 0x3c, 0x3f, 0x3c, 0x01, 0x2e, 0x2e, 0x2e, 0x2e, 0x2e, 0x2e, 0x2e,
  0x2e, 0x00, 0x2e, 0x2e, 0x31, 0x30, 0x01, 0x49, 0x68, 0xb9, 0x00, 0x03,
  0x00, 0x08, 0x49, 0x68, 0x61, 0xb0, 0x40, 0x52, 0x58, 0x38, 0x11, 0x37,
  0xb9, 0x00, 0x08, 0xff, 0xc0, 0x38, 0x59, 0x01, 0x33, 0x11, 0x21, 0x11,
  0x33, 0x11, 0x21, 0x01, 0xf4, 0x7d, 0xfd, 0x8f, 0x7d, 0x01, 0x77, 0x02,
  0x71, 0xfd, 0x8f, 0x02, 0x71, 0xfe, 0x0c, 0x00, 0x00, 0x03, 0x00, 0x00,
  0x00, 0x00, 0x02, 0x71, 0x02, 0x71, 0x00, 0x03, 0x00, 0x07, 0x00, 0x0b,
  0x00, 0x5f, 0x40, 0x24, 0x01, 0x0c, 0x0c, 0x40, 0x0d, 0x05, 0x0a, 0x09,
  0x07, 0x06, 0x02, 0x01, 0x0b, 0x0a, 0x09, 0x08, 0x07, 0x06, 0x05, 0x04,
  0x03, 0x02, 0x01, 0x00, 0x0b, 0x08, 0x01, 0x05, 0x04, 0x03, 0x03, 0x00,
  0x03, 0x01, 0x02, 0x46, 0x76, 0x2f, 0x37, 0x18, 0x00, 0x3f, 0x17, 0x3c,
  0x3f, 0x3c, 0x01, 0x2e, 0x2e, 0x2e, 0x2e, 0x2e, 0x2e, 0x2e, 0x2e, 0x2e,
  0x2e, 0x2e, 0x2e, 0x00, 0x2e, 0x2e, 0x2e, 0x2e, 0x2e, 0x2e, 0x31, 0x30,
  0x01, 0x49, 0x68, 0xb9, 0x00, 0x02, 0x00, 0x0c, 0x49, 0x68, 0x61, 0xb0,
  0x40, 0x52, 0x58, 0x38, 0x11, 0x37, 0xb9, 0x00, 0x0c, 0xff, 0xc0, 0x38,
  0x59, 0x13, 0x11, 0x23, 0x11, 0x21, 0x33, 0x11, 0x23, 0x05, 0x35, 0x21,
  0x15, 0x7d, 0x7d, 0x01, 0xf4, 0x7d, 0x7d, 0xfe, 0x89, 0x01, 0x77, 0x02,
  0x71, 0xfe, 0x0c, 0x01, 0xf4, 0xfe, 0x0c, 0x7d, 0x7d, 0x7d, 0x00, 0x01,
  0x00, 0x00, 0x00, 0x00, 0x03, 0x6b, 0x02, 0x71, 0x00, 0x0b, 0x00, 0x5d,
  0x40, 0x24, 0x01, 0x0c, 0x0c, 0x40, 0x0d, 0x00, 0x09, 0x08, 0x05, 0x04,
  0x0b, 0x0a, 0x09, 0x08, 0x07, 0x06, 0x05, 0x04, 0x03, 0x02, 0x01, 0x00,
  0x0b, 0x0a, 0x07, 0x06, 0x03, 0x05, 0x02, 0x03, 0x01, 0x00, 0x01, 0x01,
  0x01, 0x46, 0x76, 0x2f, 0x37, 0x18, 0x00, 0x3f, 0x3c, 0x3f, 0x17, 0x3c,
  0x01, 0x2e, 0x2e, 0x2e, 0x2e, 0x2e, 0x2e, 0x2e, 0x2e, 0x2e, 0x2e, 0x2e,
  0x2e, 0x00, 0x2e, 0x2e, 0x2e, 0x2e, 0x31, 0x30, 0x01, 0x49, 0x68, 0xb9,
  0x00, 0x01, 0x00, 0x0c, 0x49, 0x68, 0x61, 0xb0, 0x40, 0x52, 0x58, 0x38,
  0x11, 0x37, 0xb9, 0x00, 0x0c, 0xff, 0xc0, 0x38, 0x59, 0x29, 0x01, 0x11,
  0x33, 0x11, 0x33, 0x11, 0x33, 0x11, 0x33, 0x11, 0x33, 0x03, 0x6b, 0xfc,
  0x95, 0x7d, 0xfa, 0x7d, 0xfa, 0x7d, 0x02, 0x71, 0xfe, 0x0c, 0x01, 0xf4,
  0xfe, 0x0c, 0x01, 0xf4, 0x00, 0x01, 0x00, 0x00, 0x00, 0x00, 0x02, 0x71,
  0x02, 0x71, 0x00, 0x13, 0x00, 0x7f, 0x40, 0x35, 0x01, 0x14, 0x14, 0x40,
  0x15, 0x00, 0x13, 0x12, 0x11, 0x10, 0x0d, 0x0c, 0x09, 0x08, 0x07, 0x06,
  0x03, 0x02, 0x13, 0x12, 0x11, 0x10, 0x0f, 0x0e, 0x0d, 0x0c, 0x0b, 0x0a,
  0x09, 0x08, 0x07, 0x06, 0x05, 0x04, 0x03, 0x02, 0x01, 0x00, 0x0f, 0x0e,
  0x0b, 0x03, 0x0a, 0x03, 0x05, 0x04, 0x01, 0x03, 0x00, 0x01, 0x01, 0x05,
  0x46, 0x76, 0x2f, 0x37, 0x18, 0x00, 0x3f, 0x17, 0x3c, 0x3f, 0x17, 0x3c,
  0x01, 0x2e, 0x2e, 0x2e, 0x2e, 0x2e, 0x2e, 0x2e, 0x2e, 0x2e, 0x2e, 0x2e,
  0x2e, 0x2e, 0x2e, 0x2e, 0x2e, 0x2e, 0x2e, 0x2e, 0x2e, 0x00, 0x2e, 0x2e,
  0x2e, 0x2e, 0x2e, 0x2e, 0x2e, 0x2e, 0x2e, 0x2e, 0x2e, 0x2e, 0x31, 0x30,
  0x01, 0x49, 0x68, 0xb9, 0x00, 0x05, 0x00, 0x14, 0x49, 0x68, 0x61, 0xb0,
  0x40, 0x52, 0x58, 0x38, 0x11, 0x37, 0xb9, 0x00, 0x14, 0xff, 0xc0, 0x38,
  0x59, 0x21, 0x23, 0x35, 0x21, 0x15, 0x23, 0x35, 0x33, 0x35, 0x23, 0x35,
  0x33, 0x15, 0x21, 0x35, 0x33, 0x15, 0x23, 0x15, 0x33, 0x02, 0x71, 0x7d,
  0xfe, 0x89, 0x7d, 0x7d, 0x7d, 0x7d, 0x01, 0x77, 0x7d, 0x7d, 0x7d, 0xfa,
  0xfa, 0xfa, 0x7d, 0xfa, 0xfa, 0xfa, 0xfa, 0x7d, 0x00, 0x01, 0x00, 0x00,
  0x00, 0x00, 0x02, 0x71, 0x02, 0x71, 0x00, 0x0b, 0x00, 0x5f, 0x40, 0x24,
  0x01, 0x0c, 0x0c, 0x40, 0x0d, 0x01, 0x0b, 0x0a, 0x07, 0x06, 0x03, 0x02,
  0x0b, 0x0a, 0x09, 0x08, 0x07, 0x06, 0x05, 0x04, 0x03, 0x02, 0x01, 0x00,
  0x05, 0x04, 0x01, 0x09, 0x08, 0x01, 0x03, 0x00, 0x03, 0x01, 0x07, 0x46,
  0x76, 0x2f, 0x37, 0x18, 0x00, 0x3f, 0x17, 0x3c, 0x3f, 0x3c, 0x01, 0x2e,
  0x2e, 0x2e, 0x2e, 0x2e, 0x2e, 0x2e, 0x2e, 0x2e, 0x2e, 0x2e, 0x2e, 0x00,
  0x2e, 0x2e, 0x2e, 0x2e, 0x2e, 0x2e, 0x31, 0x30, 0x01, 0x49, 0x68, 0xb9,
  0x00, 0x07, 0x00, 0x0c, 0x49, 0x68, 0x61, 0xb0, 0x40, 0x52, 0x58, 0x38,
  0x11, 0x37, 0xb9, 0x00, 0x0c, 0xff, 0xc0, 0x38, 0x59, 0x01, 0x33, 0x11,
  0x23, 0x15, 0x23, 0x35, 0x23, 0x11, 0x33, 0x15, 0x21, 0x01, 0xf4, 0x7d,
  0xfa, 0x7d, 0xfa, 0x7d, 0x01, 0x77, 0x02, 0x71, 0xfe, 0x89, 0xfa, 0xfa,
  0x01, 0x77, 0xfa, 0x00, 0x00, 0x01, 0x00, 0x00, 0x00, 0x00, 0x02, 0x71,
  0x02, 0x71, 0x00, 0x0f, 0x00, 0x6f, 0x40, 0x2b, 0x01, 0x10, 0x10, 0x40,
  0x11, 0x02, 0x0f, 0x0e, 0x0d, 0x0a, 0x09, 0x08, 0x07, 0x06, 0x05, 0x02,
  0x01, 0x00, 0x0f, 0x0e, 0x0d, 0x0c, 0x0b, 0x0a, 0x09, 0x08, 0x07, 0x06,
  0x05, 0x04, 0x03, 0x02, 0x01, 0x00, 0x0c, 0x0b, 0x03, 0x04, 0x03, 0x01,
  0x01, 0x04, 0x46, 0x76, 0x2f, 0x37, 0x18, 0x00, 0x3f, 0x3c, 0x3f, 0x3c,
  0x01, 0x2e, 0x2e, 0x2e, 0x2e, 0x2e, 0x2e, 0x2e, 0x2e, 0x2e, 0x2e, 0x2e,
  0x2e, 0x2e, 0x2e, 0x2e, 0x2e, 0x00, 0x2e, 0x2e, 0x2e, 0x2e, 0x2e, 0x2e,
  0x2e, 0x2e, 0x2e, 0x2e, 0x2e, 0x2e, 0x31, 0x30, 0x01, 0x49, 0x68, 0xb9,
  0x00, 0x04, 0x00, 0x10, 0x49, 0x68, 0x61, 0xb0, 0x40, 0x52, 0x58, 0x38,
  0x11, 0x37, 0xb9, 0x00, 0x10, 0xff, 0xc0, 0x38, 0x59, 0x37, 0x15, 0x21,
  0x15, 0x21, 0x35, 0x33, 0x35, 0x21, 0x35, 0x21, 0x35, 0x21, 0x15, 0x23,
  0x15, 0x7d, 0x01, 0xf4, 0xfd, 0x8f, 0x7d, 0x01, 0x77, 0xfe, 0x0c, 0x02,
  0x71, 0x7d, 0xfa, 0x7d, 0x7d, 0xfa, 0x7d, 0x7d, 0x7d, 0xfa, 0x7d, 0x00,
  0x00, 0x01, 0x00, 0x00, 0xff, 0x83, 0x00, 0xfa, 0x02, 0xee, 0x00, 0x07,
  0x00, 0x4d, 0x40, 0x19, 0x01, 0x08, 0x08, 0x40, 0x09, 0x00, 0x03, 0x02,
  0x01, 0x00, 0x07, 0x06, 0x05, 0x04, 0x03, 0x02, 0x01, 0x00, 0x07, 0x06,
  0x05, 0x04, 0x01, 0x05, 0x46, 0x76, 0x2f, 0x37, 0x18, 0x00, 0x2f, 0x3c,
  0x2f, 0x3c, 0x01, 0x2e, 0x2e, 0x2e, 0x2e, 0x2e, 0x2e, 0x2e, 0x2e, 0x00,
  0x2e, 0x2e, 0x2e, 0x2e, 0x31, 0x30, 0x01, 0x49, 0x68, 0xb9, 0x00, 0x05,
  0x00, 0x08, 0x49, 0x68, 0x61, 0xb0, 0x40, 0x52, 0x58, 0x38, 0x11, 0x37,
  0xb9, 0x00, 0x08, 0xff, 0xc0, 0x38, 0x59, 0x13, 0x23, 0x11, 0x33, 0x15,
  0x23, 0x11, 0x33, 0xfa, 0x7d, 0x7d, 0xfa, 0xfa, 0x02, 0x71, 0xfd, 0x8f,
  0x7d, 0x03, 0x6b, 0x00, 0x00, 0x01, 0x00, 0x00, 0x00, 0x00, 0x02, 0x71,
  0x02, 0x71, 0x00, 0x13, 0x00, 0x80, 0x40, 0x34, 0x01, 0x14, 0x14, 0x40,
  0x15, 0x08, 0x12, 0x11, 0x10, 0x0f, 0x0e, 0x0d, 0x0c, 0x0b, 0x08, 0x07,
  0x06, 0x05, 0x04, 0x03, 0x13, 0x12, 0x11, 0x10, 0x0f, 0x0e, 0x0d, 0x0c,
  0x0b, 0x0a, 0x09, 0x08, 0x07, 0x06, 0x05, 0x04, 0x03, 0x02, 0x01, 0x00,
  0x0a, 0x09, 0x01, 0x02, 0x01, 0x02, 0x13, 0x00, 0x03, 0x01, 0x12, 0x46,
  0x76, 0x2f, 0x37, 0x18, 0x00, 0x3f, 0x3c, 0x3f, 0x3c, 0x3f, 0x3c, 0x01,
  0x2e, 0x2e, 0x2e, 0x2e, 0x2e, 0x2e, 0x2e, 0x2e, 0x2e, 0x2e, 0x2e, 0x2e,
  0x2e, 0x2e, 0x2e, 0x2e, 0x2e, 0x2e, 0x2e, 0x2e, 0x00, 0x2e, 0x2e, 0x2e,
  0x2e, 0x2e, 0x2e, 0x2e, 0x2e, 0x2e, 0x2e, 0x2e, 0x2e, 0x2e, 0x2e, 0x31,
  0x30, 0x01, 0x49, 0x68, 0xb9, 0x00, 0x12, 0x00, 0x14, 0x49, 0x68, 0x61,
  0xb0, 0x40, 0x52, 0x58, 0x38, 0x11, 0x37, 0xb9, 0x00, 0x14, 0xff, 0xc0,
  0x38, 0x59, 0x13, 0x15, 0x33, 0x15, 0x33, 0x15, 0x33, 0x15, 0x33, 0x15,
  0x23, 0x35, 0x23, 0x35, 0x23, 0x35, 0x23, 0x35, 0x23, 0x35, 0x7d, 0x7d,
  0x7d, 0x7d, 0x7d, 0x7d, 0x7d, 0x7d, 0x7d, 0x7d, 0x02, 0x71, 0x7d, 0x7d,
  0x7d, 0x7d, 0x7d, 0x7d, 0x7d, 0x7d, 0x7d, 0x7d, 0x00, 0x01, 0x00, 0x00,
  0xff, 0x83, 0x00, 0xfa, 0x02, 0xee, 0x00, 0x07, 0x00, 0x4d, 0x40, 0x19,
  0x01, 0x08, 0x08, 0x40, 0x09, 0x02, 0x07, 0x06, 0x05, 0x00, 0x07, 0x06,
  0x05, 0x04, 0x03, 0x02, 0x01, 0x00, 0x02, 0x01, 0x04, 0x03, 0x01, 0x00,
  0x46, 0x76, 0x2f, 0x37, 0x18, 0x00, 0x2f, 0x3c, 0x2f, 0x3c, 0x01, 0x2e,
  0x2e, 0x2e, 0x2e, 0x2e, 0x2e, 0x2e, 0x2e, 0x00, 0x2e, 0x2e, 0x2e, 0x2e,
  0x31, 0x30, 0x01, 0x49, 0x68, 0xb9, 0x00, 0x00, 0x00, 0x08, 0x49, 0x68,
  0x61, 0xb0, 0x40, 0x52, 0x58, 0x38, 0x11, 0x37, 0xb9, 0x00, 0x08, 0xff,
  0xc0, 0x38, 0x59, 0x11, 0x35, 0x33, 0x11, 0x23, 0x35, 0x33, 0x11, 0xfa,
  0xfa, 0x7d, 0x02, 0x71, 0x7d, 0xfc, 0x95, 0x7d, 0x02, 0x71, 0x00, 0x01,
  0xff, 0xfd, 0x01, 0x77, 0x01, 0x74, 0x02, 0x71, 0x00, 0x0b, 0x00, 0x5f,
  0x40, 0x25, 0x01, 0x0c, 0x0c, 0x40, 0x0d, 0x09, 0x01, 0x00, 0x0b, 0x0a,
  0x09, 0x08, 0x07, 0x06, 0x05, 0x04, 0x03, 0x02, 0x01, 0x00, 0x0b, 0x0a,
  0x03, 0x03, 0x02, 0x07, 0x06, 0x03, 0x09, 0x08, 0x05, 0x03, 0x04, 0x02,
  0x01, 0x03, 0x46, 0x76, 0x2f, 0x37, 0x18, 0x00, 0x3f, 0x17, 0x3c, 0x3f,
  0x3c, 0x2f, 0x17, 0x3c, 0x01, 0x2e, 0x2e, 0x2e, 0x2e, 0x2e, 0x2e, 0x2e,
  0x2e, 0x2e, 0x2e, 0x2e, 0x2e, 0x00, 0x2e, 0x2e, 0x31, 0x30, 0x01, 0x49,
  0x68, 0xb9, 0x00, 0x03, 0x00, 0x0c, 0x49, 0x68, 0x61, 0xb0, 0x40, 0x52,
  0x58, 0x38, 0x11, 0x37, 0xb9, 0x00, 0x0c, 0xff, 0xc0, 0x38, 0x59, 0x13,
  0x23, 0x15, 0x23, 0x35, 0x33, 0x35, 0x33, 0x15, 0x33, 0x15, 0x23, 0xf7,
  0x7d, 0x7d, 0x7d, 0x7d, 0x7d, 0x7d, 0x01, 0xf4, 0x7d, 0x7d, 0x7d, 0x7d,
  0x7d, 0x00, 0x00, 0x01, 0x00, 0x00, 0xff, 0x83, 0x02, 0x71, 0x00, 0x00,
  0x00, 0x03, 0x00, 0x3d, 0x40, 0x11, 0x01, 0x04, 0x04, 0x40, 0x05, 0x01,
  0x03, 0x02, 0x01, 0x00, 0x01, 0x00, 0x03, 0x02, 0x01, 0x00, 0x46, 0x76,
  0x2f, 0x37, 0x18, 0x00, 0x2f, 0x3c, 0x2f, 0x3c, 0x01, 0x2e, 0x2e, 0x2e,
  0x2e, 0x00, 0x31, 0x30, 0x01, 0x49, 0x68, 0xb9, 0x00, 0x00, 0x00, 0x04,
  0x49, 0x68, 0x61, 0xb0, 0x40, 0x52, 0x58, 0x38, 0x11, 0x37, 0xb9, 0x00,
  0x04, 0xff, 0xc0, 0x38, 0x59, 0x31, 0x21, 0x15, 0x21, 0x02, 0x71, 0xfd,
  0x8f, 0x7d, 0x00, 0x01, 0x00, 0x00, 0x01, 0x77, 0x00, 0xfa, 0x02, 0x71,
  0x00, 0x07, 0x00, 0x53, 0x40, 0x1f, 0x01, 0x08, 0x08, 0x40, 0x09, 0x01,
  0x05, 0x04, 0x02, 0x01, 0x04, 0x00, 0x07, 0x04, 0x03, 0x03, 0x00, 0x04,
  0x06, 0x05, 0x03, 0x02, 0x07, 0x06, 0x03, 0x01, 0x00, 0x02, 0x01, 0x05,
  0x46, 0x76, 0x2f, 0x37, 0x18, 0x00, 0x3f, 0x3c, 0x3f, 0x3c, 0x2f, 0x3c,
  0x01, 0x2f, 0x3c, 0xfd, 0x17, 0x3c, 0x10, 0xfd, 0x3c, 0x00, 0x2e, 0x2e,
  0x31, 0x30, 0x01, 0x49, 0x68, 0xb9, 0x00, 0x05, 0x00, 0x08, 0x49, 0x68,
  0x61, 0xb0, 0x40, 0x52, 0x58, 0x38, 0x11, 0x37, 0xb9, 0x00, 0x08, 0xff,
  0xc0, 0x38, 0x59, 0x13, 0x33, 0x15, 0x23, 0x35, 0x23, 0x35, 0x33, 0x7d,
  0x7d, 0x7d, 0x7d, 0x7d, 0x01, 0xf4, 0x7d, 0x7d, 0x7d, 0x00, 0x00, 0x02,
  0x00, 0x00, 0x00, 0x00, 0x01, 0xf4, 0x01, 0xf4, 0x00, 0x05, 0x00, 0x09,
  0x00, 0x5f, 0x40, 0x26, 0x01, 0x0a, 0x0a, 0x40, 0x0b, 0x04, 0x02, 0x01,
  0x08, 0x07, 0x03, 0x03, 0x02, 0x04, 0x01, 0x00, 0x09, 0x06, 0x04, 0x05,
  0x04, 0x09, 0x08, 0x06, 0x00, 0x07, 0x06, 0x06, 0x03, 0x04, 0x03, 0x02,
  0x05, 0x00, 0x01, 0x01, 0x00, 0x46, 0x76, 0x2f, 0x37, 0x18, 0x00, 0x3f,
  0x3c, 0x3f, 0x3c, 0x10, 0xfd, 0x3c, 0x10, 0xfd, 0x3c, 0x01, 0x2f, 0x3c,
  0xfd, 0x3c, 0x2f, 0x3c, 0xfd, 0x17, 0x3c, 0x00, 0x2e, 0x2e, 0x31, 0x30,
  0x01, 0x49, 0x68, 0xb9, 0x00, 0x00, 0x00, 0x0a, 0x49, 0x68, 0x61, 0xb0,
  0x40, 0x52, 0x58, 0x38, 0x11, 0x37, 0xb9, 0x00, 0x0a, 0xff, 0xc0, 0x38,
  0x59, 0x31, 0x11, 0x33, 0x35, 0x21, 0x11, 0x03, 0x23, 0x15, 0x33, 0x7d,
  0x01, 0x77, 0x7d, 0xfa, 0xfa, 0x01, 0x77, 0x7d, 0xfe, 0x0c, 0x01, 0x72,
  0xf0, 0x00, 0x00, 0x02, 0x00, 0x00, 0x00, 0x00, 0x01, 0xf4, 0x02, 0x71,
  0x00, 0x05, 0x00, 0x09, 0x00, 0x60, 0x40, 0x27, 0x01, 0x0a, 0x0a, 0x40,
  0x0b, 0x00, 0x08, 0x07, 0x04, 0x03, 0x03, 0x04, 0x02, 0x01, 0x09, 0x06,
  0x04, 0x05, 0x00, 0x09, 0x08, 0x06, 0x00, 0x07, 0x06, 0x06, 0x04, 0x05,
  0x04, 0x02, 0x03, 0x02, 0x03, 0x01, 0x00, 0x01, 0x01, 0x01, 0x46, 0x76,
  0x2f, 0x37, 0x18, 0x00, 0x3f, 0x3c, 0x3f, 0x3c, 0x3f, 0x3c, 0x10, 0xfd,
  0x3c, 0x10, 0xfd, 0x3c, 0x01, 0x2f, 0x3c, 0xfd, 0x3c, 0x2f, 0x3c, 0xfd,
  0x17, 0x3c, 0x00, 0x31, 0x30, 0x01, 0x49, 0x68, 0xb9, 0x00, 0x01, 0x00,
  0x0a, 0x49, 0x68, 0x61, 0xb0, 0x40, 0x52, 0x58, 0x38, 0x11, 0x37, 0xb9,
  0x00, 0x0a, 0xff, 0xc0, 0x38, 0x59, 0x29, 0x01, 0x11, 0x33, 0x15, 0x21,
  0x07, 0x23, 0x15, 0x33, 0x01, 0xf4, 0xfe, 0x0c, 0x7d, 0x01, 0x77, 0x7d,
  0xfa, 0xfa, 0x02, 0x71, 0x7d, 0x7d, 0xfa, 0x00, 0x00, 0x01, 0x00, 0x00,
  0x00, 0x00, 0x01, 0xf4, 0x01, 0xf4, 0x00, 0x07, 0x00, 0x56, 0x40, 0x20,
  0x01, 0x08, 0x08, 0x40, 0x09, 0x00, 0x07, 0x04, 0x03, 0x00, 0x06, 0x05,
  0x04, 0x02, 0x01, 0x07, 0x06, 0x06, 0x00, 0x05, 0x04, 0x06, 0x02, 0x03,
  0x02, 0x02, 0x01, 0x00, 0x01, 0x01, 0x01, 0x46, 0x76, 0x2f, 0x37, 0x18,
  0x00, 0x3f, 0x3c, 0x3f, 0x3c, 0x10, 0xfd, 0x3c, 0x10, 0xfd, 0x3c, 0x01,
  0x2f, 0x3c, 0xfd, 0x3c, 0x2e, 0x2e, 0x2e, 0x2e, 0x00, 0x31, 0x30, 0x01,
  0x49, 0x68, 0xb9, 0x00, 0x01, 0x00, 0x08, 0x49, 0x68, 0x61, 0xb0, 0x40,
  0x52, 0x58, 0x38, 0x11, 0x37, 0xb9, 0x00, 0x08, 0xff, 0xc0, 0x38, 0x59,
  0x29, 0x01, 0x11, 0x21, 0x15, 0x21, 0x15, 0x21, 0x01, 0xf4, 0xfe, 0x0c,
  0x01, 0xf4, 0xfe, 0x89, 0x01, 0x77, 0x01, 0xf4, 0x7d, 0xfa, 0x00, 0x02,
  0x00, 0x00, 0x00, 0x00, 0x01, 0xf4, 0x02, 0x71, 0x00, 0x05, 0x00, 0x09,
  0x00, 0x60, 0x40, 0x27, 0x01, 0x0a, 0x0a, 0x40, 0x0b, 0x03, 0x09, 0x08,
  0x02, 0x03, 0x01, 0x04, 0x04, 0x03, 0x07, 0x06, 0x04, 0x05, 0x00, 0x08,
  0x07, 0x06, 0x04, 0x09, 0x06, 0x06, 0x00, 0x05, 0x04, 0x01, 0x03, 0x02,
  0x03, 0x01, 0x00, 0x02, 0x01, 0x00, 0x46, 0x76, 0x2f, 0x37, 0x18, 0x00,
  0x3f, 0x3c, 0x3f, 0x3c, 0x3f, 0x3c, 0x10, 0xfd, 0x3c, 0x10, 0xfd, 0x3c,
  0x01, 0x2f, 0x3c, 0xfd, 0x3c, 0x2f, 0x3c, 0xfd, 0x17, 0x3c, 0x00, 0x31,
  0x30, 0x01, 0x49, 0x68, 0xb9, 0x00, 0x00, 0x00, 0x0a, 0x49, 0x68, 0x61,
  0xb0, 0x40, 0x52, 0x58, 0x38, 0x11, 0x37, 0xb9, 0x00, 0x0a, 0xff, 0xc0,
  0x38, 0x59, 0x11, 0x21, 0x35, 0x33, 0x11, 0x21, 0x13, 0x15, 0x33, 0x35,
  0x01, 0x77, 0x7d, 0xfe, 0x0c, 0x7d, 0xfa, 0x01, 0xf4, 0x7d, 0xfd, 0x8f,
  0x01, 0x77, 0xfa, 0xfa, 0x00, 0x02, 0x00, 0x00, 0x00, 0x00, 0x01, 0xf4,
  0x01, 0xf4, 0x00, 0x07, 0x00, 0x0d, 0x00, 0x7b, 0x40, 0x37, 0x01, 0x0e,
  0x0e, 0x40, 0x0f, 0x01, 0x0d, 0x0c, 0x04, 0x07, 0x00, 0x09, 0x08, 0x04,
  0x03, 0x0b, 0x0a, 0x04, 0x03, 0x03, 0x04, 0x06, 0x05, 0x02, 0x03, 0x01,
  0x03, 0x02, 0x07, 0x00, 0x0a, 0x09, 0x07, 0x06, 0x05, 0x04, 0x06, 0x06,
  0x0d, 0x08, 0x06, 0x06, 0x0c, 0x0b, 0x06, 0x00, 0x07, 0x06, 0x01, 0x01,
  0x00, 0x02, 0x01, 0x00, 0x46, 0x76, 0x2f, 0x37, 0x18, 0x00, 0x3f, 0x3c,
  0x3f, 0x3c, 0x10, 0xfd, 0x3c, 0x10, 0xfd, 0x3c, 0x10, 0xfd, 0x3c, 0x10,
  0xfd, 0x3c, 0x10, 0xfd, 0x3c, 0x01, 0x2f, 0x17, 0x3c, 0xfd, 0x17, 0x3c,
  0x10, 0xfd, 0x3c, 0x2f, 0x3c, 0xfd, 0x3c, 0x00, 0x31, 0x30, 0x01, 0x49,
  0x68, 0xb9, 0x00, 0x00, 0x00, 0x0e, 0x49, 0x68, 0x61, 0xb0, 0x40, 0x52,
  0x58, 0x38, 0x11, 0x37, 0xb9, 0x00, 0x0e, 0xff, 0xc0, 0x38, 0x59, 0x11,
  0x21, 0x15, 0x23, 0x15, 0x33, 0x15, 0x21, 0x37, 0x35, 0x33, 0x35, 0x23,
  0x15, 0x01, 0xf4, 0x7d, 0x7d, 0xfe, 0x0c, 0xfa, 0x7d, 0xfa, 0x01, 0xf4,
  0xfa, 0x7d, 0x7d, 0x82, 0x7d, 0x73, 0xf0, 0x00, 0x00, 0x01, 0x00, 0x00,
  0x00, 0x00, 0x00, 0xfa, 0x02, 0x71, 0x00, 0x09, 0x00, 0x5f, 0x40, 0x27,
  0x01, 0x0a, 0x0a, 0x40, 0x0b, 0x00, 0x05, 0x04, 0x01, 0x03, 0x00, 0x05,
  0x08, 0x07, 0x06, 0x03, 0x03, 0x02, 0x04, 0x09, 0x08, 0x02, 0x01, 0x06,
  0x00, 0x04, 0x03, 0x06, 0x06, 0x05, 0x08, 0x07, 0x01, 0x09, 0x00, 0x03,
  0x01, 0x08, 0x46, 0x76, 0x2f, 0x37, 0x18, 0x00, 0x3f, 0x3c, 0x3f, 0x3c,
  0x2f, 0x3c, 0xfd, 0x3c, 0x10, 0xfd, 0x3c, 0x01, 0x2f, 0x3c, 0xfd, 0x17,
  0x3c, 0x10, 0xfd, 0x17, 0x3c, 0x00, 0x31, 0x30, 0x01, 0x49, 0x68, 0xb9,
  0x00, 0x08, 0x00, 0x0a, 0x49, 0x68, 0x61, 0xb0, 0x40, 0x52, 0x58, 0x38,
  0x11, 0x37, 0xb9, 0x00, 0x0a, 0xff, 0xc0, 0x38, 0x59, 0x13, 0x15, 0x23,
  0x15, 0x33, 0x15, 0x23, 0x15, 0x23, 0x11, 0xfa, 0x7d, 0x7d, 0x7d, 0x7d,
  0x02, 0x71, 0x7d, 0x7d, 0x7d, 0xfa, 0x02, 0x71, 0x00, 0x02, 0x00, 0x00,
  0xff, 0x06, 0x01, 0xf4, 0x01, 0xf4, 0x00, 0x03, 0x00, 0x0b, 0x00, 0x6b,
  0x40, 0x2e, 0x01, 0x0c, 0x0c, 0x40, 0x0d, 0x0a, 0x07, 0x06, 0x02, 0x03,
  0x01, 0x04, 0x0b, 0x0a, 0x03, 0x00, 0x04, 0x09, 0x08, 0x05, 0x03, 0x04,
  0x03, 0x02, 0x06, 0x09, 0x01, 0x00, 0x06, 0x07, 0x06, 0x05, 0x06, 0x04,
  0x0a, 0x09, 0x02, 0x08, 0x07, 0x01, 0x0b, 0x04, 0x00, 0x01, 0x04, 0x46,
  0x76, 0x2f, 0x37, 0x18, 0x00, 0x3f, 0x3c, 0x3f, 0x3c, 0x3f, 0x3c, 0x10,
  0xfd, 0x3c, 0x10, 0xfd, 0x3c, 0x10, 0xfd, 0x3c, 0x01, 0x2f, 0x17, 0x3c,
  0xfd, 0x3c, 0x2f, 0x3c, 0xfd, 0x17, 0x3c, 0x00, 0x31, 0x30, 0x01, 0x49,
  0x68, 0xb9, 0x00, 0x04, 0x00, 0x0c, 0x49, 0x68, 0x61, 0xb0, 0x40, 0x52,
  0x58, 0x38, 0x11, 0x37, 0xb9, 0x00, 0x0c, 0xff, 0xc0, 0x38, 0x59, 0x37,
  0x33, 0x35, 0x23, 0x03, 0x35, 0x21, 0x35, 0x21, 0x11, 0x21, 0x11, 0x7d,
  0xfa, 0xfa, 0x7d, 0x01, 0x77, 0xfe, 0x89, 0x01, 0xf4, 0x82, 0xf0, 0xfd,
  0x94, 0x7d, 0x7d, 0x01, 0xf4, 0xfd, 0x12, 0x00, 0x00, 0x01, 0x00, 0x00,
  0x00, 0x00, 0x01, 0xf4, 0x02, 0x71, 0x00, 0x09, 0x00, 0x5d, 0x40, 0x26,
  0x01, 0x0a, 0x0a, 0x40, 0x0b, 0x07, 0x06, 0x05, 0x02, 0x03, 0x01, 0x04,
  0x04, 0x03, 0x09, 0x00, 0x04, 0x08, 0x07, 0x01, 0x00, 0x06, 0x06, 0x07,
  0x06, 0x02, 0x05, 0x04, 0x03, 0x09, 0x08, 0x03, 0x03, 0x02, 0x01, 0x01,
  0x03, 0x46, 0x76, 0x2f, 0x37, 0x18, 0x00, 0x3f, 0x17, 0x3c, 0x3f, 0x3c,
  0x3f, 0x3c, 0x10, 0xfd, 0x3c, 0x01, 0x2f, 0x3c, 0xfd, 0x3c, 0x2f, 0x3c,
  0xfd, 0x17, 0x3c, 0x00, 0x31, 0x30, 0x01, 0x49, 0x68, 0xb9, 0x00, 0x03,
  0x00, 0x0a, 0x49, 0x68, 0x61, 0xb0, 0x40, 0x52, 0x58, 0x38, 0x11, 0x37,
  0xb9, 0x00, 0x0a, 0xff, 0xc0, 0x38, 0x59, 0x01, 0x23, 0x11, 0x23, 0x11,
  0x33, 0x15, 0x21, 0x11, 0x23, 0x01, 0x77, 0xfa, 0x7d, 0x7d, 0x01, 0x77,
  0x7d, 0x01, 0x77, 0xfe, 0x89, 0x02, 0x71, 0x7d, 0xfe, 0x0c, 0x00, 0x02,
  0x00, 0x00, 0x00, 0x00, 0x00, 0x7d, 0x02, 0x71, 0x00, 0x03, 0x00, 0x07,
  0x00, 0x4f, 0x40, 0x1b, 0x01, 0x08, 0x08, 0x40, 0x09, 0x02, 0x07, 0x06,
  0x02, 0x01, 0x07, 0x06, 0x05, 0x04, 0x03, 0x02, 0x01, 0x00, 0x05, 0x04,
  0x03, 0x03, 0x00, 0x01, 0x01, 0x00, 0x46, 0x76, 0x2f, 0x37, 0x18, 0x00,
  0x3f, 0x3c, 0x3f, 0x3c, 0x01, 0x2e, 0x2e, 0x2e, 0x2e, 0x2e, 0x2e, 0x2e,
  0x2e, 0x00, 0x2e, 0x2e, 0x2e, 0x2e, 0x31, 0x30, 0x01, 0x49, 0x68, 0xb9,
  0x00, 0x00, 0x00, 0x08, 0x49, 0x68, 0x61, 0xb0, 0x40, 0x52, 0x58, 0x38,
  0x11, 0x37, 0xb9, 0x00, 0x08, 0xff, 0xc0, 0x38, 0x59, 0x31, 0x11, 0x33,
  0x11, 0x03, 0x33, 0x15, 0x23, 0x7d, 0x7d, 0x7d, 0x7d, 0x01, 0x77, 0xfe,
  0x89, 0x02, 0x71, 0x7d, 0x00, 0x02, 0x00, 0x00, 0xff, 0x06, 0x00, 0xfa,
  0x02, 0x71, 0x00, 0x03, 0x00, 0x09, 0x00, 0x57, 0x40, 0x1f, 0x01, 0x0a,
  0x0a, 0x40, 0x0b, 0x01, 0x09, 0x08, 0x07, 0x06, 0x03, 0x02, 0x09, 0x08,
  0x07, 0x06, 0x05, 0x04, 0x03, 0x02, 0x01, 0x00, 0x05, 0x04, 0x00, 0x01,
  0x00, 0x03, 0x01, 0x05, 0x46, 0x76, 0x2f, 0x37, 0x18, 0x00, 0x3f, 0x3c,
  0x3f, 0x3c, 0x01, 0x2e, 0x2e, 0x2e, 0x2e, 0x2e, 0x2e, 0x2e, 0x2e, 0x2e,
  0x2e, 0x00, 0x2e, 0x2e, 0x2e, 0x2e, 0x2e, 0x2e, 0x31, 0x30, 0x01, 0x49,
  0x68, 0xb9, 0x00, 0x05, 0x00, 0x0a, 0x49, 0x68, 0x61, 0xb0, 0x40, 0x52,
  0x58, 0x38, 0x11, 0x37, 0xb9, 0x00, 0x0a, 0xff, 0xc0, 0x38, 0x59, 0x13,
  0x33, 0x15, 0x23, 0x13, 0x23, 0x35, 0x33, 0x11, 0x33, 0x7d, 0x7d, 0x7d,
  0x7d, 0xfa, 0x7d, 0x7d, 0x02, 0x71, 0x7d, 0xfd, 0x12, 0x7d, 0x01, 0xf4,
  0x00, 0x01, 0x00, 0x00, 0x00, 0x00, 0x01, 0xf4, 0x02, 0x71, 0x00, 0x0f,
  0x00, 0x76, 0x40, 0x38, 0x01, 0x10, 0x10, 0x40, 0x11, 0x0a, 0x0d, 0x0c,
  0x09, 0x08, 0x01, 0x05, 0x00, 0x04, 0x0f, 0x0e, 0x0b, 0x03, 0x0a, 0x07,
  0x06, 0x03, 0x03, 0x02, 0x04, 0x05, 0x04, 0x0e, 0x0d, 0x02, 0x03, 0x01,
  0x06, 0x07, 0x0c, 0x0b, 0x08, 0x03, 0x07, 0x06, 0x09, 0x0a, 0x09, 0x02,
  0x06, 0x05, 0x03, 0x0f, 0x04, 0x03, 0x03, 0x00, 0x01, 0x01, 0x04, 0x46,
  0x76, 0x2f, 0x37, 0x18, 0x00, 0x3f, 0x17, 0x3c, 0x3f, 0x3c, 0x3f, 0x3c,
  0x10, 0xfd, 0x17, 0x3c, 0x10, 0xfd, 0x17, 0x3c, 0x01, 0x2f, 0x3c, 0xfd,
  0x17, 0x3c, 0x2f, 0x17, 0x3c, 0xfd, 0x17, 0x3c, 0x00, 0x31, 0x30, 0x01,
  0x49, 0x68, 0xb9, 0x00, 0x04, 0x00, 0x10, 0x49, 0x68, 0x61, 0xb0, 0x40,
  0x52, 0x58, 0x38, 0x11, 0x37, 0xb9, 0x00, 0x10, 0xff, 0xc0, 0x38, 0x59,
  0x21, 0x35, 0x23, 0x15, 0x23, 0x11, 0x33, 0x15, 0x33, 0x35, 0x33, 0x15,
  0x23, 0x15, 0x33, 0x15, 0x01, 0x77, 0xfa, 0x7d, 0x7d, 0xfa, 0x7d, 0x7d,
  0x7d, 0xfa, 0xfa, 0x02, 0x71, 0xfa, 0x7d, 0x7d, 0x7d, 0xfa, 0x00, 0x01,
  0x00, 0x00, 0x00, 0x00, 0x00, 0x7d, 0x02, 0x71, 0x00, 0x03, 0x00, 0x3f,
  0x40, 0x13, 0x01, 0x04, 0x04, 0x40, 0x05, 0x01, 0x03, 0x02, 0x01, 0x00,
  0x03, 0x02, 0x01, 0x01, 0x00, 0x03, 0x01, 0x00, 0x46, 0x76, 0x2f, 0x37,
  0x18, 0x00, 0x3f, 0x3c, 0x3f, 0x3c, 0x01, 0x2e, 0x2e, 0x2e, 0x2e, 0x00,
  0x31, 0x30, 0x01, 0x49, 0x68, 0xb9, 0x00, 0x00, 0x00, 0x04, 0x49, 0x68,
  0x61, 0xb0, 0x40, 0x52, 0x58, 0x38, 0x11, 0x37, 0xb9, 0x00, 0x04, 0xff,
  0xc0, 0x38, 0x59, 0x11, 0x33, 0x11, 0x23, 0x7d, 0x7d, 0x02, 0x71, 0xfd,
  0x8f, 0x00, 0x00, 0x01, 0x00, 0x00, 0x00, 0x00, 0x03, 0x6b, 0x01, 0xf4,
  0x00, 0x0b, 0x00, 0x5d, 0x40, 0x24, 0x01, 0x0c, 0x0c, 0x40, 0x0d, 0x00,
  0x07, 0x06, 0x03, 0x02, 0x0b, 0x0a, 0x09, 0x08, 0x07, 0x06, 0x05, 0x04,
  0x03, 0x02, 0x01, 0x00, 0x0b, 0x0a, 0x02, 0x09, 0x08, 0x05, 0x04, 0x01,
  0x05, 0x00, 0x01, 0x01, 0x09, 0x46, 0x76, 0x2f, 0x37, 0x18, 0x00, 0x3f,
  0x17, 0x3c, 0x3f, 0x3c, 0x01, 0x2e, 0x2e, 0x2e, 0x2e, 0x2e, 0x2e, 0x2e,
  0x2e, 0x2e, 0x2e, 0x2e, 0x2e, 0x00, 0x2e, 0x2e, 0x2e, 0x2e, 0x31, 0x30,
  0x01, 0x49, 0x68, 0xb9, 0x00, 0x09, 0x00, 0x0c, 0x49, 0x68, 0x61, 0xb0,
  0x40, 0x52, 0x58, 0x38, 0x11, 0x37, 0xb9, 0x00, 0x0c, 0xff, 0xc0, 0x38,
  0x59, 0x21, 0x23, 0x11, 0x23, 0x11, 0x23, 0x11, 0x23, 0x11, 0x23, 0x11,
  0x21, 0x03, 0x6b, 0x7d, 0xfa, 0x7d, 0xfa, 0x7d, 0x03, 0x6b, 0x01, 0x77,
  0xfe, 0x89, 0x01, 0x77, 0xfe, 0x89, 0x01, 0xf4, 0x00, 0x01, 0x00, 0x00,
  0x00, 0x00, 0x01, 0xf4, 0x01, 0xf4, 0x00, 0x07, 0x00, 0x54, 0x40, 0x20,
  0x01, 0x08, 0x08, 0x40, 0x09, 0x01, 0x04, 0x03, 0x04, 0x02, 0x01, 0x06,
  0x05, 0x04, 0x07, 0x00, 0x05, 0x04, 0x06, 0x00, 0x07, 0x06, 0x03, 0x03,
  0x02, 0x01, 0x01, 0x00, 0x02, 0x01, 0x00, 0x46, 0x76, 0x2f, 0x37, 0x18,
  0x00, 0x3f, 0x3c, 0x3f, 0x17, 0x3c, 0x10, 0xfd, 0x3c, 0x01, 0x2f, 0x3c,
  0xfd, 0x3c, 0x2f, 0x3c, 0xfd, 0x3c, 0x00, 0x31, 0x30, 0x01, 0x49, 0x68,
  0xb9, 0x00, 0x00, 0x00, 0x08, 0x49, 0x68, 0x61, 0xb0, 0x40, 0x52, 0x58,
  0x38, 0x11, 0x37, 0xb9, 0x00, 0x08, 0xff, 0xc0, 0x38, 0x59, 0x11, 0x21,
  0x11, 0x23, 0x11, 0x23, 0x11, 0x23, 0x01, 0xf4, 0x7d, 0xfa, 0x7d, 0x01,
  0xf4, 0xfe, 0x0c, 0x01, 0x77, 0xfe, 0x89, 0x00, 0x00, 0x02, 0x00, 0x00,
  0x00, 0x00, 0x01, 0xf4, 0x01, 0xf4, 0x00, 0x03, 0x00, 0x07, 0x00, 0x4f,
  0x40, 0x1b, 0x01, 0x08, 0x08, 0x40, 0x09, 0x02, 0x07, 0x06, 0x05, 0x04,
  0x07, 0x06, 0x05, 0x04, 0x03, 0x02, 0x01, 0x00, 0x02, 0x01, 0x02, 0x03,
  0x00, 0x01, 0x01, 0x00, 0x46, 0x76, 0x2f, 0x37, 0x18, 0x00, 0x3f, 0x3c,
  0x3f, 0x3c, 0x01, 0x2e, 0x2e, 0x2e, 0x2e, 0x2e, 0x2e, 0x2e, 0x2e, 0x00,
  0x2e, 0x2e, 0x2e, 0x2e, 0x31, 0x30, 0x01, 0x49, 0x68, 0xb9, 0x00, 0x00,
  0x00, 0x08, 0x49, 0x68, 0x61, 0xb0, 0x40, 0x52, 0x58, 0x38, 0x11, 0x37,
  0xb9, 0x00, 0x08, 0xff, 0xc0, 0x38, 0x59, 0x31, 0x11, 0x21, 0x11, 0x03,
  0x23, 0x15, 0x33, 0x01, 0xf4, 0x7d, 0xfa, 0xfa, 0x01, 0xf4, 0xfe, 0x0c,
  0x01, 0x77, 0xfa, 0x00, 0x00, 0x02, 0x00, 0x00, 0xff, 0x06, 0x01, 0xf4,
  0x01, 0xf4, 0x00, 0x05, 0x00, 0x09, 0x00, 0x58, 0x40, 0x20, 0x01, 0x0a,
  0x0a, 0x40, 0x0b, 0x00, 0x09, 0x08, 0x07, 0x06, 0x09, 0x08, 0x07, 0x06,
  0x05, 0x04, 0x03, 0x02, 0x01, 0x00, 0x04, 0x03, 0x00, 0x02, 0x01, 0x01,
  0x05, 0x00, 0x02, 0x01, 0x04, 0x46, 0x76, 0x2f, 0x37, 0x18, 0x00, 0x3f,
  0x3c, 0x3f, 0x3c, 0x3f, 0x3c, 0x01, 0x2e, 0x2e, 0x2e, 0x2e, 0x2e, 0x2e,
  0x2e, 0x2e, 0x2e, 0x2e, 0x00, 0x2e, 0x2e, 0x2e, 0x2e, 0x31, 0x30, 0x01,
  0x49, 0x68, 0xb9, 0x00, 0x04, 0x00, 0x0a, 0x49, 0x68, 0x61, 0xb0, 0x40,
  0x52, 0x58, 0x38, 0x11, 0x37, 0xb9, 0x00, 0x0a, 0xff, 0xc0, 0x38, 0x59,
  0x01, 0x11, 0x21, 0x15, 0x23, 0x11, 0x01, 0x35, 0x23, 0x15, 0x01, 0xf4,
  0xfe, 0x89, 0x7d, 0x01, 0x77, 0xfa, 0x01, 0xf4, 0xfe, 0x0c, 0xfa, 0x02,
  0xee, 0xfe, 0x89, 0xfa, 0xfa, 0x00, 0x00, 0x02, 0x00, 0x00, 0xff, 0x06,
  0x01, 0xf4, 0x01, 0xf4, 0x00, 0x05, 0x00, 0x09, 0x00, 0x55, 0x40, 0x1d,
  0x01, 0x0a, 0x0a, 0x40, 0x0b, 0x04, 0x09, 0x08, 0x07, 0x06, 0x02, 0x01,
  0x09, 0x08, 0x07, 0x06, 0x05, 0x04, 0x03, 0x02, 0x01, 0x00, 0x05, 0x00,
  0x04, 0x03, 0x01, 0x00, 0x46, 0x76, 0x2f, 0x37, 0x18, 0x00, 0x2f, 0x3c,
  0x2f, 0x3c, 0x01, 0x2e, 0x2e, 0x2e, 0x2e, 0x2e, 0x2e, 0x2e, 0x2e, 0x2e,
  0x2e, 0x00, 0x2e, 0x2e, 0x2e, 0x2e, 0x2e, 0x2e, 0x31, 0x30, 0x01, 0x49,
  0x68, 0xb9, 0x00, 0x00, 0x00, 0x0a, 0x49, 0x68, 0x61, 0xb0, 0x40, 0x52,
  0x58, 0x38, 0x11, 0x37, 0xb9, 0x00, 0x0a, 0xff, 0xc0, 0x38, 0x59, 0x19,
  0x01, 0x21, 0x15, 0x33, 0x11, 0x01, 0x35, 0x33, 0x15, 0x01, 0x77, 0x7d,
  0xfe, 0x89, 0xfa, 0x01, 0xf4, 0xfe, 0x0c, 0xfa, 0x02, 0xee, 0xfe, 0x89,
  0xfa, 0xfa, 0x00, 0x01, 0x00, 0x00, 0x00, 0x00, 0x01, 0x77, 0x01, 0xf4,
  0x00, 0x05, 0x00, 0x4b, 0x40, 0x1a, 0x01, 0x06, 0x06, 0x40, 0x07, 0x00,
  0x01, 0x00, 0x03, 0x02, 0x04, 0x05, 0x04, 0x02, 0x01, 0x06, 0x00, 0x04,
  0x03, 0x01, 0x05, 0x00, 0x02, 0x01, 0x04, 0x46, 0x76, 0x2f, 0x37, 0x18,
  0x00, 0x3f, 0x3c, 0x3f, 0x3c, 0x10, 0xfd, 0x3c, 0x01, 0x2f, 0x3c, 0xfd,
  0x3c, 0x2e, 0x2e, 0x00, 0x31, 0x30, 0x01, 0x49, 0x68, 0xb9, 0x00, 0x04,
  0x00, 0x06, 0x49, 0x68, 0x61, 0xb0, 0x40, 0x52, 0x58, 0x38, 0x11, 0x37,
  0xb9, 0x00, 0x06, 0xff, 0xc0, 0x38, 0x59, 0x01, 0x15, 0x23, 0x11, 0x23,
  0x11, 0x01, 0x77, 0xfa, 0x7d, 0x01, 0xf4, 0x7d, 0xfe, 0x89, 0x01, 0xf4,
  0x00, 0x01, 0x00, 0x00, 0x00, 0x00, 0x01, 0xf4, 0x01, 0xf4, 0x00, 0x0f,
  0x00, 0x77, 0x40, 0x37, 0x01, 0x10, 0x10, 0x40, 0x11, 0x00, 0x0e, 0x0d,
  0x06, 0x05, 0x0f, 0x04, 0x03, 0x03, 0x00, 0x05, 0x01, 0x0a, 0x09, 0x02,
  0x03, 0x01, 0x05, 0x0c, 0x0b, 0x08, 0x03, 0x07, 0x09, 0x08, 0x05, 0x03,
  0x04, 0x06, 0x06, 0x0b, 0x0a, 0x03, 0x03, 0x02, 0x06, 0x0d, 0x0c, 0x01,
  0x03, 0x00, 0x0f, 0x0e, 0x02, 0x07, 0x06, 0x01, 0x01, 0x07, 0x46, 0x76,
  0x2f, 0x37, 0x18, 0x00, 0x3f, 0x3c, 0x3f, 0x3c, 0x2f, 0x17, 0x3c, 0xfd,
  0x17, 0x3c, 0x10, 0xfd, 0x17, 0x3c, 0x01, 0x2f, 0x17, 0x3c, 0xfd, 0x17,
  0x3c, 0x10, 0xfd, 0x17, 0x3c, 0x2e, 0x2e, 0x2e, 0x2e, 0x00, 0x31, 0x30,
  0x01, 0x49, 0x68, 0xb9, 0x00, 0x07, 0x00, 0x10, 0x49, 0x68, 0x61, 0xb0,
  0x40, 0x52, 0x58, 0x38, 0x11, 0x37, 0xb9, 0x00, 0x10, 0xff, 0xc0, 0x38,
  0x59, 0x01, 0x23, 0x15, 0x33, 0x15, 0x23, 0x15, 0x21, 0x35, 0x33, 0x35,
  0x23, 0x35, 0x33, 0x35, 0x21, 0x01, 0xf4, 0xfa, 0xfa, 0x7d, 0xfe, 0x89,
  0xfa, 0xfa, 0x7d, 0x01, 0x77, 0x01, 0x77, 0x7d, 0x7d, 0x7d, 0x7d, 0x7d,
  0x7d, 0x7d, 0x00, 0x01, 0x00, 0x00, 0x00, 0x00, 0x01, 0x77, 0x02, 0x71,
  0x00, 0x0b, 0x00, 0x6a, 0x40, 0x2f, 0x01, 0x0c, 0x0c, 0x40, 0x0d, 0x00,
  0x01, 0x00, 0x08, 0x02, 0x07, 0x06, 0x08, 0x04, 0x09, 0x08, 0x05, 0x03,
  0x04, 0x04, 0x0b, 0x0a, 0x03, 0x03, 0x02, 0x06, 0x05, 0x02, 0x03, 0x01,
  0x06, 0x00, 0x0a, 0x09, 0x03, 0x04, 0x03, 0x01, 0x0b, 0x08, 0x07, 0x03,
  0x00, 0x02, 0x01, 0x06, 0x46, 0x76, 0x2f, 0x37, 0x18, 0x00, 0x3f, 0x17,
  0x3c, 0x3f, 0x3c, 0x3f, 0x3c, 0x10, 0xfd, 0x17, 0x3c, 0x01, 0x2f, 0x17,
  0x3c, 0xfd, 0x17, 0x3c, 0x10, 0xfd, 0x3c, 0x10, 0xfd, 0x3c, 0x00, 0x31,
  0x30, 0x01, 0x49, 0x68, 0xb9, 0x00, 0x06, 0x00, 0x0c, 0x49, 0x68, 0x61,
  0xb0, 0x40, 0x52, 0x58, 0x38, 0x11, 0x37, 0xb9, 0x00, 0x0c, 0xff, 0xc0,
  0x38, 0x59, 0x01, 0x15, 0x23, 0x11, 0x23, 0x11, 0x23, 0x35, 0x33, 0x35,
  0x33, 0x15, 0x01, 0x77, 0x7d, 0x7d, 0x7d, 0x7d, 0x7d, 0x01, 0xf4, 0x7d,
  0xfe, 0x89, 0x01, 0x77, 0x7d, 0x7d, 0x7d, 0x00, 0x00, 0x01, 0x00, 0x00,
  0x00, 0x00, 0x01, 0xf4, 0x01, 0xf4, 0x00, 0x07, 0x00, 0x54, 0x40, 0x20,
  0x01, 0x08, 0x08, 0x40, 0x09, 0x01, 0x06, 0x05, 0x04, 0x04, 0x03, 0x07,
  0x00, 0x04, 0x02, 0x01, 0x07, 0x06, 0x06, 0x02, 0x03, 0x02, 0x01, 0x05,
  0x04, 0x01, 0x03, 0x00, 0x02, 0x01, 0x03, 0x46, 0x76, 0x2f, 0x37, 0x18,
  0x00, 0x3f, 0x17, 0x3c, 0x3f, 0x3c, 0x10, 0xfd, 0x3c, 0x01, 0x2f, 0x3c,
  0xfd, 0x3c, 0x2f, 0x3c, 0xfd, 0x3c, 0x00, 0x31, 0x30, 0x01, 0x49, 0x68,
  0xb9, 0x00, 0x03, 0x00, 0x08, 0x49, 0x68, 0x61, 0xb0, 0x40, 0x52, 0x58,
  0x38, 0x11, 0x37, 0xb9, 0x00, 0x08, 0xff, 0xc0, 0x38, 0x59, 0x01, 0x33,
  0x11, 0x21, 0x11, 0x33, 0x11, 0x33, 0x01, 0x77, 0x7d, 0xfe, 0x0c, 0x7d,
  0xfa, 0x01, 0xf4, 0xfe, 0x0c, 0x01, 0xf4, 0xfe, 0x89, 0x00, 0x00, 0x01,
  0x00, 0x00, 0x00, 0x00, 0x01, 0xf4, 0x01, 0xf4, 0x00, 0x0b, 0x00, 0x62,
  0x40, 0x2b, 0x01, 0x0c, 0x0c, 0x40, 0x0d, 0x08, 0x05, 0x04, 0x01, 0x03,
  0x00, 0x04, 0x03, 0x02, 0x0b, 0x0a, 0x07, 0x03, 0x06, 0x04, 0x09, 0x08,
  0x0a, 0x09, 0x06, 0x05, 0x02, 0x05, 0x01, 0x06, 0x00, 0x08, 0x07, 0x04,
  0x03, 0x03, 0x02, 0x0b, 0x00, 0x01, 0x01, 0x02, 0x46, 0x76, 0x2f, 0x37,
  0x18, 0x00, 0x3f, 0x3c, 0x3f, 0x17, 0x3c, 0x10, 0xfd, 0x17, 0x3c, 0x01,
  0x2f, 0x3c, 0xfd, 0x17, 0x3c, 0x2f, 0x3c, 0xfd, 0x17, 0x3c, 0x00, 0x31,
  0x30, 0x01, 0x49, 0x68, 0xb9, 0x00, 0x02, 0x00, 0x0c, 0x49, 0x68, 0x61,
  0xb0, 0x40, 0x52, 0x58, 0x38, 0x11, 0x37, 0xb9, 0x00, 0x0c, 0xff, 0xc0,
  0x38, 0x59, 0x33, 0x35, 0x23, 0x11, 0x33, 0x11, 0x33, 0x11, 0x33, 0x11,
  0x23, 0x15, 0x7d, 0x7d, 0x7d, 0xfa, 0x7d, 0x7d, 0x7d, 0x01, 0x77, 0xfe,
  0x89, 0x01, 0x77, 0xfe, 0x89, 0x7d, 0x00, 0x01, 0x00, 0x00, 0x00, 0x00,
  0x03, 0x6b, 0x01, 0xf4, 0x00, 0x0b, 0x00, 0x5d, 0x40, 0x24, 0x01, 0x0c,
  0x0c, 0x40, 0x0d, 0x00, 0x0a, 0x09, 0x06, 0x05, 0x0b, 0x0a, 0x09, 0x08,
  0x07, 0x06, 0x05, 0x04, 0x03, 0x02, 0x01, 0x00, 0x02, 0x01, 0x01, 0x0b,
  0x08, 0x07, 0x04, 0x03, 0x05, 0x00, 0x02, 0x01, 0x02, 0x46, 0x76, 0x2f,
  0x37, 0x18, 0x00, 0x3f, 0x17, 0x3c, 0x3f, 0x3c, 0x01, 0x2e, 0x2e, 0x2e,
  0x2e, 0x2e, 0x2e, 0x2e, 0x2e, 0x2e, 0x2e, 0x2e, 0x2e, 0x00, 0x2e, 0x2e,
  0x2e, 0x2e, 0x31, 0x30, 0x01, 0x49, 0x68, 0xb9, 0x00, 0x02, 0x00, 0x0c,
  0x49, 0x68, 0x61, 0xb0, 0x40, 0x52, 0x58, 0x38, 0x11, 0x37, 0xb9, 0x00,
  0x0c, 0xff, 0xc0, 0x38, 0x59, 0x01, 0x11, 0x21, 0x11, 0x33, 0x11, 0x33,
  0x11, 0x33, 0x11, 0x33, 0x11, 0x03, 0x6b, 0xfc, 0x95, 0x7d, 0xfa, 0x7d,
  0xfa, 0x01, 0xf4, 0xfe, 0x0c, 0x01, 0xf4, 0xfe, 0x89, 0x01, 0x77, 0xfe,
  0x89, 0x01, 0x77, 0x00, 0x00, 0x01, 0x00, 0x00, 0x00, 0x00, 0x01, 0xf4,
  0x01, 0xf4, 0x00, 0x13, 0x00, 0x7f, 0x40, 0x41, 0x01, 0x14, 0x14, 0x40,
  0x15, 0x00, 0x13, 0x12, 0x07, 0x06, 0x03, 0x05, 0x02, 0x04, 0x05, 0x04,
  0x01, 0x03, 0x00, 0x11, 0x10, 0x0d, 0x0c, 0x09, 0x05, 0x08, 0x04, 0x0f,
  0x0e, 0x0b, 0x03, 0x0a, 0x12, 0x11, 0x0e, 0x0d, 0x02, 0x05, 0x01, 0x06,
  0x00, 0x0c, 0x0b, 0x08, 0x07, 0x04, 0x05, 0x03, 0x06, 0x05, 0x0a, 0x09,
  0x06, 0x03, 0x05, 0x01, 0x13, 0x10, 0x0f, 0x03, 0x00, 0x02, 0x01, 0x0a,
  0x46, 0x76, 0x2f, 0x37, 0x18, 0x00, 0x3f, 0x17, 0x3c, 0x3f, 0x17, 0x3c,
  0x10, 0xfd, 0x17, 0x3c, 0x10, 0xfd, 0x17, 0x3c, 0x01, 0x2f, 0x17, 0x3c,
  0xfd, 0x17, 0x3c, 0x2f, 0x17, 0x3c, 0xfd, 0x17, 0x3c, 0x00, 0x31, 0x30,
  0x01, 0x49, 0x68, 0xb9, 0x00, 0x0a, 0x00, 0x14, 0x49, 0x68, 0x61, 0xb0,
  0x40, 0x52, 0x58, 0x38, 0x11, 0x37, 0xb9, 0x00, 0x14, 0xff, 0xc0, 0x38,
  0x59, 0x01, 0x15, 0x23, 0x15, 0x33, 0x15, 0x23, 0x35, 0x23, 0x15, 0x23,
  0x35, 0x33, 0x35, 0x23, 0x35, 0x33, 0x15, 0x33, 0x35, 0x01, 0xf4, 0x7d,
  0x7d, 0x7d, 0xfa, 0x7d, 0x7d, 0x7d, 0x7d, 0xfa, 0x01, 0xf4, 0x7d, 0xfa,
  0x7d, 0x7d, 0x7d, 0x7d, 0xfa, 0x7d, 0x7d, 0x7d, 0x00, 0x01, 0x00, 0x00,
  0xff, 0x06, 0x01, 0xf4, 0x01, 0xf4, 0x00, 0x0b, 0x00, 0x68, 0x40, 0x2d,
  0x01, 0x0c, 0x0c, 0x40, 0x0d, 0x0a, 0x09, 0x08, 0x03, 0x03, 0x02, 0x04,
  0x0b, 0x0a, 0x07, 0x06, 0x04, 0x05, 0x04, 0x01, 0x03, 0x00, 0x08, 0x07,
  0x06, 0x03, 0x02, 0x01, 0x06, 0x00, 0x0a, 0x09, 0x06, 0x03, 0x05, 0x02,
  0x04, 0x03, 0x01, 0x0b, 0x00, 0x00, 0x01, 0x00, 0x46, 0x76, 0x2f, 0x37,
  0x18, 0x00, 0x3f, 0x3c, 0x3f, 0x3c, 0x3f, 0x17, 0x3c, 0x10, 0xfd, 0x3c,
  0x10, 0xfd, 0x3c, 0x01, 0x2f, 0x17, 0x3c, 0xfd, 0x3c, 0x2f, 0x3c, 0xfd,
  0x17, 0x3c, 0x00, 0x31, 0x30, 0x01, 0x49, 0x68, 0xb9, 0x00, 0x00, 0x00,
  0x0c, 0x49, 0x68, 0x61, 0xb0, 0x40, 0x52, 0x58, 0x38, 0x11, 0x37, 0xb9,
  0x00, 0x0c, 0xff, 0xc0, 0x38, 0x59, 0x15, 0x35, 0x21, 0x35, 0x21, 0x11,
  0x33, 0x11, 0x33, 0x11, 0x33, 0x11, 0x01, 0x77, 0xfe, 0x89, 0x7d, 0xfa,
  0x7d, 0xfa, 0x7d, 0x7d, 0x01, 0xf4, 0xfe, 0x89, 0x01, 0x77, 0xfd, 0x12,
  0x00, 0x01, 0x00, 0x00, 0x00, 0x00, 0x01, 0xf4, 0x01, 0xf4, 0x00, 0x0f,
  0x00, 0x7c, 0x40, 0x38, 0x01, 0x10, 0x10, 0x40, 0x11, 0x04, 0x0d, 0x0c,
  0x0b, 0x0a, 0x05, 0x04, 0x03, 0x02, 0x07, 0x06, 0x04, 0x00, 0x09, 0x08,
  0x01, 0x03, 0x00, 0x04, 0x0f, 0x0e, 0x0f, 0x08, 0x07, 0x03, 0x00, 0x07,
  0x0b, 0x06, 0x05, 0x02, 0x03, 0x01, 0x06, 0x03, 0x0e, 0x0d, 0x0a, 0x03,
  0x09, 0x06, 0x0b, 0x0c, 0x0b, 0x01, 0x04, 0x03, 0x02, 0x01, 0x02, 0x46,
  0x76, 0x2f, 0x37, 0x18, 0x00, 0x3f, 0x3c, 0x3f, 0x3c, 0x10, 0xfd, 0x17,
  0x3c, 0x10, 0xfd, 0x17, 0x3c, 0x10, 0xfd, 0x17, 0x3c, 0x01, 0x2f, 0x3c,
  0xfd, 0x17, 0x3c, 0x10, 0xfd, 0x3c, 0x2e, 0x2e, 0x2e, 0x2e, 0x2e, 0x2e,
  0x2e, 0x2e, 0x00, 0x31, 0x30, 0x01, 0x49, 0x68, 0xb9, 0x00, 0x02, 0x00,
  0x10, 0x49, 0x68, 0x61, 0xb0, 0x40, 0x52, 0x58, 0x38, 0x11, 0x37, 0xb9,
  0x00, 0x10, 0xff, 0xc0, 0x38, 0x59, 0x37, 0x35, 0x23, 0x35, 0x21, 0x15,
  0x23, 0x15, 0x23, 0x15, 0x33, 0x15, 0x21, 0x35, 0x33, 0x35, 0xfa, 0xfa,
  0x01, 0xf4, 0x7d, 0x7d, 0xfa, 0xfe, 0x0c, 0x7d, 0xfa, 0x7d, 0x7d, 0x7d,
  0x7d, 0x7d, 0x7d, 0x7d, 0x7d, 0x00, 0x00, 0x01, 0x00, 0x00, 0xff, 0x83,
  0x01, 0x77, 0x02, 0xee, 0x00, 0x13, 0x00, 0x7c, 0x40, 0x3b, 0x01, 0x14,
  0x14, 0x40, 0x15, 0x09, 0x11, 0x10, 0x0b, 0x0a, 0x0e, 0x0d, 0x06, 0x05,
  0x02, 0x05, 0x01, 0x04, 0x04, 0x03, 0x13, 0x10, 0x0f, 0x0c, 0x0b, 0x08,
  0x07, 0x07, 0x00, 0x04, 0x12, 0x11, 0x0a, 0x03, 0x09, 0x0f, 0x0e, 0x03,
  0x03, 0x02, 0x06, 0x0d, 0x0c, 0x05, 0x03, 0x04, 0x09, 0x08, 0x13, 0x12,
  0x07, 0x06, 0x03, 0x01, 0x00, 0x01, 0x01, 0x03, 0x46, 0x76, 0x2f, 0x37,
  0x18, 0x00, 0x3f, 0x3c, 0x3f, 0x3c, 0x2f, 0x3c, 0x2f, 0x3c, 0x2f, 0x17,
  0x3c, 0xfd, 0x17, 0x3c, 0x01, 0x2f, 0x17, 0x3c, 0xfd, 0x17, 0x3c, 0x2f,
  0x3c, 0xfd, 0x17, 0x3c, 0x00, 0x2e, 0x2e, 0x2e, 0x2e, 0x31, 0x30, 0x01,
  0x49, 0x68, 0xb9, 0x00, 0x03, 0x00, 0x14, 0x49, 0x68, 0x61, 0xb0, 0x40,
  0x52, 0x58, 0x38, 0x11, 0x37, 0xb9, 0x00, 0x14, 0xff, 0xc0, 0x38, 0x59,
  0x33, 0x23, 0x35, 0x23, 0x35, 0x33, 0x35, 0x33, 0x35, 0x33, 0x15, 0x23,
  0x15, 0x23, 0x15, 0x33, 0x15, 0x33, 0x15, 0x23, 0xfa, 0x7d, 0x7d, 0x7d,
  0x7d, 0x7d, 0x7d, 0x7d, 0x7d, 0x7d, 0x7d, 0xfa, 0x7d, 0xfa, 0x7d, 0x7d,
  0xfa, 0x7d, 0xfa, 0x7d, 0x00, 0x01, 0x00, 0x7d, 0xff, 0x83, 0x00, 0xfa,
  0x02, 0xee, 0x00, 0x03, 0x00, 0x3e, 0x40, 0x12, 0x01, 0x04, 0x04, 0x40,
  0x05, 0x01, 0x02, 0x01, 0x04, 0x03, 0x00, 0x01, 0x00, 0x03, 0x02, 0x01,
  0x00, 0x46, 0x76, 0x2f, 0x37, 0x18, 0x00, 0x2f, 0x3c, 0x2f, 0x3c, 0x01,
  0x2f, 0x3c, 0xfd, 0x3c, 0x00, 0x31, 0x30, 0x01, 0x49, 0x68, 0xb9, 0x00,
  0x00, 0x00, 0x04, 0x49, 0x68, 0x61, 0xb0, 0x40, 0x52, 0x58, 0x38, 0x11,
  0x37, 0xb9, 0x00, 0x04, 0xff, 0xc0, 0x38, 0x59, 0x13, 0x33, 0x11, 0x23,
  0x7d, 0x7d, 0x7d, 0x02, 0xee, 0xfc, 0x95, 0x00, 0x00, 0x01, 0x00, 0x00,
  0xff, 0x83, 0x01, 0x77, 0x02, 0xee, 0x00, 0x13, 0x00, 0x82, 0x40, 0x3f,
  0x01, 0x14, 0x14, 0x40, 0x15, 0x0d, 0x10, 0x0f, 0x0c, 0x0b, 0x04, 0x05,
  0x03, 0x04, 0x0e, 0x0d, 0x12, 0x11, 0x0a, 0x09, 0x06, 0x05, 0x02, 0x07,
  0x01, 0x04, 0x13, 0x08, 0x07, 0x03, 0x00, 0x07, 0x06, 0x06, 0x08, 0x0f,
  0x0e, 0x03, 0x03, 0x02, 0x06, 0x0d, 0x0c, 0x05, 0x03, 0x04, 0x01, 0x00,
  0x06, 0x12, 0x09, 0x08, 0x13, 0x12, 0x11, 0x10, 0x01, 0x0b, 0x0a, 0x03,
  0x01, 0x00, 0x46, 0x76, 0x2f, 0x37, 0x18, 0x00, 0x3f, 0x3c, 0x3f, 0x3c,
  0x2f, 0x3c, 0x2f, 0x3c, 0x10, 0xfd, 0x3c, 0x2f, 0x17, 0x3c, 0xfd, 0x17,
  0x3c, 0x10, 0xfd, 0x3c, 0x01, 0x2f, 0x17, 0x3c, 0xfd, 0x17, 0x3c, 0x2f,
  0x3c, 0xfd, 0x17, 0x3c, 0x00, 0x31, 0x30, 0x01, 0x49, 0x68, 0xb9, 0x00,
  0x00, 0x00, 0x14, 0x49, 0x68, 0x61, 0xb0, 0x40, 0x52, 0x58, 0x38, 0x11,
  0x37, 0xb9, 0x00, 0x14, 0xff, 0xc0, 0x38, 0x59, 0x31, 0x33, 0x35, 0x33,
  0x35, 0x23, 0x35, 0x23, 0x35, 0x33, 0x15, 0x33, 0x15, 0x33, 0x15, 0x23,
  0x15, 0x23, 0x15, 0x23, 0x7d, 0x7d, 0x7d, 0x7d, 0x7d, 0x7d, 0x7d, 0x7d,
  0x7d, 0x7d, 0xfa, 0x7d, 0xfa, 0x7d, 0x7d, 0xfa, 0x7d, 0xfa, 0x7d, 0x00,
  0x00, 0x01, 0x00, 0x00, 0x00, 0xfa, 0x01, 0xf4, 0x01, 0xf4, 0x00, 0x0f,
  0x00, 0x6e, 0x40, 0x2c, 0x01, 0x10, 0x10, 0x40, 0x11, 0x01, 0x0f, 0x0e,
  0x0b, 0x0a, 0x07, 0x06, 0x03, 0x02, 0x0f, 0x0e, 0x0d, 0x0c, 0x0b, 0x0a,
  0x09, 0x08, 0x07, 0x06, 0x05, 0x04, 0x03, 0x02, 0x01, 0x00, 0x09, 0x08,
  0x05, 0x03, 0x04, 0x0d, 0x0c, 0x01, 0x03, 0x00, 0x02, 0x01, 0x09, 0x46,
  0x76, 0x2f, 0x37, 0x18, 0x00, 0x3f, 0x17, 0x3c, 0x2f, 0x17, 0x3c, 0x01,
  0x2e, 0x2e, 0x2e, 0x2e, 0x2e, 0x2e, 0x2e, 0x2e, 0x2e, 0x2e, 0x2e, 0x2e,
  0x2e, 0x2e, 0x2e, 0x2e, 0x00, 0x2e, 0x2e, 0x2e, 0x2e, 0x2e, 0x2e, 0x2e,
  0x2e, 0x31, 0x30, 0x01, 0x49, 0x68, 0xb9, 0x00, 0x09, 0x00, 0x10, 0x49,
  0x68, 0x61, 0xb0, 0x40, 0x52, 0x58, 0x38, 0x11, 0x37, 0xb9, 0x00, 0x10,
  0xff, 0xc0, 0x38, 0x59, 0x01, 0x33, 0x15, 0x23, 0x15, 0x23, 0x35, 0x23,
  0x15, 0x23, 0x35, 0x33, 0x35, 0x33, 0x15, 0x33, 0x01, 0x77, 0x7d, 0x7d,
  0x7d, 0x7d, 0x7d, 0x7d, 0x7d, 0x7d, 0x01, 0xf4, 0x7d, 0x7d, 0x7d, 0x7d,
  0x7d, 0x7d, 0x7d, 0x00, 0x00, 0x04, 0x00, 0x00, 0x00, 0x00, 0x02, 0x71,
  0x03, 0x6b, 0x00, 0x03, 0x00, 0x07, 0x00, 0x0f, 0x00, 0x13, 0x00, 0x7f,
  0x40, 0x35, 0x01, 0x14, 0x14, 0x40, 0x15, 0x09, 0x13, 0x12, 0x11, 0x10,
  0x0d, 0x0c, 0x07, 0x06, 0x03, 0x02, 0x13, 0x12, 0x11, 0x10, 0x0f, 0x0e,
  0x0d, 0x0c, 0x0b, 0x0a, 0x09, 0x08, 0x07, 0x06, 0x05, 0x04, 0x03, 0x02,
  0x01, 0x00, 0x05, 0x04, 0x01, 0x03, 0x00, 0x0f, 0x0e, 0x0b, 0x03, 0x0a,
  0x01, 0x09, 0x08, 0x03, 0x01, 0x08, 0x46, 0x76, 0x2f, 0x37, 0x18, 0x00,
  0x3f, 0x3c, 0x3f, 0x17, 0x3c, 0x2f, 0x17, 0x3c, 0x01, 0x2e, 0x2e, 0x2e,
  0x2e, 0x2e, 0x2e, 0x2e, 0x2e, 0x2e, 0x2e, 0x2e, 0x2e, 0x2e, 0x2e, 0x2e,
  0x2e, 0x2e, 0x2e, 0x2e, 0x2e, 0x00, 0x2e, 0x2e, 0x2e, 0x2e, 0x2e, 0x2e,
  0x2e, 0x2e, 0x2e, 0x2e, 0x31, 0x30, 0x01, 0x49, 0x68, 0xb9, 0x00, 0x08,
  0x00, 0x14, 0x49, 0x68, 0x61, 0xb0, 0x40, 0x52, 0x58, 0x38, 0x11, 0x37,
  0xb9, 0x00, 0x14, 0xff, 0xc0, 0x38, 0x59, 0x13, 0x33, 0x15, 0x23, 0x37,
  0x33, 0x15, 0x23, 0x05, 0x21, 0x11, 0x23, 0x35, 0x21, 0x15, 0x23, 0x01,
  0x35, 0x21, 0x15, 0x7d, 0x7d, 0x7d, 0xfa, 0x7d, 0x7d, 0xfe, 0x89, 0x02,
  0x71, 0x7d, 0xfe, 0x89, 0x7d, 0x01, 0xf4, 0xfe, 0x89, 0x03, 0x6b, 0x7d,
  0x7d, 0x7d, 0x7d, 0xfd, 0x8f, 0xfa, 0xfa, 0x01, 0x77, 0x7d, 0x7d, 0x00,
  0x00, 0x03, 0x00, 0x00, 0x00, 0x00, 0x02, 0x71, 0x03, 0xe8, 0x00, 0x03,
  0x00, 0x17, 0x00, 0x1b, 0x00, 0xaa, 0x40, 0x59, 0x01, 0x1c, 0x1c, 0x40,
  0x1d, 0x06, 0x07, 0x06, 0x04, 0x00, 0x0d, 0x0c, 0x04, 0x01, 0x1b, 0x18,
  0x13, 0x12, 0x0f, 0x05, 0x0e, 0x04, 0x11, 0x10, 0x0b, 0x0a, 0x02, 0x05,
  0x01, 0x1a, 0x19, 0x15, 0x14, 0x05, 0x05, 0x04, 0x04, 0x17, 0x16, 0x09,
  0x08, 0x03, 0x05, 0x00, 0x19, 0x18, 0x07, 0x00, 0x01, 0x00, 0x06, 0x05,
  0x03, 0x02, 0x06, 0x0a, 0x09, 0x17, 0x10, 0x0f, 0x03, 0x04, 0x06, 0x16,
  0x15, 0x12, 0x03, 0x11, 0x1b, 0x1a, 0x06, 0x13, 0x14, 0x13, 0x0c, 0x0b,
  0x08, 0x03, 0x07, 0x01, 0x0e, 0x0d, 0x06, 0x03, 0x05, 0x03, 0x01, 0x0c,
  0x46, 0x76, 0x2f, 0x37, 0x18, 0x00, 0x3f, 0x17, 0x3c, 0x3f, 0x17, 0x3c,
  0x2f, 0x3c, 0x10, 0xfd, 0x3c, 0x2f, 0x17, 0x3c, 0xfd, 0x17, 0x3c, 0x2f,
  0x3c, 0xfd, 0x3c, 0x10, 0xfd, 0x3c, 0x10, 0xfd, 0x3c, 0x01, 0x2f, 0x17,
  0x3c, 0xfd, 0x17, 0x3c, 0x2f, 0x17, 0x3c, 0xfd, 0x17, 0x3c, 0x10, 0xfd,
  0x3c, 0x10, 0xfd, 0x3c, 0x00, 0x31, 0x30, 0x01, 0x49, 0x68, 0xb9, 0x00,
  0x0c, 0x00, 0x1c, 0x49, 0x68, 0x61, 0xb0, 0x40, 0x52, 0x58, 0x38, 0x11,
  0x37, 0xb9, 0x00, 0x1c, 0xff, 0xc0, 0x38, 0x59, 0x01, 0x21, 0x15, 0x21,
  0x03, 0x15, 0x33, 0x11, 0x23, 0x35, 0x21, 0x15, 0x23, 0x11, 0x33, 0x35,
  0x23, 0x35, 0x33, 0x35, 0x33, 0x15, 0x33, 0x15, 0x27, 0x33, 0x35, 0x23,
  0x01, 0xf4, 0xfe, 0x89, 0x01, 0x77, 0x7d, 0xfa, 0x7d, 0xfe, 0x89, 0x7d,
  0xfa, 0x7d, 0x7d, 0x7d, 0x7d, 0xfa, 0x7d, 0x7d, 0x01, 0xf2, 0x7b, 0x01,
  0x77, 0x7d, 0xfd, 0x8f, 0xfa, 0xfa, 0x02, 0x71, 0x7d, 0x7d, 0x7d, 0x7d,
  0x7d, 0x05, 0x73, 0x00, 0x00, 0x01, 0x00, 0x00, 0xff, 0x06, 0x02, 0x71,
  0x02, 0x71, 0x00, 0x0d, 0x00, 0x68, 0x40, 0x29, 0x01, 0x0e, 0x0e, 0x40,
  0x0f, 0x06, 0x0a, 0x09, 0x08, 0x07, 0x02, 0x01, 0x0d, 0x0c, 0x0b, 0x0a,
  0x09, 0x08, 0x07, 0x06, 0x05, 0x04, 0x03, 0x02, 0x01, 0x00, 0x06, 0x05,
  0x03, 0x0c, 0x0b, 0x04, 0x03, 0x03, 0x01, 0x0d, 0x00, 0x00, 0x01, 0x04,
  0x46, 0x76, 0x2f, 0x37, 0x18, 0x00, 0x3f, 0x3c, 0x3f, 0x17, 0x3c, 0x3f,
  0x3c, 0x01, 0x2e, 0x2e, 0x2e, 0x2e, 0x2e, 0x2e, 0x2e, 0x2e, 0x2e, 0x2e,
  0x2e, 0x2e, 0x2e, 0x2e, 0x00, 0x2e, 0x2e, 0x2e, 0x2e, 0x2e, 0x2e, 0x31,
  0x30, 0x01, 0x49, 0x68, 0xb9, 0x00, 0x04, 0x00, 0x0e, 0x49, 0x68, 0x61,
  0xb0, 0x40, 0x52, 0x58, 0x38, 0x11, 0x37, 0xb9, 0x00, 0x0e, 0xff, 0xc0,
  0x38, 0x59, 0x17, 0x35, 0x33, 0x35, 0x23, 0x11, 0x21, 0x15, 0x21, 0x11,
  0x21, 0x15, 0x23, 0x15, 0x7d, 0x7d, 0xfa, 0x02, 0x71, 0xfe, 0x0c, 0x01,
  0xf4, 0xfa, 0xfa, 0x7d, 0x7d, 0x02, 0x71, 0x7d, 0xfe, 0x89, 0x7d, 0xfa,
  0x00, 0x02, 0x00, 0x00, 0x00, 0x00, 0x02, 0x71, 0x03, 0xe8, 0x00, 0x07,
  0x00, 0x13, 0x00, 0x8c, 0x40, 0x41, 0x01, 0x14, 0x14, 0x40, 0x15, 0x08,
  0x13, 0x10, 0x0f, 0x08, 0x0c, 0x0b, 0x03, 0x03, 0x02, 0x04, 0x00, 0x05,
  0x04, 0x01, 0x03, 0x00, 0x04, 0x07, 0x06, 0x0e, 0x0d, 0x0a, 0x03, 0x09,
  0x04, 0x12, 0x11, 0x06, 0x05, 0x06, 0x07, 0x04, 0x03, 0x03, 0x00, 0x09,
  0x08, 0x06, 0x12, 0x0b, 0x0a, 0x06, 0x0d, 0x0c, 0x0f, 0x0e, 0x06, 0x10,
  0x02, 0x01, 0x13, 0x12, 0x03, 0x11, 0x10, 0x01, 0x01, 0x11, 0x46, 0x76,
  0x2f, 0x37, 0x18, 0x00, 0x3f, 0x3c, 0x3f, 0x3c, 0x2f, 0x3c, 0x10, 0xfd,
  0x3c, 0x2f, 0x3c, 0xfd, 0x3c, 0x10, 0xfd, 0x3c, 0x2f, 0x17, 0x3c, 0xfd,
  0x3c, 0x01, 0x2f, 0x3c, 0xfd, 0x17, 0x3c, 0x2f, 0x3c, 0xfd, 0x17, 0x3c,
  0x10, 0xfd, 0x17, 0x3c, 0x2e, 0x2e, 0x2e, 0x2e, 0x00, 0x31, 0x30, 0x01,
  0x49, 0x68, 0xb9, 0x00, 0x11, 0x00, 0x14, 0x49, 0x68, 0x61, 0xb0, 0x40,
  0x52, 0x58, 0x38, 0x11, 0x37, 0xb9, 0x00, 0x14, 0xff, 0xc0, 0x38, 0x59,
  0x01, 0x35, 0x33, 0x15, 0x23, 0x15, 0x23, 0x35, 0x01, 0x21, 0x15, 0x21,
  0x15, 0x21, 0x15, 0x21, 0x15, 0x21, 0x11, 0x21, 0x01, 0x77, 0x7d, 0x7d,
  0x7d, 0x01, 0x77, 0xfe, 0x0c, 0x01, 0x77, 0xfe, 0x89, 0x01, 0xf4, 0xfd,
  0x8f, 0x02, 0x71, 0x03, 0x6b, 0x7d, 0x7d, 0x7d, 0x7d, 0xfe, 0x89, 0x7d,
  0x7d, 0x7d, 0x7d, 0x02, 0x71, 0x00, 0x00, 0x02, 0x00, 0x00, 0x00, 0x00,
  0x02, 0x71, 0x03, 0xe9, 0x00, 0x0f, 0x00, 0x17, 0x00, 0x8f, 0x40, 0x3d,
  0x01, 0x18, 0x18, 0x40, 0x19, 0x01, 0x15, 0x14, 0x0f, 0x0e, 0x0b, 0x0a,
  0x09, 0x08, 0x07, 0x06, 0x05, 0x04, 0x03, 0x02, 0x17, 0x16, 0x15, 0x14,
  0x13, 0x12, 0x11, 0x10, 0x0f, 0x0e, 0x0d, 0x0c, 0x0b, 0x0a, 0x09, 0x08,
  0x07, 0x06, 0x05, 0x04, 0x03, 0x02, 0x01, 0x00, 0x0d, 0x0c, 0x01, 0x03,
  0x00, 0x17, 0x16, 0x13, 0x03, 0x12, 0x01, 0x11, 0x10, 0x03, 0x01, 0x10,
  0x46, 0x76, 0x2f, 0x37, 0x18, 0x00, 0x3f, 0x3c, 0x3f, 0x17, 0x3c, 0x2f,
  0x17, 0x3c, 0x01, 0x2e, 0x2e, 0x2e, 0x2e, 0x2e, 0x2e, 0x2e, 0x2e, 0x2e,
  0x2e, 0x2e, 0x2e, 0x2e, 0x2e, 0x2e, 0x2e, 0x2e, 0x2e, 0x2e, 0x2e, 0x2e,
  0x2e, 0x2e, 0x2e, 0x00, 0x2e, 0x2e, 0x2e, 0x2e, 0x2e, 0x2e, 0x2e, 0x2e,
  0x2e, 0x2e, 0x2e, 0x2e, 0x2e, 0x2e, 0x31, 0x30, 0x01, 0x49, 0x68, 0xb9,
  0x00, 0x10, 0x00, 0x18, 0x49, 0x68, 0x61, 0xb0, 0x40, 0x52, 0x58, 0x38,
  0x11, 0x37, 0xb9, 0x00, 0x18, 0xff, 0xc0, 0x38, 0x59, 0x01, 0x33, 0x15,
  0x23, 0x15, 0x23, 0x35, 0x23, 0x15, 0x23, 0x35, 0x33, 0x35, 0x33, 0x15,
  0x33, 0x05, 0x21, 0x11, 0x23, 0x11, 0x21, 0x11, 0x23, 0x01, 0xf4, 0x7d,
  0x7d, 0x7d, 0x7d, 0x7d, 0x7d, 0x7d, 0x7d, 0xfe, 0x0c, 0x02, 0x71, 0x7d,
  0xfe, 0x89, 0x7d, 0x03, 0xe9, 0x7d, 0x7d, 0x7d, 0x7d, 0x7d, 0x7d, 0x7d,
  0xfb, 0xfd, 0x8f, 0x01, 0xf4, 0xfe, 0x0c, 0x00, 0x00, 0x04, 0x00, 0x00,
  0x00, 0x00, 0x02, 0x71, 0x03, 0x6b, 0x00, 0x03, 0x00, 0x07, 0x00, 0x0b,
  0x00, 0x0f, 0x00, 0x6f, 0x40, 0x2c, 0x01, 0x10, 0x10, 0x40, 0x11, 0x08,
  0x0f, 0x0e, 0x0d, 0x0c, 0x07, 0x06, 0x03, 0x02, 0x0f, 0x0e, 0x0d, 0x0c,
  0x0b, 0x0a, 0x09, 0x08, 0x07, 0x06, 0x05, 0x04, 0x03, 0x02, 0x01, 0x00,
  0x05, 0x04, 0x01, 0x03, 0x00, 0x0a, 0x09, 0x01, 0x0b, 0x08, 0x03, 0x01,
  0x0a, 0x46, 0x76, 0x2f, 0x37, 0x18, 0x00, 0x3f, 0x3c, 0x3f, 0x3c, 0x2f,
  0x17, 0x3c, 0x01, 0x2e, 0x2e, 0x2e, 0x2e, 0x2e, 0x2e, 0x2e, 0x2e, 0x2e,
  0x2e, 0x2e, 0x2e, 0x2e, 0x2e, 0x2e, 0x2e, 0x00, 0x2e, 0x2e, 0x2e, 0x2e,
  0x2e, 0x2e, 0x2e, 0x2e, 0x31, 0x30, 0x01, 0x49, 0x68, 0xb9, 0x00, 0x0a,
  0x00, 0x10, 0x49, 0x68, 0x61, 0xb0, 0x40, 0x52, 0x58, 0x38, 0x11, 0x37,
  0xb9, 0x00, 0x10, 0xff, 0xc0, 0x38, 0x59, 0x13, 0x33, 0x15, 0x23, 0x37,
  0x33, 0x15, 0x23, 0x17, 0x11, 0x21, 0x11, 0x01, 0x11, 0x21, 0x11, 0x7d,
  0x7d, 0x7d, 0xfa, 0x7d, 0x7d, 0xfa, 0xfd, 0x8f, 0x01, 0xf4, 0xfe, 0x89,
  0x03, 0x6b, 0x7d, 0x7d, 0x7d, 0x7d, 0xfd, 0x8f, 0x02, 0x71, 0xfe, 0x0c,
  0x01, 0x77, 0xfe, 0x89, 0x00, 0x03, 0x00, 0x00, 0x00, 0x00, 0x02, 0x71,
  0x03, 0x6b, 0x00, 0x03, 0x00, 0x07, 0x00, 0x0f, 0x00, 0x6f, 0x40, 0x2d,
  0x01, 0x10, 0x10, 0x40, 0x11, 0x09, 0x0f, 0x0e, 0x07, 0x06, 0x03, 0x02,
  0x0f, 0x0e, 0x0d, 0x0c, 0x0b, 0x0a, 0x09, 0x08, 0x07, 0x06, 0x05, 0x04,
  0x03, 0x02, 0x01, 0x00, 0x05, 0x04, 0x01, 0x03, 0x00, 0x0b, 0x0a, 0x01,
  0x0d, 0x0c, 0x09, 0x03, 0x08, 0x03, 0x01, 0x0b, 0x46, 0x76, 0x2f, 0x37,
  0x18, 0x00, 0x3f, 0x17, 0x3c, 0x3f, 0x3c, 0x2f, 0x17, 0x3c, 0x01, 0x2e,
  0x2e, 0x2e, 0x2e, 0x2e, 0x2e, 0x2e, 0x2e, 0x2e, 0x2e, 0x2e, 0x2e, 0x2e,
  0x2e, 0x2e, 0x2e, 0x00, 0x2e, 0x2e, 0x2e, 0x2e, 0x2e, 0x2e, 0x31, 0x30,
  0x01, 0x49, 0x68, 0xb9, 0x00, 0x0b, 0x00, 0x10, 0x49, 0x68, 0x61, 0xb0,
  0x40, 0x52, 0x58, 0x38, 0x11, 0x37, 0xb9, 0x00, 0x10, 0xff, 0xc0, 0x38,
  0x59, 0x13, 0x33, 0x15, 0x23, 0x37, 0x33, 0x15, 0x23, 0x17, 0x33, 0x11,
  0x21, 0x11, 0x33, 0x11, 0x21, 0x7d, 0x7d, 0x7d, 0xfa, 0x7d, 0x7d, 0x7d,
  0x7d, 0xfd, 0x8f, 0x7d, 0x01, 0x77, 0x03, 0x6b, 0x7d, 0x7d, 0x7d, 0x7d,
  0xfd, 0x8f, 0x02, 0x71, 0xfe, 0x0c, 0x00, 0x03, 0x00, 0x00, 0x00, 0x00,
  0x01, 0xf4, 0x03, 0x6b, 0x00, 0x07, 0x00, 0x0d, 0x00, 0x11, 0x00, 0x77,
  0x40, 0x2f, 0x01, 0x12, 0x12, 0x40, 0x13, 0x0c, 0x11, 0x10, 0x0f, 0x0e,
  0x0a, 0x09, 0x07, 0x06, 0x05, 0x04, 0x03, 0x00, 0x11, 0x10, 0x0f, 0x0e,
  0x0d, 0x0c, 0x0b, 0x0a, 0x09, 0x08, 0x07, 0x06, 0x05, 0x04, 0x03, 0x02,
  0x01, 0x00, 0x02, 0x01, 0x0c, 0x0b, 0x02, 0x0d, 0x08, 0x01, 0x01, 0x08,
  0x46, 0x76, 0x2f, 0x37, 0x18, 0x00, 0x3f, 0x3c, 0x3f, 0x3c, 0x2f, 0x3c,
  0x01, 0x2e, 0x2e, 0x2e, 0x2e, 0x2e, 0x2e, 0x2e, 0x2e, 0x2e, 0x2e, 0x2e,
  0x2e, 0x2e, 0x2e, 0x2e, 0x2e, 0x2e, 0x2e, 0x00, 0x2e, 0x2e, 0x2e, 0x2e,
  0x2e, 0x2e, 0x2e, 0x2e, 0x2e, 0x2e, 0x2e, 0x2e, 0x31, 0x30, 0x01, 0x49,
  0x68, 0xb9, 0x00, 0x08, 0x00, 0x12, 0x49, 0x68, 0x61, 0xb0, 0x40, 0x52,
  0x58, 0x38, 0x11, 0x37, 0xb9, 0x00, 0x12, 0xff, 0xc0, 0x38, 0x59, 0x13,
  0x35, 0x33, 0x15, 0x23, 0x15, 0x23, 0x35, 0x03, 0x11, 0x33, 0x35, 0x21,
  0x11, 0x03, 0x23, 0x15, 0x33, 0xfa, 0x7d, 0x7d, 0x7d, 0x7d, 0x7d, 0x01,
  0x77, 0x7d, 0xfa, 0xfa, 0x02, 0xee, 0x7d, 0x7d, 0x7d, 0x7d, 0xfd, 0x12,
  0x01, 0x77, 0x7d, 0xfe, 0x0c, 0x01, 0x72, 0xf0, 0x00, 0x03, 0x00, 0x00,
  0x00, 0x00, 0x01, 0xf4, 0x03, 0x6b, 0x00, 0x07, 0x00, 0x0d, 0x00, 0x11,
  0x00, 0x77, 0x40, 0x2f, 0x01, 0x12, 0x12, 0x40, 0x13, 0x0c, 0x11, 0x10,
  0x0f, 0x0e, 0x0a, 0x09, 0x07, 0x06, 0x05, 0x04, 0x01, 0x00, 0x11, 0x10,
  0x0f, 0x0e, 0x0d, 0x0c, 0x0b, 0x0a, 0x09, 0x08, 0x07, 0x06, 0x05, 0x04,
  0x03, 0x02, 0x01, 0x00, 0x03, 0x02, 0x0c, 0x0b, 0x02, 0x0d, 0x08, 0x01,
  0x01, 0x08, 0x46, 0x76, 0x2f, 0x37, 0x18, 0x00, 0x3f, 0x3c, 0x3f, 0x3c,
  0x2f, 0x3c, 0x01, 0x2e, 0x2e, 0x2e, 0x2e, 0x2e, 0x2e, 0x2e, 0x2e, 0x2e,
  0x2e, 0x2e, 0x2e, 0x2e, 0x2e, 0x2e, 0x2e, 0x2e, 0x2e, 0x00, 0x2e, 0x2e,
  0x2e, 0x2e, 0x2e, 0x2e, 0x2e, 0x2e, 0x2e, 0x2e, 0x2e, 0x2e, 0x31, 0x30,
  0x01, 0x49, 0x68, 0xb9, 0x00, 0x08, 0x00, 0x12, 0x49, 0x68, 0x61, 0xb0,
  0x40, 0x52, 0x58, 0x38, 0x11, 0x37, 0xb9, 0x00, 0x12, 0xff, 0xc0, 0x38,
  0x59, 0x13, 0x23, 0x35, 0x33, 0x15, 0x33, 0x15, 0x23, 0x03, 0x11, 0x33,
  0x35, 0x21, 0x11, 0x03, 0x23, 0x15, 0x33, 0xfa, 0x7d, 0x7d, 0x7d, 0x7d,
  0xfa, 0x7d, 0x01, 0x77, 0x7d, 0xfa, 0xfa, 0x02, 0xee, 0x7d, 0x7d, 0x7d,
  0xfd, 0x8f, 0x01, 0x77, 0x7d, 0xfe, 0x0c, 0x01, 0x72, 0xf0, 0x00, 0x03,
  0x00, 0x00, 0x00, 0x00, 0x01, 0xf4, 0x03, 0x6b, 0x00, 0x0b, 0x00, 0x11,
  0x00, 0x15, 0x00, 0x87, 0x40, 0x37, 0x01, 0x16, 0x16, 0x40, 0x17, 0x09,
  0x15, 0x14, 0x13, 0x12, 0x0e, 0x0d, 0x0b, 0x0a, 0x09, 0x08, 0x05, 0x04,
  0x03, 0x02, 0x01, 0x00, 0x15, 0x14, 0x13, 0x12, 0x11, 0x10, 0x0f, 0x0e,
  0x0d, 0x0c, 0x0b, 0x0a, 0x09, 0x08, 0x07, 0x06, 0x05, 0x04, 0x03, 0x02,
  0x01, 0x00, 0x07, 0x06, 0x10, 0x0f, 0x02, 0x11, 0x0c, 0x01, 0x01, 0x03,
  0x46, 0x76, 0x2f, 0x37, 0x18, 0x00, 0x3f, 0x3c, 0x3f, 0x3c, 0x2f, 0x3c,
  0x01, 0x2e, 0x2e, 0x2e, 0x2e, 0x2e, 0x2e, 0x2e, 0x2e, 0x2e, 0x2e, 0x2e,
  0x2e, 0x2e, 0x2e, 0x2e, 0x2e, 0x2e, 0x2e, 0x2e, 0x2e, 0x2e, 0x2e, 0x00,
  0x2e, 0x2e, 0x2e, 0x2e, 0x2e, 0x2e, 0x2e, 0x2e, 0x2e, 0x2e, 0x2e, 0x2e,
  0x2e, 0x2e, 0x2e, 0x2e, 0x31, 0x30, 0x01, 0x49, 0x68, 0xb9, 0x00, 0x03,
  0x00, 0x16, 0x49, 0x68, 0x61, 0xb0, 0x40, 0x52, 0x58, 0x38, 0x11, 0x37,
  0xb9, 0x00, 0x16, 0xff, 0xc0, 0x38, 0x59, 0x01, 0x23, 0x15, 0x23, 0x35,
  0x33, 0x35, 0x33, 0x15, 0x33, 0x15, 0x23, 0x01, 0x11, 0x33, 0x35, 0x21,
  0x11, 0x03, 0x23, 0x15, 0x33, 0x01, 0x77, 0xfa, 0x7d, 0x7d, 0xfa, 0x7d,
  0x7d, 0xfe, 0x89, 0x7d, 0x01, 0x77, 0x7d, 0xfa, 0xfa, 0x02, 0xee, 0x7d,
  0x7d, 0x7d, 0x7d, 0x7d, 0xfd, 0x8f, 0x01, 0x77, 0x7d, 0xfe, 0x0c, 0x01,
  0x72, 0xf0, 0x00, 0x04, 0x00, 0x00, 0x00, 0x00, 0x01, 0xf4, 0x02, 0xee,
  0x00, 0x03, 0x00, 0x07, 0x00, 0x0d, 0x00, 0x11, 0x00, 0x77, 0x40, 0x30,
  0x01, 0x12, 0x12, 0x40, 0x13, 0x05, 0x11, 0x10, 0x0f, 0x0e, 0x0a, 0x09,
  0x07, 0x06, 0x03, 0x02, 0x11, 0x10, 0x0f, 0x0e, 0x0d, 0x0c, 0x0b, 0x0a,
  0x09, 0x08, 0x07, 0x06, 0x05, 0x04, 0x03, 0x02, 0x01, 0x00, 0x05, 0x04,
  0x01, 0x03, 0x00, 0x0c, 0x0b, 0x02, 0x0d, 0x08, 0x01, 0x01, 0x00, 0x46,
  0x76, 0x2f, 0x37, 0x18, 0x00, 0x3f, 0x3c, 0x3f, 0x3c, 0x2f, 0x17, 0x3c,
  0x01, 0x2e, 0x2e, 0x2e, 0x2e, 0x2e, 0x2e, 0x2e, 0x2e, 0x2e, 0x2e, 0x2e,
  0x2e, 0x2e, 0x2e, 0x2e, 0x2e, 0x2e, 0x2e, 0x00, 0x2e, 0x2e, 0x2e, 0x2e,
  0x2e, 0x2e, 0x2e, 0x2e, 0x2e, 0x2e, 0x31, 0x30, 0x01, 0x49, 0x68, 0xb9,
  0x00, 0x00, 0x00, 0x12, 0x49, 0x68, 0x61, 0xb0, 0x40, 0x52, 0x58, 0x38,
  0x11, 0x37, 0xb9, 0x00, 0x12, 0xff, 0xc0, 0x38, 0x59, 0x11, 0x33, 0x15,
  0x23, 0x25, 0x33, 0x15, 0x23, 0x01, 0x11, 0x33, 0x35, 0x21, 0x11, 0x03,
  0x23, 0x15, 0x33, 0x7d, 0x7d, 0x01, 0x77, 0x7d, 0x7d, 0xfe, 0x89, 0x7d,
  0x01, 0x77, 0x7d, 0xfa, 0xfa, 0x02, 0xee, 0x7d, 0x7d, 0x7d, 0xfd, 0x8f,
  0x01, 0x77, 0x7d, 0xfe, 0x0c, 0x01, 0x72, 0xf0, 0x00, 0x03, 0x00, 0x00,
  0x00, 0x00, 0x01, 0xf4, 0x03, 0x6b, 0x00, 0x0f, 0x00, 0x15, 0x00, 0x19,
  0x00, 0x97, 0x40, 0x40, 0x01, 0x1a, 0x1a, 0x40, 0x1b, 0x01, 0x19, 0x18,
  0x17, 0x16, 0x12, 0x11, 0x0f, 0x0e, 0x0b, 0x0a, 0x09, 0x08, 0x07, 0x06,
  0x05, 0x04, 0x03, 0x02, 0x19, 0x18, 0x17, 0x16, 0x15, 0x14, 0x13, 0x12,
  0x11, 0x10, 0x0f, 0x0e, 0x0d, 0x0c, 0x0b, 0x0a, 0x09, 0x08, 0x07, 0x06,
  0x05, 0x04, 0x03, 0x02, 0x01, 0x00, 0x0d, 0x0c, 0x01, 0x03, 0x00, 0x14,
  0x13, 0x02, 0x15, 0x10, 0x01, 0x01, 0x09, 0x46, 0x76, 0x2f, 0x37, 0x18,
  0x00, 0x3f, 0x3c, 0x3f, 0x3c, 0x2f, 0x17, 0x3c, 0x01, 0x2e, 0x2e, 0x2e,
  0x2e, 0x2e, 0x2e, 0x2e, 0x2e, 0x2e, 0x2e, 0x2e, 0x2e, 0x2e, 0x2e, 0x2e,
  0x2e, 0x2e, 0x2e, 0x2e, 0x2e, 0x2e, 0x2e, 0x2e, 0x2e, 0x2e, 0x2e, 0x00,
  0x2e, 0x2e, 0x2e, 0x2e, 0x2e, 0x2e, 0x2e, 0x2e, 0x2e, 0x2e, 0x2e, 0x2e,
  0x2e, 0x2e, 0x2e, 0x2e, 0x2e, 0x2e, 0x31, 0x30, 0x01, 0x49, 0x68, 0xb9,
  0x00, 0x09, 0x00, 0x1a, 0x49, 0x68, 0x61, 0xb0, 0x40, 0x52, 0x58, 0x38,
  0x11, 0x37, 0xb9, 0x00, 0x1a, 0xff, 0xc0, 0x38, 0x59, 0x01, 0x33, 0x15,
  0x23, 0x15, 0x23, 0x35, 0x23, 0x15, 0x23, 0x35, 0x33, 0x35, 0x33, 0x15,
  0x33, 0x01, 0x11, 0x33, 0x35, 0x21, 0x11, 0x03, 0x23, 0x15, 0x33, 0x01,
  0x77, 0x7d, 0x7d, 0x7d, 0x7d, 0x7d, 0x7d, 0x7d, 0x7d, 0xfe, 0x89, 0x7d,
  0x01, 0x77, 0x7d, 0xfa, 0xfa, 0x03, 0x6b, 0x7d, 0x7d, 0x7d, 0x7d, 0x7d,
  0x7d, 0x7d, 0xfd, 0x12, 0x01, 0x77, 0x7d, 0xfe, 0x0c, 0x01, 0x72, 0xf0,
  0x00, 0x03, 0x00, 0x00, 0x00, 0x00, 0x01, 0xf4, 0x02, 0xee, 0x00, 0x03,
  0x00, 0x07, 0x00, 0x17, 0x00, 0x8f, 0x40, 0x3c, 0x01, 0x18, 0x18, 0x40,
  0x19, 0x0a, 0x17, 0x10, 0x0f, 0x0e, 0x0d, 0x0a, 0x09, 0x08, 0x07, 0x06,
  0x05, 0x04, 0x03, 0x02, 0x01, 0x00, 0x17, 0x16, 0x15, 0x14, 0x13, 0x12,
  0x11, 0x10, 0x0f, 0x0e, 0x0d, 0x0c, 0x0b, 0x0a, 0x09, 0x08, 0x07, 0x06,
  0x05, 0x04, 0x03, 0x02, 0x01, 0x00, 0x14, 0x13, 0x16, 0x15, 0x12, 0x03,
  0x11, 0x03, 0x0c, 0x0b, 0x01, 0x01, 0x0c, 0x46, 0x76, 0x2f, 0x37, 0x18,
  0x00, 0x3f, 0x3c, 0x3f, 0x17, 0x3c, 0x2f, 0x3c, 0x01, 0x2e, 0x2e, 0x2e,
  0x2e, 0x2e, 0x2e, 0x2e, 0x2e, 0x2e, 0x2e, 0x2e, 0x2e, 0x2e, 0x2e, 0x2e,
  0x2e, 0x2e, 0x2e, 0x2e, 0x2e, 0x2e, 0x2e, 0x2e, 0x2e, 0x00, 0x2e, 0x2e,
  0x2e, 0x2e, 0x2e, 0x2e, 0x2e, 0x2e, 0x2e, 0x2e, 0x2e, 0x2e, 0x2e, 0x2e,
  0x2e, 0x2e, 0x31, 0x30, 0x01, 0x49, 0x68, 0xb9, 0x00, 0x0c, 0x00, 0x18,
  0x49, 0x68, 0x61, 0xb0, 0x40, 0x52, 0x58, 0x38, 0x11, 0x37, 0xb9, 0x00,
  0x18, 0xff, 0xc0, 0x38, 0x59, 0x01, 0x23, 0x15, 0x33, 0x03, 0x33, 0x35,
  0x23, 0x17, 0x15, 0x33, 0x11, 0x21, 0x11, 0x33, 0x35, 0x23, 0x35, 0x33,
  0x35, 0x33, 0x15, 0x33, 0x15, 0x01, 0x77, 0xfa, 0xfa, 0xfa, 0xfa, 0xfa,
  0xfa, 0x7d, 0xfe, 0x0c, 0x7d, 0x7d, 0x7d, 0xfa, 0x7d, 0x01, 0x72, 0xf0,
  0x01, 0x77, 0x73, 0x78, 0x7d, 0xfe, 0x89, 0x01, 0x77, 0x7d, 0x7d, 0x7d,
  0x7d, 0x7d, 0x00, 0x01, 0x00, 0x00, 0xff, 0x06, 0x01, 0xf4, 0x01, 0xf4,
  0x00, 0x0d, 0x00, 0x68, 0x40, 0x29, 0x01, 0x0e, 0x0e, 0x40, 0x0f, 0x06,
  0x0a, 0x09, 0x08, 0x07, 0x02, 0x01, 0x0d, 0x0c, 0x0b, 0x0a, 0x09, 0x08,
  0x07, 0x06, 0x05, 0x04, 0x03, 0x02, 0x01, 0x00, 0x06, 0x05, 0x02, 0x0c,
  0x0b, 0x04, 0x03, 0x03, 0x01, 0x0d, 0x00, 0x00, 0x01, 0x04, 0x46, 0x76,
  0x2f, 0x37, 0x18, 0x00, 0x3f, 0x3c, 0x3f, 0x17, 0x3c, 0x3f, 0x3c, 0x01,
  0x2e, 0x2e, 0x2e, 0x2e, 0x2e, 0x2e, 0x2e, 0x2e, 0x2e, 0x2e, 0x2e, 0x2e,
  0x2e, 0x2e, 0x00, 0x2e, 0x2e, 0x2e, 0x2e, 0x2e, 0x2e, 0x31, 0x30, 0x01,
  0x49, 0x68, 0xb9, 0x00, 0x04, 0x00, 0x0e, 0x49, 0x68, 0x61, 0xb0, 0x40,
  0x52, 0x58, 0x38, 0x11, 0x37, 0xb9, 0x00, 0x0e, 0xff, 0xc0, 0x38, 0x59,
  0x17, 0x35, 0x33, 0x35, 0x23, 0x11, 0x21, 0x15, 0x21, 0x15, 0x21, 0x15,
  0x23, 0x15, 0x7d, 0x7d, 0xfa, 0x01, 0xf4, 0xfe, 0x89, 0x01, 0x77, 0x7d,
  0xfa, 0x7d, 0x7d, 0x01, 0xf4, 0x7d, 0xfa, 0x7d, 0xfa, 0x00, 0x00, 0x03,
  0x00, 0x00, 0x00, 0x00, 0x01, 0xf4, 0x03, 0x6b, 0x00, 0x07, 0x00, 0x0f,
  0x00, 0x15, 0x00, 0x87, 0x40, 0x37, 0x01, 0x16, 0x16, 0x40, 0x17, 0x09,
  0x15, 0x14, 0x13, 0x12, 0x11, 0x10, 0x0d, 0x0c, 0x0b, 0x0a, 0x07, 0x06,
  0x05, 0x04, 0x03, 0x00, 0x15, 0x14, 0x13, 0x12, 0x11, 0x10, 0x0f, 0x0e,
  0x0d, 0x0c, 0x0b, 0x0a, 0x09, 0x08, 0x07, 0x06, 0x05, 0x04, 0x03, 0x02,
  0x01, 0x00, 0x02, 0x01, 0x0f, 0x0e, 0x01, 0x09, 0x08, 0x02, 0x01, 0x08,
  0x46, 0x76, 0x2f, 0x37, 0x18, 0x00, 0x3f, 0x3c, 0x3f, 0x3c, 0x2f, 0x3c,
  0x01, 0x2e, 0x2e, 0x2e, 0x2e, 0x2e, 0x2e, 0x2e, 0x2e, 0x2e, 0x2e, 0x2e,
  0x2e, 0x2e, 0x2e, 0x2e, 0x2e, 0x2e, 0x2e, 0x2e, 0x2e, 0x2e, 0x2e, 0x00,
  0x2e, 0x2e, 0x2e, 0x2e, 0x2e, 0x2e, 0x2e, 0x2e, 0x2e, 0x2e, 0x2e, 0x2e,
  0x2e, 0x2e, 0x2e, 0x2e, 0x31, 0x30, 0x01, 0x49, 0x68, 0xb9, 0x00, 0x08,
  0x00, 0x16, 0x49, 0x68, 0x61, 0xb0, 0x40, 0x52, 0x58, 0x38, 0x11, 0x37,
  0xb9, 0x00, 0x16, 0xff, 0xc0, 0x38, 0x59, 0x13, 0x35, 0x33, 0x15, 0x23,
  0x15, 0x23, 0x35, 0x07, 0x21, 0x15, 0x23, 0x15, 0x33, 0x15, 0x21, 0x37,
  0x35, 0x33, 0x35, 0x23, 0x15, 0xfa, 0x7d, 0x7d, 0x7d, 0x7d, 0x01, 0xf4,
  0x7d, 0x7d, 0xfe, 0x0c, 0xfa, 0x7d, 0xfa, 0x02, 0xee, 0x7d, 0x7d, 0x7d,
  0x7d, 0xfa, 0xfa, 0x7d, 0x7d, 0x82, 0x7d, 0x73, 0xf0, 0x00, 0x00, 0x03,
  0x00, 0x00, 0x00, 0x00, 0x01, 0xf4, 0x03, 0x6b, 0x00, 0x07, 0x00, 0x0f,
  0x00, 0x15, 0x00, 0x87, 0x40, 0x37, 0x01, 0x16, 0x16, 0x40, 0x17, 0x09,
  0x15, 0x14, 0x13, 0x12, 0x11, 0x10, 0x0d, 0x0c, 0x0b, 0x0a, 0x07, 0x06,
  0x05, 0x04, 0x01, 0x00, 0x15, 0x14, 0x13, 0x12, 0x11, 0x10, 0x0f, 0x0e,
  0x0d, 0x0c, 0x0b, 0x0a, 0x09, 0x08, 0x07, 0x06, 0x05, 0x04, 0x03, 0x02,
  0x01, 0x00, 0x03, 0x02, 0x0f, 0x0e, 0x01, 0x09, 0x08, 0x02, 0x01, 0x08,
  0x46, 0x76, 0x2f, 0x37, 0x18, 0x00, 0x3f, 0x3c, 0x3f, 0x3c, 0x2f, 0x3c,
  0x01, 0x2e, 0x2e, 0x2e, 0x2e, 0x2e, 0x2e, 0x2e, 0x2e, 0x2e, 0x2e, 0x2e,
  0x2e, 0x2e, 0x2e, 0x2e, 0x2e, 0x2e, 0x2e, 0x2e, 0x2e, 0x2e, 0x2e, 0x00,
  0x2e, 0x2e, 0x2e, 0x2e, 0x2e, 0x2e, 0x2e, 0x2e, 0x2e, 0x2e, 0x2e, 0x2e,
  0x2e, 0x2e, 0x2e, 0x2e, 0x31, 0x30, 0x01, 0x49, 0x68, 0xb9, 0x00, 0x08,
  0x00, 0x16, 0x49, 0x68, 0x61, 0xb0, 0x40, 0x52, 0x58, 0x38, 0x11, 0x37,
  0xb9, 0x00, 0x16, 0xff, 0xc0, 0x38, 0x59, 0x13, 0x23, 0x35, 0x33, 0x15,
  0x33, 0x15, 0x23, 0x07, 0x21, 0x15, 0x23, 0x15, 0x33, 0x15, 0x21, 0x37,
  0x35, 0x33, 0x35, 0x23, 0x15, 0xfa, 0x7d, 0x7d, 0x7d, 0x7d, 0xfa, 0x01,
  0xf4, 0x7d, 0x7d, 0xfe, 0x0c, 0xfa, 0x7d, 0xfa, 0x02, 0xee, 0x7d, 0x7d,
  0x7d, 0x7d, 0xfa, 0x7d, 0x7d, 0x82, 0x7d, 0x73, 0xf0, 0x00, 0x00, 0x03,
  0x00, 0x00, 0x00, 0x00, 0x01, 0xf4, 0x03, 0x6b, 0x00, 0x0b, 0x00, 0x13,
  0x00, 0x19, 0x00, 0x97, 0x40, 0x3f, 0x01, 0x1a, 0x1a, 0x40, 0x1b, 0x09,
  0x19, 0x18, 0x17, 0x16, 0x15, 0x14, 0x11, 0x10, 0x0f, 0x0e, 0x0b, 0x0a,
  0x09, 0x08, 0x05, 0x04, 0x03, 0x02, 0x01, 0x00, 0x19, 0x18, 0x17, 0x16,
  0x15, 0x14, 0x13, 0x12, 0x11, 0x10, 0x0f, 0x0e, 0x0d, 0x0c, 0x0b, 0x0a,
  0x09, 0x08, 0x07, 0x06, 0x05, 0x04, 0x03, 0x02, 0x01, 0x00, 0x07, 0x06,
  0x13, 0x12, 0x01, 0x0d, 0x0c, 0x02, 0x01, 0x03, 0x46, 0x76, 0x2f, 0x37,
  0x18, 0x00, 0x3f, 0x3c, 0x3f, 0x3c, 0x2f, 0x3c, 0x01, 0x2e, 0x2e, 0x2e,
  0x2e, 0x2e, 0x2e, 0x2e, 0x2e, 0x2e, 0x2e, 0x2e, 0x2e, 0x2e, 0x2e, 0x2e,
  0x2e, 0x2e, 0x2e, 0x2e, 0x2e, 0x2e, 0x2e, 0x2e, 0x2e, 0x2e, 0x2e, 0x00,
  0x2e, 0x2e, 0x2e, 0x2e, 0x2e, 0x2e, 0x2e, 0x2e, 0x2e, 0x2e, 0x2e, 0x2e,
  0x2e, 0x2e, 0x2e, 0x2e, 0x2e, 0x2e, 0x2e, 0x2e, 0x31, 0x30, 0x01, 0x49,
  0x68, 0xb9, 0x00, 0x03, 0x00, 0x1a, 0x49, 0x68, 0x61, 0xb0, 0x40, 0x52,
  0x58, 0x38, 0x11, 0x37, 0xb9, 0x00, 0x1a, 0xff, 0xc0, 0x38, 0x59, 0x01,
  0x23, 0x15, 0x23, 0x35, 0x33, 0x35, 0x33, 0x15, 0x33, 0x15, 0x23, 0x05,
  0x21, 0x15, 0x23, 0x15, 0x33, 0x15, 0x21, 0x37, 0x35, 0x33, 0x35, 0x23,
  0x15, 0x01, 0x77, 0xfa, 0x7d, 0x7d, 0xfa, 0x7d, 0x7d, 0xfe, 0x89, 0x01,
  0xf4, 0x7d, 0x7d, 0xfe, 0x0c, 0xfa, 0x7d, 0xfa, 0x02, 0xee, 0x7d, 0x7d,
  0x7d, 0x7d, 0x7d, 0x7d, 0xfa, 0x7d, 0x7d, 0x82, 0x7d, 0x73, 0xf0, 0x00,
  0x00, 0x04, 0x00, 0x00, 0x00, 0x00, 0x01, 0xf4, 0x02, 0xef, 0x00, 0x03,
  0x00, 0x07, 0x00, 0x0f, 0x00, 0x15, 0x00, 0x87, 0x40, 0x38, 0x01, 0x16,
  0x16, 0x40, 0x17, 0x05, 0x15, 0x14, 0x13, 0x12, 0x11, 0x10, 0x0d, 0x0c,
  0x0b, 0x0a, 0x07, 0x06, 0x03, 0x02, 0x15, 0x14, 0x13, 0x12, 0x11, 0x10,
  0x0f, 0x0e, 0x0d, 0x0c, 0x0b, 0x0a, 0x09, 0x08, 0x07, 0x06, 0x05, 0x04,
  0x03, 0x02, 0x01, 0x00, 0x05, 0x04, 0x01, 0x03, 0x00, 0x0f, 0x0e, 0x01,
  0x09, 0x08, 0x02, 0x01, 0x00, 0x46, 0x76, 0x2f, 0x37, 0x18, 0x00, 0x3f,
  0x3c, 0x3f, 0x3c, 0x2f, 0x17, 0x3c, 0x01, 0x2e, 0x2e, 0x2e, 0x2e, 0x2e,
  0x2e, 0x2e, 0x2e, 0x2e, 0x2e, 0x2e, 0x2e, 0x2e, 0x2e, 0x2e, 0x2e, 0x2e,
  0x2e, 0x2e, 0x2e, 0x2e, 0x2e, 0x00, 0x2e, 0x2e, 0x2e, 0x2e, 0x2e, 0x2e,
  0x2e, 0x2e, 0x2e, 0x2e, 0x2e, 0x2e, 0x2e, 0x2e, 0x31, 0x30, 0x01, 0x49,
  0x68, 0xb9, 0x00, 0x00, 0x00, 0x16, 0x49, 0x68, 0x61, 0xb0, 0x40, 0x52,
  0x58, 0x38, 0x11, 0x37, 0xb9, 0x00, 0x16, 0xff, 0xc0, 0x38, 0x59, 0x11,
  0x33, 0x15, 0x23, 0x25, 0x33, 0x15, 0x23, 0x05, 0x21, 0x15, 0x23, 0x15,
  0x33, 0x15, 0x21, 0x37, 0x35, 0x33, 0x35, 0x23, 0x15, 0x7d, 0x7d, 0x01,
  0x77, 0x7d, 0x7d, 0xfe, 0x89, 0x01, 0xf4, 0x7d, 0x7d, 0xfe, 0x0c, 0xfa,
  0x7d, 0xfa, 0x02, 0xef, 0x7d, 0x7c, 0x7d, 0x7d, 0xfa, 0x7d, 0x7d, 0x82,
  0x7d, 0x73, 0xf0, 0x00, 0x00, 0x02, 0x00, 0x00, 0x00, 0x00, 0x00, 0xfa,
  0x02, 0xee, 0x00, 0x07, 0x00, 0x0b, 0x00, 0x5f, 0x40, 0x23, 0x01, 0x0c,
  0x0c, 0x40, 0x0d, 0x02, 0x0a, 0x09, 0x06, 0x05, 0x04, 0x03, 0x0b, 0x0a,
  0x09, 0x08, 0x07, 0x06, 0x05, 0x04, 0x03, 0x02, 0x01, 0x00, 0x02, 0x01,
  0x0b, 0x08, 0x01, 0x07, 0x00, 0x03, 0x01, 0x06, 0x46, 0x76, 0x2f, 0x37,
  0x18, 0x00, 0x3f, 0x3c, 0x3f, 0x3c, 0x2f, 0x3c, 0x01, 0x2e, 0x2e, 0x2e,
  0x2e, 0x2e, 0x2e, 0x2e, 0x2e, 0x2e, 0x2e, 0x2e, 0x2e, 0x00, 0x2e, 0x2e,
  0x2e, 0x2e, 0x2e, 0x2e, 0x31, 0x30, 0x01, 0x49, 0x68, 0xb9, 0x00, 0x06,
  0x00, 0x0c, 0x49, 0x68, 0x61, 0xb0, 0x40, 0x52, 0x58, 0x38, 0x11, 0x37,
  0xb9, 0x00, 0x0c, 0xff, 0xc0, 0x38, 0x59, 0x13, 0x35, 0x33, 0x15, 0x23,
  0x15, 0x23, 0x35, 0x19, 0x01, 0x33, 0x11, 0x7d, 0x7d, 0x7d, 0x7d, 0x7d,
  0x02, 0x71, 0x7d, 0x7d, 0x7d, 0x7d, 0xfd, 0x8f, 0x01, 0x77, 0xfe, 0x89,
  0x00, 0x02, 0xff, 0x83, 0x00, 0x00, 0x00, 0x7d, 0x02, 0xee, 0x00, 0x07,
  0x00, 0x0b, 0x00, 0x5f, 0x40, 0x23, 0x01, 0x0c, 0x0c, 0x40, 0x0d, 0x05,
  0x0a, 0x09, 0x07, 0x06, 0x01, 0x00, 0x0b, 0x0a, 0x09, 0x08, 0x07, 0x06,
  0x05, 0x04, 0x03, 0x02, 0x01, 0x00, 0x03, 0x02, 0x0b, 0x08, 0x01, 0x05,
  0x04, 0x03, 0x01, 0x01, 0x46, 0x76, 0x2f, 0x37, 0x18, 0x00, 0x3f, 0x3c,
  0x3f, 0x3c, 0x2f, 0x3c, 0x01, 0x2e, 0x2e, 0x2e, 0x2e, 0x2e, 0x2e, 0x2e,
  0x2e, 0x2e, 0x2e, 0x2e, 0x2e, 0x00, 0x2e, 0x2e, 0x2e, 0x2e, 0x2e, 0x2e,
  0x31, 0x30, 0x01, 0x49, 0x68, 0xb9, 0x00, 0x01, 0x00, 0x0c, 0x49, 0x68,
  0x61, 0xb0, 0x40, 0x52, 0x58, 0x38, 0x11, 0x37, 0xb9, 0x00, 0x0c, 0xff,
  0xc0, 0x38, 0x59, 0x11, 0x23, 0x35, 0x33, 0x15, 0x33, 0x15, 0x23, 0x19,
  0x01, 0x33, 0x11, 0x7d, 0x7d, 0x7d, 0x7d, 0x7d, 0x02, 0x71, 0x7d, 0x7d,
  0x7d, 0xfe, 0x0c, 0x01, 0x77, 0xfe, 0x89, 0x00, 0x00, 0x02, 0xff, 0x83,
  0x00, 0x00, 0x00, 0xfa, 0x02, 0xee, 0x00, 0x0b, 0x00, 0x0f, 0x00, 0x6f,
  0x40, 0x2c, 0x01, 0x10, 0x10, 0x40, 0x11, 0x09, 0x0e, 0x0d, 0x0b, 0x0a,
  0x03, 0x02, 0x01, 0x00, 0x0f, 0x0e, 0x0d, 0x0c, 0x0b, 0x0a, 0x09, 0x08,
  0x07, 0x06, 0x05, 0x04, 0x03, 0x02, 0x01, 0x00, 0x07, 0x06, 0x0f, 0x0c,
  0x01, 0x09, 0x08, 0x05, 0x03, 0x04, 0x03, 0x01, 0x03, 0x46, 0x76, 0x2f,
  0x37, 0x18, 0x00, 0x3f, 0x17, 0x3c, 0x3f, 0x3c, 0x2f, 0x3c, 0x01, 0x2e,
  0x2e, 0x2e, 0x2e, 0x2e, 0x2e, 0x2e, 0x2e, 0x2e, 0x2e, 0x2e, 0x2e, 0x2e,
  0x2e, 0x2e, 0x2e, 0x00, 0x2e, 0x2e, 0x2e, 0x2e, 0x2e, 0x2e, 0x2e, 0x2e,
  0x31, 0x30, 0x01, 0x49, 0x68, 0xb9, 0x00, 0x03, 0x00, 0x10, 0x49, 0x68,
  0x61, 0xb0, 0x40, 0x52, 0x58, 0x38, 0x11, 0x37, 0xb9, 0x00, 0x10, 0xff,
  0xc0, 0x38, 0x59, 0x13, 0x23, 0x15, 0x23, 0x35, 0x33, 0x35, 0x33, 0x15,
  0x33, 0x15, 0x23, 0x03, 0x11, 0x33, 0x11, 0x7d, 0x7d, 0x7d, 0x7d, 0x7d,
  0x7d, 0x7d, 0x7d, 0x7d, 0x02, 0x71, 0x7d, 0x7d, 0x7d, 0x7d, 0x7d, 0xfe,
  0x0c, 0x01, 0x77, 0xfe, 0x89, 0x00, 0x00, 0x03, 0xff, 0x83, 0x00, 0x00,
  0x00, 0xfa, 0x02, 0x71, 0x00, 0x03, 0x00, 0x07, 0x00, 0x0b, 0x00, 0x69,
  0x40, 0x2e, 0x01, 0x0c, 0x0c, 0x40, 0x0d, 0x05, 0x0a, 0x09, 0x03, 0x00,
  0x04, 0x01, 0x06, 0x05, 0x04, 0x04, 0x09, 0x08, 0x02, 0x03, 0x01, 0x04,
  0x0b, 0x0a, 0x07, 0x03, 0x04, 0x07, 0x06, 0x03, 0x03, 0x02, 0x06, 0x00,
  0x0b, 0x08, 0x01, 0x05, 0x04, 0x01, 0x03, 0x00, 0x03, 0x01, 0x00, 0x46,
  0x76, 0x2f, 0x37, 0x18, 0x00, 0x3f, 0x17, 0x3c, 0x3f, 0x3c, 0x10, 0xfd,
  0x17, 0x3c, 0x01, 0x2f, 0x17, 0x3c, 0xfd, 0x17, 0x3c, 0x10, 0xfd, 0x3c,
  0x10, 0xfd, 0x3c, 0x00, 0x2e, 0x2e, 0x31, 0x30, 0x01, 0x49, 0x68, 0xb9,
  0x00, 0x00, 0x00, 0x0c, 0x49, 0x68, 0x61, 0xb0, 0x40, 0x52, 0x58, 0x38,
  0x11, 0x37, 0xb9, 0x00, 0x0c, 0xff, 0xc0, 0x38, 0x59, 0x03, 0x33, 0x15,
  0x23, 0x37, 0x33, 0x15, 0x23, 0x03, 0x11, 0x33, 0x11, 0x7d, 0x7d, 0x7d,
  0xfa, 0x7d, 0x7d, 0x7d, 0x7d, 0x02, 0x71, 0x7d, 0x7d, 0x7d, 0xfe, 0x0c,
  0x01, 0x77, 0xfe, 0x89, 0x00, 0x02, 0x00, 0x00, 0x00, 0x00, 0x01, 0xf4,
  0x03, 0x6b, 0x00, 0x0f, 0x00, 0x17, 0x00, 0x8f, 0x40, 0x3d, 0x01, 0x18,
  0x18, 0x40, 0x19, 0x01, 0x15, 0x14, 0x0f, 0x0e, 0x0b, 0x0a, 0x09, 0x08,
  0x07, 0x06, 0x05, 0x04, 0x03, 0x02, 0x17, 0x16, 0x15, 0x14, 0x13, 0x12,
  0x11, 0x10, 0x0f, 0x0e, 0x0d, 0x0c, 0x0b, 0x0a, 0x09, 0x08, 0x07, 0x06,
  0x05, 0x04, 0x03, 0x02, 0x01, 0x00, 0x0d, 0x0c, 0x01, 0x03, 0x00, 0x17,
  0x16, 0x13, 0x03, 0x12, 0x01, 0x11, 0x10, 0x02, 0x01, 0x09, 0x46, 0x76,
  0x2f, 0x37, 0x18, 0x00, 0x3f, 0x3c, 0x3f, 0x17, 0x3c, 0x2f, 0x17, 0x3c,
  0x01, 0x2e, 0x2e, 0x2e, 0x2e, 0x2e, 0x2e, 0x2e, 0x2e, 0x2e, 0x2e, 0x2e,
  0x2e, 0x2e, 0x2e, 0x2e, 0x2e, 0x2e, 0x2e, 0x2e, 0x2e, 0x2e, 0x2e, 0x2e,
  0x2e, 0x00, 0x2e, 0x2e, 0x2e, 0x2e, 0x2e, 0x2e, 0x2e, 0x2e, 0x2e, 0x2e,
  0x2e, 0x2e, 0x2e, 0x2e, 0x31, 0x30, 0x01, 0x49, 0x68, 0xb9, 0x00, 0x09,
  0x00, 0x18, 0x49, 0x68, 0x61, 0xb0, 0x40, 0x52, 0x58, 0x38, 0x11, 0x37,
  0xb9, 0x00, 0x18, 0xff, 0xc0, 0x38, 0x59, 0x01, 0x33, 0x15, 0x23, 0x15,
  0x23, 0x35, 0x23, 0x15, 0x23, 0x35, 0x33, 0x35, 0x33, 0x15, 0x33, 0x05,
  0x21, 0x11, 0x23, 0x11, 0x23, 0x11, 0x23, 0x01, 0x77, 0x7d, 0x7d, 0x7d,
  0x7d, 0x7d, 0x7d, 0x7d, 0x7d, 0xfe, 0x89, 0x01, 0xf4, 0x7d, 0xfa, 0x7d,
  0x03, 0x6b, 0x7d, 0x7d, 0x7d, 0x7d, 0x7d, 0x7d, 0x7d, 0xfa, 0xfe, 0x0c,
  0x01, 0x77, 0xfe, 0x89, 0x00, 0x03, 0x00, 0x00, 0x00, 0x00, 0x01, 0xf4,
  0x03, 0x6b, 0x00, 0x07, 0x00, 0x0b, 0x00, 0x0f, 0x00, 0x6f, 0x40, 0x2b,
  0x01, 0x10, 0x10, 0x40, 0x11, 0x0a, 0x0f, 0x0e, 0x0d, 0x0c, 0x07, 0x06,
  0x05, 0x04, 0x03, 0x00, 0x0f, 0x0e, 0x0d, 0x0c, 0x0b, 0x0a, 0x09, 0x08,
  0x07, 0x06, 0x05, 0x04, 0x03, 0x02, 0x01, 0x00, 0x02, 0x01, 0x0a, 0x09,
  0x02, 0x0b, 0x08, 0x01, 0x01, 0x08, 0x46, 0x76, 0x2f, 0x37, 0x18, 0x00,
  0x3f, 0x3c, 0x3f, 0x3c, 0x2f, 0x3c, 0x01, 0x2e, 0x2e, 0x2e, 0x2e, 0x2e,
  0x2e, 0x2e, 0x2e, 0x2e, 0x2e, 0x2e, 0x2e, 0x2e, 0x2e, 0x2e, 0x2e, 0x00,
  0x2e, 0x2e, 0x2e, 0x2e, 0x2e, 0x2e, 0x2e, 0x2e, 0x2e, 0x2e, 0x31, 0x30,
  0x01, 0x49, 0x68, 0xb9, 0x00, 0x08, 0x00, 0x10, 0x49, 0x68, 0x61, 0xb0,
  0x40, 0x52, 0x58, 0x38, 0x11, 0x37, 0xb9, 0x00, 0x10, 0xff, 0xc0, 0x38,
  0x59, 0x13, 0x35, 0x33, 0x15, 0x23, 0x15, 0x23, 0x35, 0x03, 0x11, 0x21,
  0x11, 0x03, 0x23, 0x15, 0x33, 0xfa, 0x7d, 0x7d, 0x7d, 0x7d, 0x01, 0xf4,
  0x7d, 0xfa, 0xfa, 0x02, 0xee, 0x7d, 0x7d, 0x7d, 0x7d, 0xfd, 0x12, 0x01,
  0xf4, 0xfe, 0x0c, 0x01, 0x77, 0xfa, 0x00, 0x03, 0x00, 0x00, 0x00, 0x00,
  0x01, 0xf4, 0x03, 0x6b, 0x00, 0x07, 0x00, 0x0b, 0x00, 0x0f, 0x00, 0x6f,
  0x40, 0x2b, 0x01, 0x10, 0x10, 0x40, 0x11, 0x0a, 0x0f, 0x0e, 0x0d, 0x0c,
  0x07, 0x06, 0x05, 0x04, 0x01, 0x00, 0x0f, 0x0e, 0x0d, 0x0c, 0x0b, 0x0a,
  0x09, 0x08, 0x07, 0x06, 0x05, 0x04, 0x03, 0x02, 0x01, 0x00, 0x03, 0x02,
  0x0a, 0x09, 0x02, 0x0b, 0x08, 0x01, 0x01, 0x08, 0x46, 0x76, 0x2f, 0x37,
  0x18, 0x00, 0x3f, 0x3c, 0x3f, 0x3c, 0x2f, 0x3c, 0x01, 0x2e, 0x2e, 0x2e,
  0x2e, 0x2e, 0x2e, 0x2e, 0x2e, 0x2e, 0x2e, 0x2e, 0x2e, 0x2e, 0x2e, 0x2e,
  0x2e, 0x00, 0x2e, 0x2e, 0x2e, 0x2e, 0x2e, 0x2e, 0x2e, 0x2e, 0x2e, 0x2e,
  0x31, 0x30, 0x01, 0x49, 0x68, 0xb9, 0x00, 0x08, 0x00, 0x10, 0x49, 0x68,
  0x61, 0xb0, 0x40, 0x52, 0x58, 0x38, 0x11, 0x37, 0xb9, 0x00, 0x10, 0xff,
  0xc0, 0x38, 0x59, 0x13, 0x23, 0x35, 0x33, 0x15, 0x33, 0x15, 0x23, 0x03,
  0x11, 0x21, 0x11, 0x03, 0x23, 0x15, 0x33, 0xfa, 0x7d, 0x7d, 0x7d, 0x7d,
  0xfa, 0x01, 0xf4, 0x7d, 0xfa, 0xfa, 0x02, 0xee, 0x7d, 0x7d, 0x7d, 0xfd,
  0x8f, 0x01, 0xf4, 0xfe, 0x0c, 0x01, 0x77, 0xfa, 0x00, 0x03, 0x00, 0x00,
  0x00, 0x00, 0x01, 0xf4, 0x03, 0x6b, 0x00, 0x0b, 0x00, 0x0f, 0x00, 0x13,
  0x00, 0x7f, 0x40, 0x33, 0x01, 0x14, 0x14, 0x40, 0x15, 0x09, 0x13, 0x12,
  0x11, 0x10, 0x0b, 0x0a, 0x09, 0x08, 0x05, 0x04, 0x03, 0x02, 0x01, 0x00,
  0x13, 0x12, 0x11, 0x10, 0x0f, 0x0e, 0x0d, 0x0c, 0x0b, 0x0a, 0x09, 0x08,
  0x07, 0x06, 0x05, 0x04, 0x03, 0x02, 0x01, 0x00, 0x07, 0x06, 0x0e, 0x0d,
  0x02, 0x0f, 0x0c, 0x01, 0x01, 0x03, 0x46, 0x76, 0x2f, 0x37, 0x18, 0x00,
  0x3f, 0x3c, 0x3f, 0x3c, 0x2f, 0x3c, 0x01, 0x2e, 0x2e, 0x2e, 0x2e, 0x2e,
  0x2e, 0x2e, 0x2e, 0x2e, 0x2e, 0x2e, 0x2e, 0x2e, 0x2e, 0x2e, 0x2e, 0x2e,
  0x2e, 0x2e, 0x2e, 0x00, 0x2e, 0x2e, 0x2e, 0x2e, 0x2e, 0x2e, 0x2e, 0x2e,
  0x2e, 0x2e, 0x2e, 0x2e, 0x2e, 0x2e, 0x31, 0x30, 0x01, 0x49, 0x68, 0xb9,
  0x00, 0x03, 0x00, 0x14, 0x49, 0x68, 0x61, 0xb0, 0x40, 0x52, 0x58, 0x38,
  0x11, 0x37, 0xb9, 0x00, 0x14, 0xff, 0xc0, 0x38, 0x59, 0x01, 0x23, 0x15,
  0x23, 0x35, 0x33, 0x35, 0x33, 0x15, 0x33, 0x15, 0x23, 0x01, 0x11, 0x21,
  0x11, 0x03, 0x23, 0x15, 0x33, 0x01, 0x77, 0xfa, 0x7d, 0x7d, 0xfa, 0x7d,
  0x7d, 0xfe, 0x89, 0x01, 0xf4, 0x7d, 0xfa, 0xfa, 0x02, 0xee, 0x7d, 0x7d,
  0x7d, 0x7d, 0x7d, 0xfd, 0x8f, 0x01, 0xf4, 0xfe, 0x0c, 0x01, 0x77, 0xfa,
  0x00, 0x04, 0x00, 0x00, 0x00, 0x00, 0x01, 0xf4, 0x02, 0xee, 0x00, 0x03,
  0x00, 0x07, 0x00, 0x0b, 0x00, 0x0f, 0x00, 0x6f, 0x40, 0x2c, 0x01, 0x10,
  0x10, 0x40, 0x11, 0x05, 0x0f, 0x0e, 0x0d, 0x0c, 0x07, 0x06, 0x03, 0x02,
  0x0f, 0x0e, 0x0d, 0x0c, 0x0b, 0x0a, 0x09, 0x08, 0x07, 0x06, 0x05, 0x04,
  0x03, 0x02, 0x01, 0x00, 0x05, 0x04, 0x01, 0x03, 0x00, 0x0a, 0x09, 0x02,
  0x0b, 0x08, 0x01, 0x01, 0x00, 0x46, 0x76, 0x2f, 0x37, 0x18, 0x00, 0x3f,
  0x3c, 0x3f, 0x3c, 0x2f, 0x17, 0x3c, 0x01, 0x2e, 0x2e, 0x2e, 0x2e, 0x2e,
  0x2e, 0x2e, 0x2e, 0x2e, 0x2e, 0x2e, 0x2e, 0x2e, 0x2e, 0x2e, 0x2e, 0x00,
  0x2e, 0x2e, 0x2e, 0x2e, 0x2e, 0x2e, 0x2e, 0x2e, 0x31, 0x30, 0x01, 0x49,
  0x68, 0xb9, 0x00, 0x00, 0x00, 0x10, 0x49, 0x68, 0x61, 0xb0, 0x40, 0x52,
  0x58, 0x38, 0x11, 0x37, 0xb9, 0x00, 0x10, 0xff, 0xc0, 0x38, 0x59, 0x11,
  0x33, 0x15, 0x23, 0x25, 0x33, 0x15, 0x23, 0x01, 0x11, 0x21, 0x11, 0x03,
  0x23, 0x15, 0x33, 0x7d, 0x7d, 0x01, 0x77, 0x7d, 0x7d, 0xfe, 0x89, 0x01,
  0xf4, 0x7d, 0xfa, 0xfa, 0x02, 0xee, 0x7d, 0x7d, 0x7d, 0xfd, 0x8f, 0x01,
  0xf4, 0xfe, 0x0c, 0x01, 0x77, 0xfa, 0x00, 0x03, 0x00, 0x00, 0x00, 0x00,
  0x01, 0xf4, 0x03, 0x6b, 0x00, 0x0f, 0x00, 0x13, 0x00, 0x17, 0x00, 0x8f,
  0x40, 0x3c, 0x01, 0x18, 0x18, 0x40, 0x19, 0x01, 0x17, 0x16, 0x15, 0x14,
  0x0f, 0x0e, 0x0b, 0x0a, 0x09, 0x08, 0x07, 0x06, 0x05, 0x04, 0x03, 0x02,
  0x17, 0x16, 0x15, 0x14, 0x13, 0x12, 0x11, 0x10, 0x0f, 0x0e, 0x0d, 0x0c,
  0x0b, 0x0a, 0x09, 0x08, 0x07, 0x06, 0x05, 0x04, 0x03, 0x02, 0x01, 0x00,
  0x0d, 0x0c, 0x01, 0x03, 0x00, 0x12, 0x11, 0x02, 0x13, 0x10, 0x01, 0x01,
  0x09, 0x46, 0x76, 0x2f, 0x37, 0x18, 0x00, 0x3f, 0x3c, 0x3f, 0x3c, 0x2f,
  0x17, 0x3c, 0x01, 0x2e, 0x2e, 0x2e, 0x2e, 0x2e, 0x2e, 0x2e, 0x2e, 0x2e,
  0x2e, 0x2e, 0x2e, 0x2e, 0x2e, 0x2e, 0x2e, 0x2e, 0x2e, 0x2e, 0x2e, 0x2e,
  0x2e, 0x2e, 0x2e, 0x00, 0x2e, 0x2e, 0x2e, 0x2e, 0x2e, 0x2e, 0x2e, 0x2e,
  0x2e, 0x2e, 0x2e, 0x2e, 0x2e, 0x2e, 0x2e, 0x2e, 0x31, 0x30, 0x01, 0x49,
  0x68, 0xb9, 0x00, 0x09, 0x00, 0x18, 0x49, 0x68, 0x61, 0xb0, 0x40, 0x52,
  0x58, 0x38, 0x11, 0x37, 0xb9, 0x00, 0x18, 0xff, 0xc0, 0x38, 0x59, 0x01,
  0x33, 0x15, 0x23, 0x15, 0x23, 0x35, 0x23, 0x15, 0x23, 0x35, 0x33, 0x35,
  0x33, 0x15, 0x33, 0x01, 0x11, 0x21, 0x11, 0x03, 0x23, 0x15, 0x33, 0x01,
  0x77, 0x7d, 0x7d, 0x7d, 0x7d, 0x7d, 0x7d, 0x7d, 0x7d, 0xfe, 0x89, 0x01,
  0xf4, 0x7d, 0xfa, 0xfa, 0x03, 0x6b, 0x7d, 0x7d, 0x7d, 0x7d, 0x7d, 0x7d,
  0x7d, 0xfd, 0x12, 0x01, 0xf4, 0xfe, 0x0c, 0x01, 0x77, 0xfa, 0x00, 0x02,
  0x00, 0x00, 0x00, 0x00, 0x01, 0xf4, 0x03, 0x6b, 0x00, 0x07, 0x00, 0x0f,
  0x00, 0x6f, 0x40, 0x2c, 0x01, 0x10, 0x10, 0x40, 0x11, 0x09, 0x0f, 0x0e,
  0x07, 0x06, 0x05, 0x04, 0x03, 0x00, 0x0f, 0x0e, 0x0d, 0x0c, 0x0b, 0x0a,
  0x09, 0x08, 0x07, 0x06, 0x05, 0x04, 0x03, 0x02, 0x01, 0x00, 0x02, 0x01,
  0x0b, 0x0a, 0x01, 0x0d, 0x0c, 0x09, 0x03, 0x08, 0x02, 0x01, 0x0b, 0x46,
  0x76, 0x2f, 0x37, 0x18, 0x00, 0x3f, 0x17, 0x3c, 0x3f, 0x3c, 0x2f, 0x3c,
  0x01, 0x2e, 0x2e, 0x2e, 0x2e, 0x2e, 0x2e, 0x2e, 0x2e, 0x2e, 0x2e, 0x2e,
  0x2e, 0x2e, 0x2e, 0x2e, 0x2e, 0x00, 0x2e, 0x2e, 0x2e, 0x2e, 0x2e, 0x2e,
  0x2e, 0x2e, 0x31, 0x30, 0x01, 0x49, 0x68, 0xb9, 0x00, 0x0b, 0x00, 0x10,
  0x49, 0x68, 0x61, 0xb0, 0x40, 0x52, 0x58, 0x38, 0x11, 0x37, 0xb9, 0x00,
  0x10, 0xff, 0xc0, 0x38, 0x59, 0x13, 0x35, 0x33, 0x15, 0x23, 0x15, 0x23,
  0x35, 0x17, 0x33, 0x11, 0x21, 0x11, 0x33, 0x11, 0x33, 0xfa, 0x7d, 0x7d,
  0x7d, 0xfa, 0x7d, 0xfe, 0x0c, 0x7d, 0xfa, 0x02, 0xee, 0x7d, 0x7d, 0x7d,
  0x7d, 0xfa, 0xfe, 0x0c, 0x01, 0xf4, 0xfe, 0x89, 0x00, 0x02, 0x00, 0x00,
  0x00, 0x00, 0x01, 0xf4, 0x03, 0x6b, 0x00, 0x07, 0x00, 0x0f, 0x00, 0x6f,
  0x40, 0x2c, 0x01, 0x10, 0x10, 0x40, 0x11, 0x09, 0x0f, 0x0e, 0x07, 0x06,
  0x05, 0x04, 0x01, 0x00, 0x0f, 0x0e, 0x0d, 0x0c, 0x0b, 0x0a, 0x09, 0x08,
  0x07, 0x06, 0x05, 0x04, 0x03, 0x02, 0x01, 0x00, 0x03, 0x02, 0x0b, 0x0a,
  0x01, 0x0d, 0x0c, 0x09, 0x03, 0x08, 0x02, 0x01, 0x0b, 0x46, 0x76, 0x2f,
  0x37, 0x18, 0x00, 0x3f, 0x17, 0x3c, 0x3f, 0x3c, 0x2f, 0x3c, 0x01, 0x2e,
  0x2e, 0x2e, 0x2e, 0x2e, 0x2e, 0x2e, 0x2e, 0x2e, 0x2e, 0x2e, 0x2e, 0x2e,
  0x2e, 0x2e, 0x2e, 0x00, 0x2e, 0x2e, 0x2e, 0x2e, 0x2e, 0x2e, 0x2e, 0x2e,
  0x31, 0x30, 0x01, 0x49, 0x68, 0xb9, 0x00, 0x0b, 0x00, 0x10, 0x49, 0x68,
  0x61, 0xb0, 0x40, 0x52, 0x58, 0x38, 0x11, 0x37, 0xb9, 0x00, 0x10, 0xff,
  0xc0, 0x38, 0x59, 0x13, 0x23, 0x35, 0x33, 0x15, 0x33, 0x15, 0x23, 0x17,
  0x33, 0x11, 0x21, 0x11, 0x33, 0x11, 0x33, 0xfa, 0x7d, 0x7d, 0x7d, 0x7d,
  0x7d, 0x7d, 0xfe, 0x0c, 0x7d, 0xfa, 0x02, 0xee, 0x7d, 0x7d, 0x7d, 0x7d,
  0xfe, 0x0c, 0x01, 0xf4, 0xfe, 0x89, 0x00, 0x02, 0x00, 0x00, 0x00, 0x00,
  0x01, 0xf4, 0x03, 0x6b, 0x00, 0x0b, 0x00, 0x13, 0x00, 0x7f, 0x40, 0x34,
  0x01, 0x14, 0x14, 0x40, 0x15, 0x09, 0x13, 0x12, 0x0b, 0x0a, 0x09, 0x08,
  0x05, 0x04, 0x03, 0x02, 0x01, 0x00, 0x13, 0x12, 0x11, 0x10, 0x0f, 0x0e,
  0x0d, 0x0c, 0x0b, 0x0a, 0x09, 0x08, 0x07, 0x06, 0x05, 0x04, 0x03, 0x02,
  0x01, 0x00, 0x07, 0x06, 0x0f, 0x0e, 0x01, 0x11, 0x10, 0x0d, 0x03, 0x0c,
  0x02, 0x01, 0x03, 0x46, 0x76, 0x2f, 0x37, 0x18, 0x00, 0x3f, 0x17, 0x3c,
  0x3f, 0x3c, 0x2f, 0x3c, 0x01, 0x2e, 0x2e, 0x2e, 0x2e, 0x2e, 0x2e, 0x2e,
  0x2e, 0x2e, 0x2e, 0x2e, 0x2e, 0x2e, 0x2e, 0x2e, 0x2e, 0x2e, 0x2e, 0x2e,
  0x2e, 0x00, 0x2e, 0x2e, 0x2e, 0x2e, 0x2e, 0x2e, 0x2e, 0x2e, 0x2e, 0x2e,
  0x2e, 0x2e, 0x31, 0x30, 0x01, 0x49, 0x68, 0xb9, 0x00, 0x03, 0x00, 0x14,
  0x49, 0x68, 0x61, 0xb0, 0x40, 0x52, 0x58, 0x38, 0x11, 0x37, 0xb9, 0x00,
  0x14, 0xff, 0xc0, 0x38, 0x59, 0x01, 0x23, 0x15, 0x23, 0x35, 0x33, 0x35,
  0x33, 0x15, 0x33, 0x15, 0x23, 0x15, 0x33, 0x11, 0x21, 0x11, 0x33, 0x11,
  0x33, 0x01, 0x77, 0xfa, 0x7d, 0x7d, 0xfa, 0x7d, 0x7d, 0x7d, 0xfe, 0x0c,
  0x7d, 0xfa, 0x02, 0xee, 0x7d, 0x7d, 0x7d, 0x7d, 0x7d, 0x7d, 0xfe, 0x0c,
  0x01, 0xf4, 0xfe, 0x89, 0x00, 0x03, 0x00, 0x00, 0x00, 0x00, 0x01, 0xf4,
  0x02, 0xee, 0x00, 0x03, 0x00, 0x07, 0x00, 0x0f, 0x00, 0x6f, 0x40, 0x2d,
  0x01, 0x10, 0x10, 0x40, 0x11, 0x05, 0x0f, 0x0e, 0x07, 0x06, 0x03, 0x02,
  0x0f, 0x0e, 0x0d, 0x0c, 0x0b, 0x0a, 0x09, 0x08, 0x07, 0x06, 0x05, 0x04,
  0x03, 0x02, 0x01, 0x00, 0x05, 0x04, 0x01, 0x03, 0x00, 0x0b, 0x0a, 0x01,
  0x0d, 0x0c, 0x09, 0x03, 0x08, 0x02, 0x01, 0x00, 0x46, 0x76, 0x2f, 0x37,
  0x18, 0x00, 0x3f, 0x17, 0x3c, 0x3f, 0x3c, 0x2f, 0x17, 0x3c, 0x01, 0x2e,
  0x2e, 0x2e, 0x2e, 0x2e, 0x2e, 0x2e, 0x2e, 0x2e, 0x2e, 0x2e, 0x2e, 0x2e,
  0x2e, 0x2e, 0x2e, 0x00, 0x2e, 0x2e, 0x2e, 0x2e, 0x2e, 0x2e, 0x31, 0x30,
  0x01, 0x49, 0x68, 0xb9, 0x00, 0x00, 0x00, 0x10, 0x49, 0x68, 0x61, 0xb0,
  0x40, 0x52, 0x58, 0x38, 0x11, 0x37, 0xb9, 0x00, 0x10, 0xff, 0xc0, 0x38,
  0x59, 0x11, 0x33, 0x15, 0x23, 0x25, 0x33, 0x15, 0x23, 0x15, 0x33, 0x11,
  0x21, 0x11, 0x33, 0x11, 0x33, 0x7d, 0x7d, 0x01, 0x77, 0x7d, 0x7d, 0x7d,
  0xfe, 0x0c, 0x7d, 0xfa, 0x02, 0xee, 0x7d, 0x7d, 0x7d, 0x7d, 0xfe, 0x0c,
  0x01, 0xf4, 0xfe, 0x89, 0x00, 0x01, 0x00, 0x00, 0x00, 0x00, 0x01, 0x77,
  0x01, 0xf4, 0x00, 0x0b, 0x00, 0x5f, 0x40, 0x23, 0x01, 0x0c, 0x0c, 0x40,
  0x0d, 0x01, 0x09, 0x08, 0x07, 0x06, 0x03, 0x02, 0x01, 0x00, 0x0b, 0x0a,
  0x09, 0x08, 0x07, 0x06, 0x05, 0x04, 0x03, 0x02, 0x01, 0x00, 0x0b, 0x0a,
  0x02, 0x05, 0x04, 0x01, 0x01, 0x07, 0x46, 0x76, 0x2f, 0x37, 0x18, 0x00,
  0x3f, 0x3c, 0x3f, 0x3c, 0x01, 0x2e, 0x2e, 0x2e, 0x2e, 0x2e, 0x2e, 0x2e,
  0x2e, 0x2e, 0x2e, 0x2e, 0x2e, 0x00, 0x2e, 0x2e, 0x2e, 0x2e, 0x2e, 0x2e,
  0x2e, 0x2e, 0x31, 0x30, 0x01, 0x49, 0x68, 0xb9, 0x00, 0x07, 0x00, 0x0c,
  0x49, 0x68, 0x61, 0xb0, 0x40, 0x52, 0x58, 0x38, 0x11, 0x37, 0xb9, 0x00,
  0x0c, 0xff, 0xc0, 0x38, 0x59, 0x13, 0x33, 0x15, 0x23, 0x15, 0x23, 0x35,
  0x23, 0x35, 0x33, 0x35, 0x33, 0xfa, 0x7d, 0x7d, 0x7d, 0x7d, 0x7d, 0x7d,
  0x01, 0x77, 0x7d, 0xfa, 0xfa, 0x7d, 0x7d, 0x00, 0x00, 0x02, 0x00, 0x00,
  0x00, 0xfa, 0x01, 0x77, 0x02, 0x71, 0x00, 0x03, 0x00, 0x07, 0x00, 0x4e,
  0x40, 0x1a, 0x01, 0x08, 0x08, 0x40, 0x09, 0x01, 0x07, 0x06, 0x05, 0x04,
  0x07, 0x06, 0x05, 0x04, 0x03, 0x02, 0x01, 0x00, 0x03, 0x02, 0x01, 0x00,
  0x03, 0x01, 0x00, 0x46, 0x76, 0x2f, 0x37, 0x18, 0x00, 0x3f, 0x3c, 0x2f,
  0x3c, 0x01, 0x2e, 0x2e, 0x2e, 0x2e, 0x2e, 0x2e, 0x2e, 0x2e, 0x00, 0x2e,
  0x2e, 0x2e, 0x2e, 0x31, 0x30, 0x01, 0x49, 0x68, 0xb9, 0x00, 0x00, 0x00,
  0x08, 0x49, 0x68, 0x61, 0xb0, 0x40, 0x52, 0x58, 0x38, 0x11, 0x37, 0xb9,
  0x00, 0x08, 0xff, 0xc0, 0x38, 0x59, 0x11, 0x21, 0x11, 0x21, 0x37, 0x15,
  0x33, 0x35, 0x01, 0x77, 0xfe, 0x89, 0x7d, 0x7d, 0x02, 0x71, 0xfe, 0x89,
  0xfa, 0x7d, 0x7d, 0x00, 0x00, 0x01, 0x00, 0x00, 0xff, 0x83, 0x02, 0x71,
  0x02, 0x71, 0x00, 0x0f, 0x00, 0x70, 0x40, 0x2e, 0x01, 0x10, 0x10, 0x40,
  0x11, 0x0a, 0x0e, 0x0d, 0x0c, 0x0b, 0x0f, 0x0e, 0x0d, 0x0c, 0x0b, 0x0a,
  0x09, 0x08, 0x07, 0x06, 0x05, 0x04, 0x03, 0x02, 0x01, 0x00, 0x02, 0x01,
  0x08, 0x07, 0x03, 0x0a, 0x09, 0x06, 0x03, 0x05, 0x02, 0x0f, 0x04, 0x03,
  0x03, 0x00, 0x01, 0x01, 0x04, 0x46, 0x76, 0x2f, 0x37, 0x18, 0x00, 0x3f,
  0x17, 0x3c, 0x3f, 0x17, 0x3c, 0x3f, 0x3c, 0x2f, 0x3c, 0x01, 0x2e, 0x2e,
  0x2e, 0x2e, 0x2e, 0x2e, 0x2e, 0x2e, 0x2e, 0x2e, 0x2e, 0x2e, 0x2e, 0x2e,
  0x2e, 0x2e, 0x00, 0x2e, 0x2e, 0x2e, 0x2e, 0x31, 0x30, 0x01, 0x49, 0x68,
  0xb9, 0x00, 0x04, 0x00, 0x10, 0x49, 0x68, 0x61, 0xb0, 0x40, 0x52, 0x58,
  0x38, 0x11, 0x37, 0xb9, 0x00, 0x10, 0xff, 0xc0, 0x38, 0x59, 0x21, 0x15,
  0x23, 0x35, 0x23, 0x11, 0x33, 0x35, 0x33, 0x15, 0x33, 0x15, 0x21, 0x15,
  0x21, 0x15, 0x01, 0x77, 0x7d, 0xfa, 0xfa, 0x7d, 0xfa, 0xfe, 0x0c, 0x01,
  0xf4, 0x7d, 0x7d, 0x01, 0xf4, 0x7d, 0x7d, 0x7d, 0xfa, 0x7d, 0x00, 0x01,
  0x00, 0x00, 0x00, 0x00, 0x02, 0x71, 0x02, 0xee, 0x00, 0x15, 0x00, 0x86,
  0x40, 0x36, 0x01, 0x16, 0x16, 0x40, 0x17, 0x0f, 0x15, 0x14, 0x13, 0x12,
  0x0f, 0x0e, 0x0d, 0x0c, 0x0b, 0x0a, 0x09, 0x08, 0x07, 0x06, 0x05, 0x04,
  0x01, 0x00, 0x15, 0x14, 0x13, 0x12, 0x11, 0x10, 0x0f, 0x0e, 0x0d, 0x0c,
  0x0b, 0x0a, 0x09, 0x08, 0x07, 0x06, 0x05, 0x04, 0x03, 0x02, 0x01, 0x00,
  0x03, 0x02, 0x11, 0x10, 0x01, 0x01, 0x00, 0x46, 0x76, 0x2f, 0x37, 0x18,
  0x00, 0x3f, 0x3c, 0x2f, 0x3c, 0x01, 0x2e, 0x2e, 0x2e, 0x2e, 0x2e, 0x2e,
  0x2e, 0x2e, 0x2e, 0x2e, 0x2e, 0x2e, 0x2e, 0x2e, 0x2e, 0x2e, 0x2e, 0x2e,
  0x2e, 0x2e, 0x2e, 0x2e, 0x00, 0x2e, 0x2e, 0x2e, 0x2e, 0x2e, 0x2e, 0x2e,
  0x2e, 0x2e, 0x2e, 0x2e, 0x2e, 0x2e, 0x2e, 0x2e, 0x2e, 0x2e, 0x2e, 0x31,
  0x30, 0x01, 0x49, 0x68, 0xb9, 0x00, 0x00, 0x00, 0x16, 0x49, 0x68, 0x61,
  0xb0, 0x40, 0x52, 0x58, 0x38, 0x11, 0x37, 0xb9, 0x00, 0x16, 0xff, 0xc0,
  0x38, 0x59, 0x11, 0x33, 0x11, 0x21, 0x15, 0x23, 0x35, 0x23, 0x15, 0x33,
  0x15, 0x23, 0x15, 0x33, 0x35, 0x33, 0x15, 0x21, 0x35, 0x33, 0x35, 0x23,
  0x7d, 0x01, 0x77, 0x7d, 0x7d, 0x7d, 0x7d, 0xfa, 0x7d, 0xfd, 0x8f, 0x7d,
  0x7d, 0x01, 0x77, 0x01, 0x77, 0xfa, 0x7d, 0xfa, 0x7d, 0x7d, 0x7d, 0xfa,
  0x7d, 0x7d, 0x00, 0x02, 0x00, 0x00, 0xff, 0x06, 0x01, 0x77, 0x02, 0x71,
  0x00, 0x03, 0x00, 0x0f, 0x00, 0x70, 0x40, 0x2c, 0x01, 0x10, 0x10, 0x40,
  0x11, 0x04, 0x0c, 0x0b, 0x08, 0x07, 0x06, 0x05, 0x03, 0x02, 0x01, 0x00,
  0x0f, 0x0e, 0x0d, 0x0c, 0x0b, 0x0a, 0x09, 0x08, 0x07, 0x06, 0x05, 0x04,
  0x03, 0x02, 0x01, 0x00, 0x0e, 0x0d, 0x01, 0x0a, 0x09, 0x00, 0x0f, 0x04,
  0x03, 0x01, 0x0a, 0x46, 0x76, 0x2f, 0x37, 0x18, 0x00, 0x3f, 0x3c, 0x3f,
  0x3c, 0x3f, 0x3c, 0x01, 0x2e, 0x2e, 0x2e, 0x2e, 0x2e, 0x2e, 0x2e, 0x2e,
  0x2e, 0x2e, 0x2e, 0x2e, 0x2e, 0x2e, 0x2e, 0x2e, 0x00, 0x2e, 0x2e, 0x2e,
  0x2e, 0x2e, 0x2e, 0x2e, 0x2e, 0x2e, 0x2e, 0x31, 0x30, 0x01, 0x49, 0x68,
  0xb9, 0x00, 0x0a, 0x00, 0x10, 0x49, 0x68, 0x61, 0xb0, 0x40, 0x52, 0x58,
  0x38, 0x11, 0x37, 0xb9, 0x00, 0x10, 0xff, 0xc0, 0x38, 0x59, 0x37, 0x35,
  0x23, 0x15, 0x13, 0x15, 0x23, 0x15, 0x33, 0x11, 0x21, 0x35, 0x33, 0x35,
  0x23, 0x11, 0xfa, 0x7d, 0xfa, 0xfa, 0xfa, 0xfe, 0x89, 0xfa, 0xfa, 0x7d,
  0x7d, 0x7d, 0x01, 0xf4, 0x7d, 0x7d, 0xfd, 0x8f, 0x7d, 0x7d, 0x02, 0x71,
  0x00, 0x01, 0x00, 0x00, 0x00, 0xfa, 0x00, 0x7d, 0x01, 0x77, 0x00, 0x03,
  0x00, 0x3d, 0x40, 0x11, 0x01, 0x04, 0x04, 0x40, 0x05, 0x01, 0x03, 0x02,
  0x01, 0x00, 0x01, 0x00, 0x03, 0x02, 0x01, 0x00, 0x46, 0x76, 0x2f, 0x37,
  0x18, 0x00, 0x2f, 0x3c, 0x2f, 0x3c, 0x01, 0x2e, 0x2e, 0x2e, 0x2e, 0x00,
  0x31, 0x30, 0x01, 0x49, 0x68, 0xb9, 0x00, 0x00, 0x00, 0x04, 0x49, 0x68,
  0x61, 0xb0, 0x40, 0x52, 0x58, 0x38, 0x11, 0x37, 0xb9, 0x00, 0x04, 0xff,
  0xc0, 0x38, 0x59, 0x11, 0x33, 0x15, 0x23, 0x7d, 0x7d, 0x01, 0x77, 0x7d,
  0x00, 0x03, 0x00, 0x00, 0x00, 0x00, 0x02, 0x71, 0x02, 0x71, 0x00, 0x03,
  0x00, 0x07, 0x00, 0x11, 0x00, 0x77, 0x40, 0x30, 0x01, 0x12, 0x12, 0x40,
  0x13, 0x0b, 0x0f, 0x0e, 0x09, 0x08, 0x07, 0x06, 0x05, 0x04, 0x03, 0x02,
  0x01, 0x00, 0x11, 0x10, 0x0f, 0x0e, 0x0d, 0x0c, 0x0b, 0x0a, 0x09, 0x08,
  0x07, 0x06, 0x05, 0x04, 0x03, 0x02, 0x01, 0x00, 0x11, 0x10, 0x0d, 0x03,
  0x0c, 0x01, 0x0b, 0x0a, 0x03, 0x01, 0x09, 0x46, 0x76, 0x2f, 0x37, 0x18,
  0x00, 0x3f, 0x3c, 0x3f, 0x17, 0x3c, 0x01, 0x2e, 0x2e, 0x2e, 0x2e, 0x2e,
  0x2e, 0x2e, 0x2e, 0x2e, 0x2e, 0x2e, 0x2e, 0x2e, 0x2e, 0x2e, 0x2e, 0x2e,
  0x2e, 0x00, 0x2e, 0x2e, 0x2e, 0x2e, 0x2e, 0x2e, 0x2e, 0x2e, 0x2e, 0x2e,
  0x2e, 0x2e, 0x31, 0x30, 0x01, 0x49, 0x68, 0xb9, 0x00, 0x09, 0x00, 0x12,
  0x49, 0x68, 0x61, 0xb0, 0x40, 0x52, 0x58, 0x38, 0x11, 0x37, 0xb9, 0x00,
  0x12, 0xff, 0xc0, 0x38, 0x59, 0x01, 0x15, 0x33, 0x35, 0x07, 0x35, 0x23,
  0x15, 0x17, 0x23, 0x11, 0x21, 0x11, 0x23, 0x35, 0x23, 0x15, 0x23, 0x01,
  0x77, 0x7d, 0xfa, 0x78, 0x78, 0xfa, 0x02, 0x71, 0x7d, 0x7d, 0x7d, 0x01,
  0xf4, 0x7d, 0x7d, 0x7d, 0x7d, 0x7d, 0x7d, 0x01, 0x77, 0xfd, 0x8f, 0xfa,
  0xfa, 0x00, 0x00, 0x01, 0x00, 0x00, 0x00, 0x00, 0x01, 0xf4, 0x02, 0x71,
  0x00, 0x11, 0x00, 0x77, 0x40, 0x30, 0x01, 0x12, 0x12, 0x40, 0x13, 0x00,
  0x0e, 0x0d, 0x0c, 0x0b, 0x0a, 0x09, 0x08, 0x07, 0x04, 0x03, 0x02, 0x01,
  0x11, 0x10, 0x0f, 0x0e, 0x0d, 0x0c, 0x0b, 0x0a, 0x09, 0x08, 0x07, 0x06,
  0x05, 0x04, 0x03, 0x02, 0x01, 0x00, 0x10, 0x0f, 0x06, 0x03, 0x05, 0x01,
  0x11, 0x00, 0x03, 0x01, 0x10, 0x46, 0x76, 0x2f, 0x37, 0x18, 0x00, 0x3f,
  0x3c, 0x3f, 0x17, 0x3c, 0x01, 0x2e, 0x2e, 0x2e, 0x2e, 0x2e, 0x2e, 0x2e,
  0x2e, 0x2e, 0x2e, 0x2e, 0x2e, 0x2e, 0x2e, 0x2e, 0x2e, 0x2e, 0x2e, 0x00,
  0x2e, 0x2e, 0x2e, 0x2e, 0x2e, 0x2e, 0x2e, 0x2e, 0x2e, 0x2e, 0x2e, 0x2e,
  0x31, 0x30, 0x01, 0x49, 0x68, 0xb9, 0x00, 0x10, 0x00, 0x12, 0x49, 0x68,
  0x61, 0xb0, 0x40, 0x52, 0x58, 0x38, 0x11, 0x37, 0xb9, 0x00, 0x12, 0xff,
  0xc0, 0x38, 0x59, 0x01, 0x15, 0x23, 0x15, 0x33, 0x15, 0x23, 0x35, 0x33,
  0x35, 0x23, 0x35, 0x33, 0x35, 0x23, 0x11, 0x23, 0x11, 0x01, 0xf4, 0x7d,
  0x7d, 0xfa, 0x7d, 0x7d, 0x7d, 0xfa, 0x7d, 0x02, 0x71, 0xfa, 0x7d, 0xfa,
  0x7d, 0x7d, 0x7d, 0x7d, 0xfe, 0x0c, 0x02, 0x71, 0x00, 0x02, 0x00, 0x00,
  0x00, 0x00, 0x02, 0x71, 0x02, 0x71, 0x00, 0x03, 0x00, 0x09, 0x00, 0x57,
  0x40, 0x1f, 0x01, 0x0a, 0x0a, 0x40, 0x0b, 0x01, 0x09, 0x08, 0x07, 0x06,
  0x05, 0x04, 0x09, 0x08, 0x07, 0x06, 0x05, 0x04, 0x03, 0x02, 0x01, 0x00,
  0x03, 0x02, 0x01, 0x01, 0x00, 0x03, 0x01, 0x00, 0x46, 0x76, 0x2f, 0x37,
  0x18, 0x00, 0x3f, 0x3c, 0x3f, 0x3c, 0x01, 0x2e, 0x2e, 0x2e, 0x2e, 0x2e,
  0x2e, 0x2e, 0x2e, 0x2e, 0x2e, 0x00, 0x2e, 0x2e, 0x2e, 0x2e, 0x2e, 0x2e,
  0x31, 0x30, 0x01, 0x49, 0x68, 0xb9, 0x00, 0x00, 0x00, 0x0a, 0x49, 0x68,
  0x61, 0xb0, 0x40, 0x52, 0x58, 0x38, 0x11, 0x37, 0xb9, 0x00, 0x0a, 0xff,
  0xc0, 0x38, 0x59, 0x11, 0x21, 0x11, 0x21, 0x13, 0x33, 0x35, 0x21, 0x11,
  0x33, 0x02, 0x71, 0xfd, 0x8f, 0xfa, 0xfa, 0xfe, 0x89, 0x7d, 0x02, 0x71,
  0xfd, 0x8f, 0x01, 0x77, 0x7d, 0xfe, 0x89, 0x00, 0x00, 0x02, 0x00, 0x00,
  0x00, 0x00, 0x02, 0x71, 0x02, 0x71, 0x00, 0x03, 0x00, 0x0b, 0x00, 0x5f,
  0x40, 0x23, 0x01, 0x0c, 0x0c, 0x40, 0x0d, 0x02, 0x0b, 0x0a, 0x09, 0x08,
  0x07, 0x06, 0x05, 0x04, 0x0b, 0x0a, 0x09, 0x08, 0x07, 0x06, 0x05, 0x04,
  0x03, 0x02, 0x01, 0x00, 0x02, 0x01, 0x03, 0x03, 0x00, 0x01, 0x01, 0x00,
  0x46, 0x76, 0x2f, 0x37, 0x18, 0x00, 0x3f, 0x3c, 0x3f, 0x3c, 0x01, 0x2e,
  0x2e, 0x2e, 0x2e, 0x2e, 0x2e, 0x2e, 0x2e, 0x2e, 0x2e, 0x2e, 0x2e, 0x00,
  0x2e, 0x2e, 0x2e, 0x2e, 0x2e, 0x2e, 0x2e, 0x2e, 0x31, 0x30, 0x01, 0x49,
  0x68, 0xb9, 0x00, 0x00, 0x00, 0x0c, 0x49, 0x68, 0x61, 0xb0, 0x40, 0x52,
  0x58, 0x38, 0x11, 0x37, 0xb9, 0x00, 0x0c, 0xff, 0xc0, 0x38, 0x59, 0x31,
  0x11, 0x21, 0x11, 0x01, 0x11, 0x21, 0x35, 0x23, 0x35, 0x33, 0x35, 0x02,
  0x71, 0xfe, 0x0c, 0x01, 0x77, 0xfa, 0xfa, 0x02, 0x71, 0xfd, 0x8f, 0x01,
  0xf4, 0xfe, 0x89, 0x7d, 0x7d, 0x7d, 0x00, 0x01, 0x00, 0x00, 0x00, 0xfa,
  0x03, 0xe8, 0x02, 0x71, 0x00, 0x11, 0x00, 0x75, 0x40, 0x36, 0x01, 0x12,
  0x12, 0x40, 0x13, 0x00, 0x11, 0x10, 0x03, 0x02, 0x04, 0x01, 0x00, 0x07,
  0x06, 0x04, 0x05, 0x04, 0x09, 0x08, 0x04, 0x0b, 0x0a, 0x0d, 0x0c, 0x04,
  0x0f, 0x0e, 0x10, 0x0f, 0x0c, 0x0b, 0x08, 0x07, 0x04, 0x07, 0x03, 0x06,
  0x00, 0x0e, 0x0d, 0x0a, 0x09, 0x06, 0x05, 0x02, 0x07, 0x01, 0x11, 0x00,
  0x03, 0x01, 0x10, 0x46, 0x76, 0x2f, 0x37, 0x18, 0x00, 0x3f, 0x3c, 0x2f,
  0x17, 0x3c, 0x10, 0xfd, 0x17, 0x3c, 0x01, 0x2f, 0x3c, 0xfd, 0x3c, 0x2f,
  0x3c, 0xfd, 0x3c, 0x2f, 0x3c, 0xfd, 0x3c, 0x2f, 0x3c, 0xfd, 0x3c, 0x2e,
  0x2e, 0x00, 0x31, 0x30, 0x01, 0x49, 0x68, 0xb9, 0x00, 0x10, 0x00, 0x12,
  0x49, 0x68, 0x61, 0xb0, 0x40, 0x52, 0x58, 0x38, 0x11, 0x37, 0xb9, 0x00,
  0x12, 0xff, 0xc0, 0x38, 0x59, 0x01, 0x11, 0x23, 0x35, 0x23, 0x15, 0x23,
  0x35, 0x23, 0x15, 0x23, 0x35, 0x23, 0x15, 0x23, 0x35, 0x23, 0x35, 0x03,
  0xe8, 0x7d, 0x7d, 0x7d, 0x7d, 0x7d, 0x7d, 0x7d, 0x7d, 0x02, 0x71, 0xfe,
  0x89, 0xfa, 0xfa, 0xfa, 0xfa, 0xfa, 0xfa, 0xfa, 0x7d, 0x00, 0x00, 0x01,
  0x00, 0x00, 0x01, 0x77, 0x00, 0xfa, 0x02, 0x71, 0x00, 0x07, 0x00, 0x56,
  0x40, 0x21, 0x01, 0x08, 0x08, 0x40, 0x09, 0x06, 0x03, 0x02, 0x04, 0x00,
  0x05, 0x04, 0x01, 0x03, 0x00, 0x04, 0x07, 0x06, 0x07, 0x00, 0x06, 0x05,
  0x02, 0x01, 0x06, 0x05, 0x03, 0x04, 0x03, 0x02, 0x01, 0x02, 0x46, 0x76,
  0x2f, 0x37, 0x18, 0x00, 0x3f, 0x3c, 0x3f, 0x3c, 0x2f, 0x3c, 0x10, 0xfd,
  0x3c, 0x01, 0x2f, 0x3c, 0xfd, 0x17, 0x3c, 0x10, 0xfd, 0x3c, 0x00, 0x31,
  0x30, 0x01, 0x49, 0x68, 0xb9, 0x00, 0x02, 0x00, 0x08, 0x49, 0x68, 0x61,
  0xb0, 0x40, 0x52, 0x58, 0x38, 0x11, 0x37, 0xb9, 0x00, 0x08, 0xff, 0xc0,
  0x38, 0x59, 0x13, 0x15, 0x23, 0x35, 0x33, 0x35, 0x33, 0x15, 0x7d, 0x7d,
  0x7d, 0x7d, 0x01, 0xf4, 0x7d, 0x7d, 0x7d, 0x7d, 0x00, 0x02, 0x00, 0x7d,
  0x01, 0xf4, 0x01, 0xf4, 0x02, 0x71, 0x00, 0x03, 0x00, 0x07, 0x00, 0x4e,
  0x40, 0x1c, 0x01, 0x08, 0x08, 0x40, 0x09, 0x05, 0x07, 0x06, 0x05, 0x04,
  0x03, 0x02, 0x01, 0x00, 0x07, 0x06, 0x03, 0x03, 0x02, 0x05, 0x04, 0x01,
  0x03, 0x00, 0x03, 0x01, 0x00, 0x46, 0x76, 0x2f, 0x37, 0x18, 0x00, 0x3f,
  0x17, 0x3c, 0x2f, 0x17, 0x3c, 0x01, 0x2e, 0x2e, 0x2e, 0x2e, 0x2e, 0x2e,
  0x2e, 0x2e, 0x00, 0x31, 0x30, 0x01, 0x49, 0x68, 0xb9, 0x00, 0x00, 0x00,
  0x08, 0x49, 0x68, 0x61, 0xb0, 0x40, 0x52, 0x58, 0x38, 0x11, 0x37, 0xb9,
  0x00, 0x08, 0xff, 0xc0, 0x38, 0x59, 0x13, 0x33, 0x15, 0x23, 0x37, 0x33,
  0x15, 0x23, 0x7d, 0x7d, 0x7d, 0xfa, 0x7d, 0x7d, 0x02, 0x71, 0x7d, 0x7d,
  0x7d, 0x00, 0x00, 0x02, 0x00, 0x00, 0x00, 0x00, 0x04, 0x65, 0x02, 0x71,
  0x00, 0x03, 0x00, 0x13, 0x00, 0x88, 0x40, 0x41, 0x01, 0x14, 0x14, 0x40,
  0x15, 0x04, 0x13, 0x0c, 0x0b, 0x08, 0x07, 0x04, 0x0a, 0x09, 0x06, 0x03,
  0x05, 0x04, 0x0e, 0x0d, 0x01, 0x03, 0x00, 0x10, 0x0f, 0x03, 0x03, 0x02,
  0x04, 0x12, 0x11, 0x05, 0x04, 0x02, 0x03, 0x01, 0x06, 0x12, 0x07, 0x06,
  0x03, 0x03, 0x00, 0x06, 0x0f, 0x0e, 0x09, 0x03, 0x08, 0x0b, 0x0a, 0x06,
  0x0c, 0x13, 0x12, 0x03, 0x11, 0x10, 0x0d, 0x03, 0x0c, 0x01, 0x01, 0x11,
  0x46, 0x76, 0x2f, 0x37, 0x18, 0x00, 0x3f, 0x17, 0x3c, 0x3f, 0x3c, 0x10,
  0xfd, 0x3c, 0x2f, 0x17, 0x3c, 0xfd, 0x17, 0x3c, 0x10, 0xfd, 0x17, 0x3c,
  0x01, 0x2f, 0x3c, 0xfd, 0x17, 0x3c, 0x2f, 0x17, 0x3c, 0xfd, 0x17, 0x3c,
  0x2e, 0x2e, 0x2e, 0x2e, 0x2e, 0x2e, 0x00, 0x31, 0x30, 0x01, 0x49, 0x68,
  0xb9, 0x00, 0x11, 0x00, 0x14, 0x49, 0x68, 0x61, 0xb0, 0x40, 0x52, 0x58,
  0x38, 0x11, 0x37, 0xb9, 0x00, 0x14, 0xff, 0xc0, 0x38, 0x59, 0x01, 0x35,
  0x21, 0x15, 0x25, 0x21, 0x15, 0x21, 0x15, 0x21, 0x15, 0x21, 0x15, 0x21,
  0x35, 0x21, 0x15, 0x23, 0x11, 0x21, 0x01, 0xf4, 0xfe, 0x89, 0x03, 0xe8,
  0xfe, 0x0c, 0x01, 0x77, 0xfe, 0x89, 0x01, 0xf4, 0xfd, 0x8f, 0xfe, 0x89,
  0x7d, 0x04, 0x65, 0x01, 0x77, 0x7d, 0x7d, 0x7d, 0x7d, 0x7d, 0x7d, 0x7d,
  0xfa, 0xfa, 0x02, 0x71, 0x00, 0x03, 0x00, 0x00, 0x00, 0x00, 0x02, 0x71,
  0x02, 0x71, 0x00, 0x03, 0x00, 0x09, 0x00, 0x0f, 0x00, 0x6f, 0x40, 0x2b,
  0x01, 0x10, 0x10, 0x40, 0x11, 0x00, 0x0f, 0x0e, 0x0d, 0x0c, 0x0b, 0x0a,
  0x09, 0x08, 0x07, 0x06, 0x05, 0x04, 0x0f, 0x0e, 0x0d, 0x0c, 0x0b, 0x0a,
  0x09, 0x08, 0x07, 0x06, 0x05, 0x04, 0x03, 0x02, 0x01, 0x00, 0x02, 0x01,
  0x01, 0x03, 0x00, 0x03, 0x01, 0x02, 0x46, 0x76, 0x2f, 0x37, 0x18, 0x00,
  0x3f, 0x3c, 0x3f, 0x3c, 0x01, 0x2e, 0x2e, 0x2e, 0x2e, 0x2e, 0x2e, 0x2e,
  0x2e, 0x2e, 0x2e, 0x2e, 0x2e, 0x2e, 0x2e, 0x2e, 0x2e, 0x00, 0x2e, 0x2e,
  0x2e, 0x2e, 0x2e, 0x2e, 0x2e, 0x2e, 0x2e, 0x2e, 0x2e, 0x2e, 0x31, 0x30,
  0x01, 0x49, 0x68, 0xb9, 0x00, 0x02, 0x00, 0x10, 0x49, 0x68, 0x61, 0xb0,
  0x40, 0x52, 0x58, 0x38, 0x11, 0x37, 0xb9, 0x00, 0x10, 0xff, 0xc0, 0x38,
  0x59, 0x01, 0x11, 0x21, 0x11, 0x05, 0x15, 0x23, 0x15, 0x33, 0x35, 0x23,
  0x33, 0x35, 0x23, 0x15, 0x33, 0x02, 0x71, 0xfd, 0x8f, 0x01, 0x77, 0x7d,
  0xfa, 0xff, 0x7d, 0xf5, 0x78, 0x02, 0x71, 0xfd, 0x8f, 0x02, 0x71, 0xfa,
  0x7d, 0x7d, 0xfa, 0x7d, 0xfa, 0x00, 0x00, 0x01, 0x00, 0x00, 0xff, 0x83,
  0x02, 0x71, 0x02, 0x71, 0x00, 0x0f, 0x00, 0x6e, 0x40, 0x2a, 0x01, 0x10,
  0x10, 0x40, 0x11, 0x09, 0x0d, 0x0c, 0x0b, 0x0a, 0x09, 0x08, 0x05, 0x04,
  0x03, 0x02, 0x01, 0x00, 0x0f, 0x0e, 0x0d, 0x0c, 0x0b, 0x0a, 0x09, 0x08,
  0x07, 0x06, 0x05, 0x04, 0x03, 0x02, 0x01, 0x00, 0x0f, 0x0e, 0x07, 0x06,
  0x03, 0x01, 0x00, 0x46, 0x76, 0x2f, 0x37, 0x18, 0x00, 0x3f, 0x3c, 0x2f,
  0x3c, 0x01, 0x2e, 0x2e, 0x2e, 0x2e, 0x2e, 0x2e, 0x2e, 0x2e, 0x2e, 0x2e,
  0x2e, 0x2e, 0x2e, 0x2e, 0x2e, 0x2e, 0x00, 0x2e, 0x2e, 0x2e, 0x2e, 0x2e,
  0x2e, 0x2e, 0x2e, 0x2e, 0x2e, 0x2e, 0x2e, 0x31, 0x30, 0x01, 0x49, 0x68,
  0xb9, 0x00, 0x00, 0x00, 0x10, 0x49, 0x68, 0x61, 0xb0, 0x40, 0x52, 0x58,
  0x38, 0x11, 0x37, 0xb9, 0x00, 0x10, 0xff, 0xc0, 0x38, 0x59, 0x31, 0x33,
  0x35, 0x23, 0x35, 0x33, 0x35, 0x33, 0x15, 0x33, 0x15, 0x23, 0x15, 0x33,
  0x15, 0x21, 0xfa, 0xfa, 0xfa, 0x7d, 0xfa, 0xfa, 0xfa, 0xfd, 0x8f, 0xfa,
  0x7d, 0xfa, 0xfa, 0x7d, 0xfa, 0x7d, 0x00, 0x01, 0x00, 0x00, 0x00, 0x00,
  0x02, 0x71, 0x02, 0x71, 0x00, 0x13, 0x00, 0x80, 0x40, 0x35, 0x01, 0x14,
  0x14, 0x40, 0x15, 0x0a, 0x13, 0x10, 0x0f, 0x0e, 0x0d, 0x0c, 0x0b, 0x04,
  0x03, 0x02, 0x01, 0x00, 0x13, 0x12, 0x11, 0x10, 0x0f, 0x0e, 0x0d, 0x0c,
  0x0b, 0x0a, 0x09, 0x08, 0x07, 0x06, 0x05, 0x04, 0x03, 0x02, 0x01, 0x00,
  0x12, 0x11, 0x01, 0x08, 0x07, 0x02, 0x0a, 0x09, 0x06, 0x03, 0x05, 0x03,
  0x01, 0x04, 0x46, 0x76, 0x2f, 0x37, 0x18, 0x00, 0x3f, 0x17, 0x3c, 0x3f,
  0x3c, 0x3f, 0x3c, 0x01, 0x2e, 0x2e, 0x2e, 0x2e, 0x2e, 0x2e, 0x2e, 0x2e,
  0x2e, 0x2e, 0x2e, 0x2e, 0x2e, 0x2e, 0x2e, 0x2e, 0x2e, 0x2e, 0x2e, 0x2e,
  0x00, 0x2e, 0x2e, 0x2e, 0x2e, 0x2e, 0x2e, 0x2e, 0x2e, 0x2e, 0x2e, 0x2e,
  0x2e, 0x31, 0x30, 0x01, 0x49, 0x68, 0xb9, 0x00, 0x04, 0x00, 0x14, 0x49,
  0x68, 0x61, 0xb0, 0x40, 0x52, 0x58, 0x38, 0x11, 0x37, 0xb9, 0x00, 0x14,
  0xff, 0xc0, 0x38, 0x59, 0x37, 0x35, 0x33, 0x35, 0x23, 0x35, 0x33, 0x15,
  0x21, 0x35, 0x33, 0x15, 0x23, 0x15, 0x33, 0x15, 0x23, 0x15, 0x23, 0x35,
  0x7d, 0x7d, 0xfa, 0x7d, 0x01, 0x77, 0x7d, 0xfa, 0x7d, 0x7d, 0x7d, 0x7d,
  0x7d, 0x7d, 0xfa, 0x7d, 0x7d, 0xfa, 0x7d, 0x7d, 0x7d, 0x7d, 0x00, 0x01,
  0x00, 0x00, 0xff, 0x06, 0x02, 0x71, 0x01, 0xf4, 0x00, 0x0f, 0x00, 0x70,
  0x40, 0x2e, 0x01, 0x10, 0x10, 0x40, 0x11, 0x01, 0x0d, 0x0c, 0x05, 0x04,
  0x01, 0x00, 0x0f, 0x0e, 0x0d, 0x0c, 0x0b, 0x0a, 0x09, 0x08, 0x07, 0x06,
  0x05, 0x04, 0x03, 0x02, 0x01, 0x00, 0x0f, 0x0e, 0x0b, 0x03, 0x0a, 0x02,
  0x09, 0x08, 0x00, 0x07, 0x06, 0x03, 0x03, 0x02, 0x01, 0x01, 0x09, 0x46,
  0x76, 0x2f, 0x37, 0x18, 0x00, 0x3f, 0x17, 0x3c, 0x3f, 0x3c, 0x3f, 0x17,
  0x3c, 0x01, 0x2e, 0x2e, 0x2e, 0x2e, 0x2e, 0x2e, 0x2e, 0x2e, 0x2e, 0x2e,
  0x2e, 0x2e, 0x2e, 0x2e, 0x2e, 0x2e, 0x00, 0x2e, 0x2e, 0x2e, 0x2e, 0x2e,
  0x2e, 0x31, 0x30, 0x01, 0x49, 0x68, 0xb9, 0x00, 0x09, 0x00, 0x10, 0x49,
  0x68, 0x61, 0xb0, 0x40, 0x52, 0x58, 0x38, 0x11, 0x37, 0xb9, 0x00, 0x10,
  0xff, 0xc0, 0x38, 0x59, 0x25, 0x33, 0x15, 0x23, 0x35, 0x23, 0x15, 0x23,
  0x15, 0x23, 0x11, 0x33, 0x11, 0x33, 0x11, 0x33, 0x01, 0xf4, 0x7d, 0x7d,
  0x7d, 0xfa, 0x7d, 0x7d, 0xfa, 0x7d, 0x7d, 0x7d, 0x7d, 0x7d, 0xfa, 0x02,
  0xee, 0xfe, 0x89, 0x01, 0x77, 0x00, 0x00, 0x03, 0x00, 0x00, 0x00, 0x00,
  0x01, 0x77, 0x02, 0x71, 0x00, 0x03, 0x00, 0x07, 0x00, 0x0d, 0x00, 0x68,
  0x40, 0x28, 0x01, 0x0e, 0x0e, 0x40, 0x0f, 0x00, 0x0d, 0x08, 0x07, 0x06,
  0x05, 0x04, 0x03, 0x02, 0x0d, 0x0c, 0x0b, 0x0a, 0x09, 0x08, 0x07, 0x06,
  0x05, 0x04, 0x03, 0x02, 0x01, 0x00, 0x0c, 0x0b, 0x03, 0x0a, 0x09, 0x02,
  0x01, 0x00, 0x01, 0x01, 0x01, 0x46, 0x76, 0x2f, 0x37, 0x18, 0x00, 0x3f,
  0x3c, 0x3f, 0x3c, 0x3f, 0x3c, 0x01, 0x2e, 0x2e, 0x2e, 0x2e, 0x2e, 0x2e,
  0x2e, 0x2e, 0x2e, 0x2e, 0x2e, 0x2e, 0x2e, 0x2e, 0x00, 0x2e, 0x2e, 0x2e,
  0x2e, 0x2e, 0x2e, 0x2e, 0x2e, 0x31, 0x30, 0x01, 0x49, 0x68, 0xb9, 0x00,
  0x01, 0x00, 0x0e, 0x49, 0x68, 0x61, 0xb0, 0x40, 0x52, 0x58, 0x38, 0x11,
  0x37, 0xb9, 0x00, 0x0e, 0xff, 0xc0, 0x38, 0x59, 0x29, 0x01, 0x35, 0x21,
  0x27, 0x33, 0x35, 0x23, 0x07, 0x35, 0x33, 0x35, 0x33, 0x11, 0x01, 0x77,
  0xfe, 0x89, 0x01, 0x77, 0xfa, 0x7d, 0x7d, 0x7d, 0x7d, 0xfa, 0x7d, 0xff,
  0x73, 0xf5, 0xfa, 0x7d, 0xfe, 0x89, 0x00, 0x03, 0x00, 0x00, 0x00, 0x00,
  0x01, 0x77, 0x02, 0x71, 0x00, 0x03, 0x00, 0x07, 0x00, 0x0b, 0x00, 0x5f,
  0x40, 0x23, 0x01, 0x0c, 0x0c, 0x40, 0x0d, 0x00, 0x0b, 0x0a, 0x09, 0x08,
  0x07, 0x06, 0x03, 0x02, 0x0b, 0x0a, 0x09, 0x08, 0x07, 0x06, 0x05, 0x04,
  0x03, 0x02, 0x01, 0x00, 0x05, 0x04, 0x03, 0x01, 0x00, 0x01, 0x01, 0x01,
  0x46, 0x76, 0x2f, 0x37, 0x18, 0x00, 0x3f, 0x3c, 0x3f, 0x3c, 0x01, 0x2e,
  0x2e, 0x2e, 0x2e, 0x2e, 0x2e, 0x2e, 0x2e, 0x2e, 0x2e, 0x2e, 0x2e, 0x00,
  0x2e, 0x2e, 0x2e, 0x2e, 0x2e, 0x2e, 0x2e, 0x2e, 0x31, 0x30, 0x01, 0x49,
  0x68, 0xb9, 0x00, 0x01, 0x00, 0x0c, 0x49, 0x68, 0x61, 0xb0, 0x40, 0x52,
  0x58, 0x38, 0x11, 0x37, 0xb9, 0x00, 0x0c, 0xff, 0xc0, 0x38, 0x59, 0x29,
  0x01, 0x35, 0x21, 0x01, 0x21, 0x11, 0x21, 0x37, 0x15, 0x33, 0x35, 0x01,
  0x77, 0xfe, 0x89, 0x01, 0x77, 0xfe, 0x89, 0x01, 0x77, 0xfe, 0x89, 0x7d,
  0x7d, 0x7d, 0x01, 0xf4, 0xfe, 0x89, 0xfa, 0x7d, 0x7d, 0x00, 0x00, 0x03,
  0x00, 0x00, 0x00, 0x00, 0x03, 0x6b, 0x01, 0xf4, 0x00, 0x03, 0x00, 0x0d,
  0x00, 0x13, 0x00, 0x7f, 0x40, 0x33, 0x01, 0x14, 0x14, 0x40, 0x15, 0x04,
  0x13, 0x12, 0x11, 0x10, 0x0f, 0x0e, 0x0c, 0x0b, 0x08, 0x07, 0x06, 0x05,
  0x03, 0x02, 0x01, 0x00, 0x13, 0x12, 0x11, 0x10, 0x0f, 0x0e, 0x0d, 0x0c,
  0x0b, 0x0a, 0x09, 0x08, 0x07, 0x06, 0x05, 0x04, 0x03, 0x02, 0x01, 0x00,
  0x0a, 0x09, 0x01, 0x0d, 0x04, 0x02, 0x01, 0x0a, 0x46, 0x76, 0x2f, 0x37,
  0x18, 0x00, 0x3f, 0x3c, 0x3f, 0x3c, 0x01, 0x2e, 0x2e, 0x2e, 0x2e, 0x2e,
  0x2e, 0x2e, 0x2e, 0x2e, 0x2e, 0x2e, 0x2e, 0x2e, 0x2e, 0x2e, 0x2e, 0x2e,
  0x2e, 0x2e, 0x2e, 0x00, 0x2e, 0x2e, 0x2e, 0x2e, 0x2e, 0x2e, 0x2e, 0x2e,
  0x2e, 0x2e, 0x2e, 0x2e, 0x2e, 0x2e, 0x2e, 0x2e, 0x31, 0x30, 0x01, 0x49,
  0x68, 0xb9, 0x00, 0x0a, 0x00, 0x14, 0x49, 0x68, 0x61, 0xb0, 0x40, 0x52,
  0x58, 0x38, 0x11, 0x37, 0xb9, 0x00, 0x14, 0xff, 0xc0, 0x38, 0x59, 0x01,
  0x23, 0x15, 0x33, 0x01, 0x15, 0x23, 0x15, 0x33, 0x15, 0x21, 0x11, 0x33,
  0x35, 0x01, 0x35, 0x33, 0x35, 0x23, 0x15, 0x01, 0x77, 0xfa, 0xfa, 0x01,
  0xf4, 0x7d, 0x7d, 0xfc, 0x95, 0x7d, 0x01, 0xf4, 0x7d, 0xfa, 0x01, 0x72,
  0xf0, 0x01, 0x72, 0xfa, 0x7d, 0x7d, 0x01, 0x77, 0x7d, 0xfe, 0x8e, 0x7d,
  0x73, 0xf0, 0x00, 0x02, 0x00, 0x00, 0x00, 0x00, 0x01, 0xf4, 0x01, 0xf4,
  0x00, 0x03, 0x00, 0x0b, 0x00, 0x5f, 0x40, 0x23, 0x01, 0x0c, 0x0c, 0x40,
  0x0d, 0x02, 0x0b, 0x0a, 0x09, 0x08, 0x07, 0x06, 0x05, 0x04, 0x0b, 0x0a,
  0x09, 0x08, 0x07, 0x06, 0x05, 0x04, 0x03, 0x02, 0x01, 0x00, 0x02, 0x01,
  0x02, 0x03, 0x00, 0x01, 0x01, 0x00, 0x46, 0x76, 0x2f, 0x37, 0x18, 0x00,
  0x3f, 0x3c, 0x3f, 0x3c, 0x01, 0x2e, 0x2e, 0x2e, 0x2e, 0x2e, 0x2e, 0x2e,
  0x2e, 0x2e, 0x2e, 0x2e, 0x2e, 0x00, 0x2e, 0x2e, 0x2e, 0x2e, 0x2e, 0x2e,
  0x2e, 0x2e, 0x31, 0x30, 0x01, 0x49, 0x68, 0xb9, 0x00, 0x00, 0x00, 0x0c,
  0x49, 0x68, 0x61, 0xb0, 0x40, 0x52, 0x58, 0x38, 0x11, 0x37, 0xb9, 0x00,
  0x0c, 0xff, 0xc0, 0x38, 0x59, 0x31, 0x11, 0x21, 0x11, 0x27, 0x23, 0x35,
  0x23, 0x15, 0x33, 0x15, 0x33, 0x01, 0xf4, 0x7d, 0x7d, 0x7d, 0x7d, 0x7d,
  0x01, 0xf4, 0xfe, 0x0c, 0xfa, 0x7d, 0x7d, 0x7d, 0x00, 0x02, 0x00, 0x00,
  0x00, 0x00, 0x01, 0xf4, 0x02, 0x71, 0x00, 0x07, 0x00, 0x0b, 0x00, 0x5f,
  0x40, 0x23, 0x01, 0x0c, 0x0c, 0x40, 0x0d, 0x04, 0x0a, 0x09, 0x07, 0x04,
  0x03, 0x02, 0x01, 0x00, 0x0b, 0x0a, 0x09, 0x08, 0x07, 0x06, 0x05, 0x04,
  0x03, 0x02, 0x01, 0x00, 0x0b, 0x08, 0x03, 0x06, 0x05, 0x01, 0x01, 0x06,
  0x46, 0x76, 0x2f, 0x37, 0x18, 0x00, 0x3f, 0x3c, 0x3f, 0x3c, 0x01, 0x2e,
  0x2e, 0x2e, 0x2e, 0x2e, 0x2e, 0x2e, 0x2e, 0x2e, 0x2e, 0x2e, 0x2e, 0x00,
  0x2e, 0x2e, 0x2e, 0x2e, 0x2e, 0x2e, 0x2e, 0x2e, 0x31, 0x30, 0x01, 0x49,
  0x68, 0xb9, 0x00, 0x06, 0x00, 0x0c, 0x49, 0x68, 0x61, 0xb0, 0x40, 0x52,
  0x58, 0x38, 0x11, 0x37, 0xb9, 0x00, 0x0c, 0xff, 0xc0, 0x38, 0x59, 0x01,
  0x15, 0x23, 0x15, 0x21, 0x15, 0x21, 0x11, 0x25, 0x15, 0x23, 0x35, 0x01,
  0x77, 0xfa, 0x01, 0x77, 0xfe, 0x0c, 0x01, 0x77, 0x7d, 0x01, 0x77, 0x7d,
  0x7d, 0x7d, 0x01, 0x77, 0xfa, 0x7d, 0x7d, 0x00, 0x00, 0x02, 0x00, 0x00,
  0x00, 0x00, 0x00, 0x7d, 0x02, 0x71, 0x00, 0x03, 0x00, 0x07, 0x00, 0x4f,
  0x40, 0x1b, 0x01, 0x08, 0x08, 0x40, 0x09, 0x00, 0x06, 0x05, 0x01, 0x00,
  0x07, 0x06, 0x05, 0x04, 0x03, 0x02, 0x01, 0x00, 0x07, 0x04, 0x01, 0x03,
  0x02, 0x03, 0x01, 0x01, 0x46, 0x76, 0x2f, 0x37, 0x18, 0x00, 0x3f, 0x3c,
  0x3f, 0x3c, 0x01, 0x2e, 0x2e, 0x2e, 0x2e, 0x2e, 0x2e, 0x2e, 0x2e, 0x00,
  0x2e, 0x2e, 0x2e, 0x2e, 0x31, 0x30, 0x01, 0x49, 0x68, 0xb9, 0x00, 0x01,
  0x00, 0x08, 0x49, 0x68, 0x61, 0xb0, 0x40, 0x52, 0x58, 0x38, 0x11, 0x37,
  0xb9, 0x00, 0x08, 0xff, 0xc0, 0x38, 0x59, 0x13, 0x23, 0x35, 0x33, 0x03,
  0x11, 0x33, 0x11, 0x7d, 0x7d, 0x7d, 0x7d, 0x7d, 0x01, 0xf4, 0x7d, 0xfd,
  0x8f, 0x01, 0x77, 0xfe, 0x89, 0x00, 0x00, 0x01, 0x00, 0x00, 0x00, 0x00,
  0x02, 0x71, 0x01, 0x77, 0x00, 0x05, 0x00, 0x4a, 0x40, 0x19, 0x01, 0x06,
  0x06, 0x40, 0x07, 0x00, 0x05, 0x04, 0x03, 0x02, 0x04, 0x01, 0x00, 0x04,
  0x03, 0x06, 0x00, 0x05, 0x00, 0x02, 0x01, 0x01, 0x01, 0x04, 0x46, 0x76,
  0x2f, 0x37, 0x18, 0x00, 0x3f, 0x3c, 0x2f, 0x3c, 0x10, 0xfd, 0x3c, 0x01,
  0x2f, 0x3c, 0xfd, 0x3c, 0x2e, 0x2e, 0x00, 0x31, 0x30, 0x01, 0x49, 0x68,
  0xb9, 0x00, 0x04, 0x00, 0x06, 0x49, 0x68, 0x61, 0xb0, 0x40, 0x52, 0x58,
  0x38, 0x11, 0x37, 0xb9, 0x00, 0x06, 0xff, 0xc0, 0x38, 0x59, 0x01, 0x11,
  0x23, 0x35, 0x21, 0x35, 0x02, 0x71, 0x7d, 0xfe, 0x0c, 0x01, 0x77, 0xfe,
  0x89, 0xfa, 0x7d, 0x00, 0x00, 0x01, 0xff, 0x83, 0xff, 0x83, 0x00, 0xfa,
  0x02, 0xee, 0x00, 0x0b, 0x00, 0x6b, 0x40, 0x2d, 0x01, 0x0c, 0x0c, 0x40,
  0x0d, 0x03, 0x08, 0x07, 0x04, 0x03, 0x03, 0x05, 0x01, 0x0b, 0x00, 0x05,
  0x05, 0x0a, 0x09, 0x06, 0x03, 0x05, 0x04, 0x02, 0x01, 0x05, 0x04, 0x06,
  0x02, 0x07, 0x06, 0x06, 0x09, 0x08, 0x01, 0x00, 0x06, 0x0a, 0x03, 0x02,
  0x0b, 0x0a, 0x01, 0x00, 0x46, 0x76, 0x2f, 0x37, 0x18, 0x00, 0x2f, 0x3c,
  0x2f, 0x3c, 0x10, 0xfd, 0x3c, 0x2f, 0x3c, 0xfd, 0x3c, 0x10, 0xfd, 0x3c,
  0x01, 0x2f, 0x3c, 0xfd, 0x17, 0x3c, 0x10, 0xfd, 0x3c, 0x10, 0xfd, 0x17,
  0x3c, 0x00, 0x31, 0x30, 0x01, 0x49, 0x68, 0xb9, 0x00, 0x00, 0x00, 0x0c,
  0x49, 0x68, 0x61, 0xb0, 0x40, 0x52, 0x58, 0x38, 0x11, 0x37, 0xb9, 0x00,
  0x0c, 0xff, 0xc0, 0x38, 0x59, 0x23, 0x33, 0x11, 0x33, 0x15, 0x23, 0x15,
  0x33, 0x15, 0x23, 0x11, 0x23, 0x7d, 0x7d, 0xfa, 0x7d, 0x7d, 0x7d, 0xfa,
  0x02, 0xee, 0x7d, 0xfa, 0x7d, 0xfe, 0x89, 0x00, 0x00, 0x02, 0x00, 0x00,
  0x00, 0x7d, 0x02, 0x71, 0x01, 0xf4, 0x00, 0x0b, 0x00, 0x17, 0x00, 0x8e,
  0x40, 0x3c, 0x01, 0x18, 0x18, 0x40, 0x19, 0x0e, 0x17, 0x16, 0x15, 0x12,
  0x11, 0x10, 0x0f, 0x0c, 0x0b, 0x0a, 0x09, 0x06, 0x05, 0x04, 0x03, 0x00,
  0x17, 0x16, 0x15, 0x14, 0x13, 0x12, 0x11, 0x10, 0x0f, 0x0e, 0x0d, 0x0c,
  0x0b, 0x0a, 0x09, 0x08, 0x07, 0x06, 0x05, 0x04, 0x03, 0x02, 0x01, 0x00,
  0x14, 0x13, 0x08, 0x03, 0x07, 0x0e, 0x0d, 0x02, 0x03, 0x01, 0x02, 0x01,
  0x0a, 0x46, 0x76, 0x2f, 0x37, 0x18, 0x00, 0x3f, 0x17, 0x3c, 0x2f, 0x17,
  0x3c, 0x01, 0x2e, 0x2e, 0x2e, 0x2e, 0x2e, 0x2e, 0x2e, 0x2e, 0x2e, 0x2e,
  0x2e, 0x2e, 0x2e, 0x2e, 0x2e, 0x2e, 0x2e, 0x2e, 0x2e, 0x2e, 0x2e, 0x2e,
  0x2e, 0x2e, 0x00, 0x2e, 0x2e, 0x2e, 0x2e, 0x2e, 0x2e, 0x2e, 0x2e, 0x2e,
  0x2e, 0x2e, 0x2e, 0x2e, 0x2e, 0x2e, 0x2e, 0x31, 0x30, 0x01, 0x49, 0x68,
  0xb9, 0x00, 0x0a, 0x00, 0x18, 0x49, 0x68, 0x61, 0xb0, 0x40, 0x52, 0x58,
  0x38, 0x11, 0x37, 0xb9, 0x00, 0x18, 0xff, 0xc0, 0x38, 0x59, 0x13, 0x35,
  0x33, 0x15, 0x23, 0x15, 0x33, 0x15, 0x23, 0x35, 0x23, 0x35, 0x21, 0x35,
  0x33, 0x15, 0x23, 0x15, 0x33, 0x15, 0x23, 0x35, 0x23, 0x35, 0x7d, 0x7d,
  0x7d, 0x7d, 0x7d, 0x7d, 0x01, 0xf4, 0x7d, 0x7d, 0x7d, 0x7d, 0x7d, 0x01,
  0x77, 0x7d, 0x7d, 0x7d, 0x7d, 0x7d, 0x7d, 0x7d, 0x7d, 0x7d, 0x7d, 0x7d,
  0x7d, 0x00, 0x00, 0x02, 0x00, 0x00, 0x00, 0x7d, 0x02, 0x71, 0x01, 0xf4,
  0x00, 0x0b, 0x00, 0x17, 0x00, 0x8e, 0x40, 0x3c, 0x01, 0x18, 0x18, 0x40,
  0x19, 0x01, 0x15, 0x14, 0x13, 0x12, 0x0f, 0x0e, 0x0d, 0x0c, 0x09, 0x08,
  0x07, 0x06, 0x03, 0x02, 0x01, 0x00, 0x17, 0x16, 0x15, 0x14, 0x13, 0x12,
  0x11, 0x10, 0x0f, 0x0e, 0x0d, 0x0c, 0x0b, 0x0a, 0x09, 0x08, 0x07, 0x06,
  0x05, 0x04, 0x03, 0x02, 0x01, 0x00, 0x11, 0x10, 0x05, 0x03, 0x04, 0x17,
  0x16, 0x0b, 0x03, 0x0a, 0x02, 0x01, 0x11, 0x46, 0x76, 0x2f, 0x37, 0x18,
  0x00, 0x3f, 0x17, 0x3c, 0x2f, 0x17, 0x3c, 0x01, 0x2e, 0x2e, 0x2e, 0x2e,
  0x2e, 0x2e, 0x2e, 0x2e, 0x2e, 0x2e, 0x2e, 0x2e, 0x2e, 0x2e, 0x2e, 0x2e,
  0x2e, 0x2e, 0x2e, 0x2e, 0x2e, 0x2e, 0x2e, 0x2e, 0x00, 0x2e, 0x2e, 0x2e,
  0x2e, 0x2e, 0x2e, 0x2e, 0x2e, 0x2e, 0x2e, 0x2e, 0x2e, 0x2e, 0x2e, 0x2e,
  0x2e, 0x31, 0x30, 0x01, 0x49, 0x68, 0xb9, 0x00, 0x11, 0x00, 0x18, 0x49,
  0x68, 0x61, 0xb0, 0x40, 0x52, 0x58, 0x38, 0x11, 0x37, 0xb9, 0x00, 0x18,
  0xff, 0xc0, 0x38, 0x59, 0x01, 0x33, 0x15, 0x23, 0x15, 0x23, 0x35, 0x33,
  0x35, 0x23, 0x35, 0x33, 0x05, 0x33, 0x15, 0x23, 0x15, 0x23, 0x35, 0x33,
  0x35, 0x23, 0x35, 0x33, 0x01, 0xf4, 0x7d, 0x7d, 0x7d, 0x7d, 0x7d, 0x7d,
  0xfe, 0x89, 0x7d, 0x7d, 0x7d, 0x7d, 0x7d, 0x7d, 0x01, 0x77, 0x7d, 0x7d,
  0x7d, 0x7d, 0x7d, 0x7d, 0x7d, 0x7d, 0x7d, 0x7d, 0x7d, 0x00, 0x00, 0x03,
  0x00, 0x00, 0x00, 0x00, 0x02, 0x71, 0x00, 0x7d, 0x00, 0x03, 0x00, 0x07,
  0x00, 0x0b, 0x00, 0x5a, 0x40, 0x24, 0x01, 0x0c, 0x0c, 0x40, 0x0d, 0x09,
  0x0b, 0x0a, 0x09, 0x08, 0x07, 0x06, 0x05, 0x04, 0x03, 0x02, 0x01, 0x00,
  0x09, 0x08, 0x05, 0x04, 0x01, 0x05, 0x00, 0x0b, 0x0a, 0x07, 0x06, 0x03,
  0x05, 0x02, 0x01, 0x01, 0x00, 0x46, 0x76, 0x2f, 0x37, 0x18, 0x00, 0x3f,
  0x17, 0x3c, 0x2f, 0x17, 0x3c, 0x01, 0x2e, 0x2e, 0x2e, 0x2e, 0x2e, 0x2e,
  0x2e, 0x2e, 0x2e, 0x2e, 0x2e, 0x2e, 0x00, 0x31, 0x30, 0x01, 0x49, 0x68,
  0xb9, 0x00, 0x00, 0x00, 0x0c, 0x49, 0x68, 0x61, 0xb0, 0x40, 0x52, 0x58,
  0x38, 0x11, 0x37, 0xb9, 0x00, 0x0c, 0xff, 0xc0, 0x38, 0x59, 0x35, 0x33,
  0x15, 0x23, 0x37, 0x33, 0x15, 0x23, 0x37, 0x33, 0x15, 0x23, 0x7d, 0x7d,
  0xfa, 0x7d, 0x7d, 0xfa, 0x7d, 0x7d, 0x7d, 0x7d, 0x7d, 0x7d, 0x7d, 0x7d,
  0x00, 0x03, 0x00, 0x00, 0x00, 0x00, 0x02, 0x71, 0x03, 0xe8, 0x00, 0x07,
  0x00, 0x0f, 0x00, 0x13, 0x00, 0x7f, 0x40, 0x34, 0x01, 0x14, 0x14, 0x40,
  0x15, 0x09, 0x13, 0x12, 0x11, 0x10, 0x0d, 0x0c, 0x05, 0x04, 0x03, 0x02,
  0x01, 0x00, 0x13, 0x12, 0x11, 0x10, 0x0f, 0x0e, 0x0d, 0x0c, 0x0b, 0x0a,
  0x09, 0x08, 0x07, 0x06, 0x05, 0x04, 0x03, 0x02, 0x01, 0x00, 0x07, 0x06,
  0x0f, 0x0e, 0x0b, 0x03, 0x0a, 0x01, 0x09, 0x08, 0x03, 0x01, 0x08, 0x46,
  0x76, 0x2f, 0x37, 0x18, 0x00, 0x3f, 0x3c, 0x3f, 0x17, 0x3c, 0x2f, 0x3c,
  0x01, 0x2e, 0x2e, 0x2e, 0x2e, 0x2e, 0x2e, 0x2e, 0x2e, 0x2e, 0x2e, 0x2e,
  0x2e, 0x2e, 0x2e, 0x2e, 0x2e, 0x2e, 0x2e, 0x2e, 0x2e, 0x00, 0x2e, 0x2e,
  0x2e, 0x2e, 0x2e, 0x2e, 0x2e, 0x2e, 0x2e, 0x2e, 0x2e, 0x2e, 0x31, 0x30,
  0x01, 0x49, 0x68, 0xb9, 0x00, 0x08, 0x00, 0x14, 0x49, 0x68, 0x61, 0xb0,
  0x40, 0x52, 0x58, 0x38, 0x11, 0x37, 0xb9, 0x00, 0x14, 0xff, 0xc0, 0x38,
  0x59, 0x13, 0x33, 0x15, 0x23, 0x35, 0x23, 0x35, 0x33, 0x03, 0x21, 0x11,
  0x23, 0x35, 0x21, 0x15, 0x23, 0x01, 0x35, 0x21, 0x15, 0xfa, 0x7d, 0x7d,
  0x7d, 0x7d, 0xfa, 0x02, 0x71, 0x7d, 0xfe, 0x89, 0x7d, 0x01, 0xf4, 0xfe,
  0x89, 0x03, 0x6b, 0x7d, 0x7d, 0x7d, 0xfe, 0x89, 0xfd, 0x8f, 0xfa, 0xfa,
  0x01, 0x77, 0x7d, 0x7d, 0x00, 0x03, 0x00, 0x00, 0x00, 0x00, 0x02, 0x71,
  0x03, 0xe9, 0x00, 0x0f, 0x00, 0x17, 0x00, 0x1b, 0x00, 0x9f, 0x40, 0x45,
  0x01, 0x1c, 0x1c, 0x40, 0x1d, 0x01, 0x1b, 0x1a, 0x19, 0x18, 0x15, 0x14,
  0x0f, 0x0e, 0x0b, 0x0a, 0x09, 0x08, 0x07, 0x06, 0x05, 0x04, 0x03, 0x02,
  0x1b, 0x1a, 0x19, 0x18, 0x17, 0x16, 0x15, 0x14, 0x13, 0x12, 0x11, 0x10,
  0x0f, 0x0e, 0x0d, 0x0c, 0x0b, 0x0a, 0x09, 0x08, 0x07, 0x06, 0x05, 0x04,
  0x03, 0x02, 0x01, 0x00, 0x0d, 0x0c, 0x01, 0x03, 0x00, 0x17, 0x16, 0x13,
  0x03, 0x12, 0x01, 0x11, 0x10, 0x03, 0x01, 0x10, 0x46, 0x76, 0x2f, 0x37,
  0x18, 0x00, 0x3f, 0x3c, 0x3f, 0x17, 0x3c, 0x2f, 0x17, 0x3c, 0x01, 0x2e,
  0x2e, 0x2e, 0x2e, 0x2e, 0x2e, 0x2e, 0x2e, 0x2e, 0x2e, 0x2e, 0x2e, 0x2e,
  0x2e, 0x2e, 0x2e, 0x2e, 0x2e, 0x2e, 0x2e, 0x2e, 0x2e, 0x2e, 0x2e, 0x2e,
  0x2e, 0x2e, 0x2e, 0x00, 0x2e, 0x2e, 0x2e, 0x2e, 0x2e, 0x2e, 0x2e, 0x2e,
  0x2e, 0x2e, 0x2e, 0x2e, 0x2e, 0x2e, 0x2e, 0x2e, 0x2e, 0x2e, 0x31, 0x30,
  0x01, 0x49, 0x68, 0xb9, 0x00, 0x10, 0x00, 0x1c, 0x49, 0x68, 0x61, 0xb0,
  0x40, 0x52, 0x58, 0x38, 0x11, 0x37, 0xb9, 0x00, 0x1c, 0xff, 0xc0, 0x38,
  0x59, 0x01, 0x33, 0x15, 0x23, 0x15, 0x23, 0x35, 0x23, 0x15, 0x23, 0x35,
  0x33, 0x35, 0x33, 0x15, 0x33, 0x05, 0x21, 0x11, 0x23, 0x35, 0x21, 0x15,
  0x23, 0x01, 0x35, 0x21, 0x15, 0x01, 0xf4, 0x7d, 0x7d, 0x7d, 0x7d, 0x7d,
  0x7d, 0x7d, 0x7d, 0xfe, 0x0c, 0x02, 0x71, 0x7d, 0xfe, 0x89, 0x7d, 0x01,
  0xf4, 0xfe, 0x89, 0x03, 0xe9, 0x7d, 0x7d, 0x7d, 0x7d, 0x7d, 0x7d, 0x7d,
  0xfb, 0xfd, 0x8f, 0xfa, 0xfa, 0x01, 0x77, 0x7d, 0x7d, 0x00, 0x00, 0x03,
  0x00, 0x00, 0x00, 0x00, 0x02, 0x71, 0x03, 0xe9, 0x00, 0x0f, 0x00, 0x13,
  0x00, 0x17, 0x00, 0x8f, 0x40, 0x3c, 0x01, 0x18, 0x18, 0x40, 0x19, 0x01,
  0x17, 0x16, 0x15, 0x14, 0x0f, 0x0e, 0x0b, 0x0a, 0x09, 0x08, 0x07, 0x06,
  0x05, 0x04, 0x03, 0x02, 0x17, 0x16, 0x15, 0x14, 0x13, 0x12, 0x11, 0x10,
  0x0f, 0x0e, 0x0d, 0x0c, 0x0b, 0x0a, 0x09, 0x08, 0x07, 0x06, 0x05, 0x04,
  0x03, 0x02, 0x01, 0x00, 0x0d, 0x0c, 0x01, 0x03, 0x00, 0x12, 0x11, 0x01,
  0x13, 0x10, 0x03, 0x01, 0x12, 0x46, 0x76, 0x2f, 0x37, 0x18, 0x00, 0x3f,
  0x3c, 0x3f, 0x3c, 0x2f, 0x17, 0x3c, 0x01, 0x2e, 0x2e, 0x2e, 0x2e, 0x2e,
  0x2e, 0x2e, 0x2e, 0x2e, 0x2e, 0x2e, 0x2e, 0x2e, 0x2e, 0x2e, 0x2e, 0x2e,
  0x2e, 0x2e, 0x2e, 0x2e, 0x2e, 0x2e, 0x2e, 0x00, 0x2e, 0x2e, 0x2e, 0x2e,
  0x2e, 0x2e, 0x2e, 0x2e, 0x2e, 0x2e, 0x2e, 0x2e, 0x2e, 0x2e, 0x2e, 0x2e,
  0x31, 0x30, 0x01, 0x49, 0x68, 0xb9, 0x00, 0x12, 0x00, 0x18, 0x49, 0x68,
  0x61, 0xb0, 0x40, 0x52, 0x58, 0x38, 0x11, 0x37, 0xb9, 0x00, 0x18, 0xff,
  0xc0, 0x38, 0x59, 0x01, 0x33, 0x15, 0x23, 0x15, 0x23, 0x35, 0x23, 0x15,
  0x23, 0x35, 0x33, 0x35, 0x33, 0x15, 0x33, 0x17, 0x11, 0x21, 0x11, 0x01,
  0x11, 0x21, 0x11, 0x01, 0xf4, 0x7d, 0x7d, 0x7d, 0x7d, 0x7d, 0x7d, 0x7d,
  0x7d, 0x7d, 0xfd, 0x8f, 0x01, 0xf4, 0xfe, 0x89, 0x03, 0xe9, 0x7d, 0x7d,
  0x7d, 0x7d, 0x7d, 0x7d, 0x7d, 0xfb, 0xfd, 0x8f, 0x02, 0x71, 0xfe, 0x0c,
  0x01, 0x77, 0xfe, 0x89, 0x00, 0x02, 0x00, 0x00, 0x00, 0x00, 0x04, 0x64,
  0x02, 0x71, 0x00, 0x03, 0x00, 0x0f, 0x00, 0x6f, 0x40, 0x2b, 0x01, 0x10,
  0x10, 0x40, 0x11, 0x04, 0x0b, 0x0a, 0x09, 0x08, 0x07, 0x06, 0x05, 0x04,
  0x03, 0x02, 0x01, 0x00, 0x0f, 0x0e, 0x0d, 0x0c, 0x0b, 0x0a, 0x09, 0x08,
  0x07, 0x06, 0x05, 0x04, 0x03, 0x02, 0x01, 0x00, 0x0f, 0x0e, 0x03, 0x0d,
  0x0c, 0x01, 0x01, 0x0d, 0x46, 0x76, 0x2f, 0x37, 0x18, 0x00, 0x3f, 0x3c,
  0x3f, 0x3c, 0x01, 0x2e, 0x2e, 0x2e, 0x2e, 0x2e, 0x2e, 0x2e, 0x2e, 0x2e,
  0x2e, 0x2e, 0x2e, 0x2e, 0x2e, 0x2e, 0x2e, 0x00, 0x2e, 0x2e, 0x2e, 0x2e,
  0x2e, 0x2e, 0x2e, 0x2e, 0x2e, 0x2e, 0x2e, 0x2e, 0x31, 0x30, 0x01, 0x49,
  0x68, 0xb9, 0x00, 0x0d, 0x00, 0x10, 0x49, 0x68, 0x61, 0xb0, 0x40, 0x52,
  0x58, 0x38, 0x11, 0x37, 0xb9, 0x00, 0x10, 0xff, 0xc0, 0x38, 0x59, 0x25,
  0x11, 0x21, 0x11, 0x01, 0x21, 0x15, 0x21, 0x15, 0x21, 0x15, 0x21, 0x15,
  0x21, 0x11, 0x21, 0x01, 0xf3, 0xfe, 0x8a, 0x03, 0xe7, 0xfe, 0x0d, 0x01,
  0x76, 0xfe, 0x8a, 0x01, 0xf3, 0xfb, 0x9c, 0x04, 0x64, 0x7d, 0x01, 0x77,
  0xfe, 0x89, 0x01, 0x77, 0x7d, 0x7d, 0x7d, 0x7d, 0x02, 0x71, 0x00, 0x03,
  0x00, 0x00, 0x00, 0x00, 0x03, 0x6b, 0x01, 0xf4, 0x00, 0x03, 0x00, 0x0b,
  0x00, 0x11, 0x00, 0x77, 0x40, 0x2f, 0x01, 0x12, 0x12, 0x40, 0x13, 0x04,
  0x11, 0x10, 0x0f, 0x0e, 0x0d, 0x0c, 0x08, 0x07, 0x06, 0x05, 0x03, 0x02,
  0x01, 0x00, 0x11, 0x10, 0x0f, 0x0e, 0x0d, 0x0c, 0x0b, 0x0a, 0x09, 0x08,
  0x07, 0x06, 0x05, 0x04, 0x03, 0x02, 0x01, 0x00, 0x0a, 0x09, 0x01, 0x0b,
  0x04, 0x02, 0x01, 0x0a, 0x46, 0x76, 0x2f, 0x37, 0x18, 0x00, 0x3f, 0x3c,
  0x3f, 0x3c, 0x01, 0x2e, 0x2e, 0x2e, 0x2e, 0x2e, 0x2e, 0x2e, 0x2e, 0x2e,
  0x2e, 0x2e, 0x2e, 0x2e, 0x2e, 0x2e, 0x2e, 0x2e, 0x2e, 0x00, 0x2e, 0x2e,
  0x2e, 0x2e, 0x2e, 0x2e, 0x2e, 0x2e, 0x2e, 0x2e, 0x2e, 0x2e, 0x2e, 0x2e,
  0x31, 0x30, 0x01, 0x49, 0x68, 0xb9, 0x00, 0x0a, 0x00, 0x12, 0x49, 0x68,
  0x61, 0xb0, 0x40, 0x52, 0x58, 0x38, 0x11, 0x37, 0xb9, 0x00, 0x12, 0xff,
  0xc0, 0x38, 0x59, 0x01, 0x23, 0x15, 0x33, 0x01, 0x15, 0x23, 0x15, 0x33,
  0x15, 0x21, 0x11, 0x01, 0x35, 0x33, 0x35, 0x23, 0x15, 0x01, 0x77, 0xfa,
  0xfa, 0x01, 0xf4, 0x7d, 0x7d, 0xfc, 0x95, 0x02, 0x71, 0x7d, 0xfa, 0x01,
  0x72, 0xf0, 0x01, 0x72, 0xfa, 0x7d, 0x7d, 0x01, 0xf4, 0xfe, 0x8e, 0x7d,
  0x73, 0xf0, 0x00, 0x01, 0x00, 0x00, 0x00, 0xfa, 0x01, 0x77, 0x01, 0x77,
  0x00, 0x03, 0x00, 0x3d, 0x40, 0x11, 0x01, 0x04, 0x04, 0x40, 0x05, 0x00,
  0x03, 0x02, 0x01, 0x00, 0x03, 0x02, 0x01, 0x00, 0x01, 0x01, 0x46, 0x76,
  0x2f, 0x37, 0x18, 0x00, 0x2f, 0x3c, 0x2f, 0x3c, 0x01, 0x2e, 0x2e, 0x2e,
  0x2e, 0x00, 0x31, 0x30, 0x01, 0x49, 0x68, 0xb9, 0x00, 0x01, 0x00, 0x04,
  0x49, 0x68, 0x61, 0xb0, 0x40, 0x52, 0x58, 0x38, 0x11, 0x37, 0xb9, 0x00,
  0x04, 0xff, 0xc0, 0x38, 0x59, 0x25, 0x21, 0x35, 0x21, 0x01, 0x77, 0xfe,
  0x89, 0x01, 0x77, 0xfa, 0x7d, 0x00, 0x00, 0x01, 0x00, 0x00, 0x00, 0xfa,
  0x01, 0xf4, 0x01, 0x77, 0x00, 0x03, 0x00, 0x3d, 0x40, 0x11, 0x01, 0x04,
  0x04, 0x40, 0x05, 0x00, 0x03, 0x02, 0x01, 0x00, 0x03, 0x02, 0x01, 0x00,
  0x01, 0x01, 0x46, 0x76, 0x2f, 0x37, 0x18, 0x00, 0x2f, 0x3c, 0x2f, 0x3c,
  0x01, 0x2e, 0x2e, 0x2e, 0x2e, 0x00, 0x31, 0x30, 0x01, 0x49, 0x68, 0xb9,
  0x00, 0x01, 0x00, 0x04, 0x49, 0x68, 0x61, 0xb0, 0x40, 0x52, 0x58, 0x38,
  0x11, 0x37, 0xb9, 0x00, 0x04, 0xff, 0xc0, 0x38, 0x59, 0x25, 0x21, 0x35,
  0x21, 0x01, 0xf4, 0xfe, 0x0c, 0x01, 0xf4, 0xfa, 0x7d, 0x00, 0x00, 0x02,
  0x00, 0x00, 0x01, 0x77, 0x01, 0x77, 0x02, 0x71, 0x00, 0x03, 0x00, 0x07,
  0x00, 0x4e, 0x40, 0x1c, 0x01, 0x08, 0x08, 0x40, 0x09, 0x00, 0x07, 0x06,
  0x05, 0x04, 0x03, 0x02, 0x01, 0x00, 0x05, 0x04, 0x02, 0x03, 0x01, 0x07,
  0x06, 0x03, 0x03, 0x00, 0x03, 0x01, 0x05, 0x46, 0x76, 0x2f, 0x37, 0x18,
  0x00, 0x3f, 0x17, 0x3c, 0x2f, 0x17, 0x3c, 0x01, 0x2e, 0x2e, 0x2e, 0x2e,
  0x2e, 0x2e, 0x2e, 0x2e, 0x00, 0x31, 0x30, 0x01, 0x49, 0x68, 0xb9, 0x00,
  0x05, 0x00, 0x08, 0x49, 0x68, 0x61, 0xb0, 0x40, 0x52, 0x58, 0x38, 0x11,
  0x37, 0xb9, 0x00, 0x08, 0xff, 0xc0, 0x38, 0x59, 0x01, 0x15, 0x23, 0x35,
  0x07, 0x23, 0x35, 0x33, 0x01, 0x77, 0x7d, 0x7d, 0x7d, 0x7d, 0x02, 0x71,
  0xfa, 0xfa, 0xfa, 0xfa, 0x00, 0x02, 0x00, 0x00, 0x01, 0x77, 0x01, 0x77,
  0x02, 0x71, 0x00, 0x03, 0x00, 0x07, 0x00, 0x4e, 0x40, 0x1c, 0x01, 0x08,
  0x08, 0x40, 0x09, 0x00, 0x07, 0x06, 0x05, 0x04, 0x03, 0x02, 0x01, 0x00,
  0x05, 0x04, 0x02, 0x03, 0x01, 0x07, 0x06, 0x03, 0x03, 0x00, 0x03, 0x01,
  0x05, 0x46, 0x76, 0x2f, 0x37, 0x18, 0x00, 0x3f, 0x17, 0x3c, 0x2f, 0x17,
  0x3c, 0x01, 0x2e, 0x2e, 0x2e, 0x2e, 0x2e, 0x2e, 0x2e, 0x2e, 0x00, 0x31,
  0x30, 0x01, 0x49, 0x68, 0xb9, 0x00, 0x05, 0x00, 0x08, 0x49, 0x68, 0x61,
  0xb0, 0x40, 0x52, 0x58, 0x38, 0x11, 0x37, 0xb9, 0x00, 0x08, 0xff, 0xc0,
  0x38, 0x59, 0x01, 0x15, 0x23, 0x35, 0x07, 0x23, 0x35, 0x33, 0x01, 0x77,
  0x7d, 0x7d, 0x7d, 0x7d, 0x02, 0x71, 0xfa, 0xfa, 0xfa, 0xfa, 0x00, 0x01,
  0x00, 0x00, 0x01, 0x77, 0x00, 0x7d, 0x02, 0x71, 0x00, 0x03, 0x00, 0x3e,
  0x40, 0x12, 0x01, 0x04, 0x04, 0x40, 0x05, 0x00, 0x03, 0x02, 0x01, 0x00,
  0x01, 0x00, 0x03, 0x02, 0x03, 0x01, 0x01, 0x46, 0x76, 0x2f, 0x37, 0x18,
  0x00, 0x3f, 0x3c, 0x2f, 0x3c, 0x01, 0x2e, 0x2e, 0x2e, 0x2e, 0x00, 0x31,
  0x30, 0x01, 0x49, 0x68, 0xb9, 0x00, 0x01, 0x00, 0x04, 0x49, 0x68, 0x61,
  0xb0, 0x40, 0x52, 0x58, 0x38, 0x11, 0x37, 0xb9, 0x00, 0x04, 0xff, 0xc0,
  0x38, 0x59, 0x13, 0x23, 0x35, 0x33, 0x7d, 0x7d, 0x7d, 0x01, 0x77, 0xfa,
  0x00, 0x01, 0x00, 0x00, 0x01, 0x77, 0x00, 0x7d, 0x02, 0x71, 0x00, 0x03,
  0x00, 0x3e, 0x40, 0x12, 0x01, 0x04, 0x04, 0x40, 0x05, 0x00, 0x03, 0x02,
  0x01, 0x00, 0x01, 0x00, 0x03, 0x02, 0x03, 0x01, 0x01, 0x46, 0x76, 0x2f,
  0x37, 0x18, 0x00, 0x3f, 0x3c, 0x2f, 0x3c, 0x01, 0x2e, 0x2e, 0x2e, 0x2e,
  0x00, 0x31, 0x30, 0x01, 0x49, 0x68, 0xb9, 0x00, 0x01, 0x00, 0x04, 0x49,
  0x68, 0x61, 0xb0, 0x40, 0x52, 0x58, 0x38, 0x11, 0x37, 0xb9, 0x00, 0x04,
  0xff, 0xc0, 0x38, 0x59, 0x13, 0x23, 0x35, 0x33, 0x7d, 0x7d, 0x7d, 0x01,
  0x77, 0xfa, 0x00, 0x03, 0x00, 0x00, 0x00, 0x00, 0x02, 0x71, 0x02, 0x71,
  0x00, 0x03, 0x00, 0x07, 0x00, 0x0b, 0x00, 0x5f, 0x40, 0x23, 0x01, 0x0c,
  0x0c, 0x40, 0x0d, 0x00, 0x0b, 0x0a, 0x05, 0x04, 0x03, 0x02, 0x01, 0x00,
  0x0b, 0x0a, 0x09, 0x08, 0x07, 0x06, 0x05, 0x04, 0x03, 0x02, 0x01, 0x00,
  0x09, 0x08, 0x01, 0x07, 0x06, 0x03, 0x01, 0x01, 0x46, 0x76, 0x2f, 0x37,
  0x18, 0x00, 0x3f, 0x3c, 0x3f, 0x3c, 0x01, 0x2e, 0x2e, 0x2e, 0x2e, 0x2e,
  0x2e, 0x2e, 0x2e, 0x2e, 0x2e, 0x2e, 0x2e, 0x00, 0x2e, 0x2e, 0x2e, 0x2e,
  0x2e, 0x2e, 0x2e, 0x2e, 0x31, 0x30, 0x01, 0x49, 0x68, 0xb9, 0x00, 0x01,
  0x00, 0x0c, 0x49, 0x68, 0x61, 0xb0, 0x40, 0x52, 0x58, 0x38, 0x11, 0x37,
  0xb9, 0x00, 0x0c, 0xff, 0xc0, 0x38, 0x59, 0x25, 0x21, 0x35, 0x21, 0x27,
  0x23, 0x35, 0x33, 0x11, 0x23, 0x35, 0x33, 0x02, 0x71, 0xfd, 0x8f, 0x02,
  0x71, 0xfa, 0x7d, 0x7d, 0x7d, 0x7d, 0xfa, 0x7d, 0x7d, 0x7d, 0xfd, 0x8f,
  0x7d, 0x00, 0x00, 0x03, 0x00, 0x00, 0xff, 0x06, 0x01, 0xf4, 0x02, 0xef,
  0x00, 0x03, 0x00, 0x07, 0x00, 0x13, 0x00, 0x87, 0x40, 0x43, 0x01, 0x14,
  0x14, 0x40, 0x15, 0x05, 0x0f, 0x0e, 0x02, 0x03, 0x01, 0x04, 0x0d, 0x0c,
  0x09, 0x08, 0x03, 0x05, 0x00, 0x11, 0x10, 0x0b, 0x0a, 0x07, 0x05, 0x04,
  0x04, 0x13, 0x12, 0x06, 0x03, 0x05, 0x07, 0x06, 0x03, 0x03, 0x02, 0x06,
  0x00, 0x10, 0x0f, 0x06, 0x0b, 0x0a, 0x09, 0x06, 0x08, 0x05, 0x04, 0x01,
  0x03, 0x00, 0x12, 0x11, 0x0e, 0x03, 0x0d, 0x02, 0x0c, 0x0b, 0x01, 0x13,
  0x08, 0x00, 0x01, 0x00, 0x46, 0x76, 0x2f, 0x37, 0x18, 0x00, 0x3f, 0x3c,
  0x3f, 0x3c, 0x3f, 0x17, 0x3c, 0x2f, 0x17, 0x3c, 0x10, 0xfd, 0x3c, 0x10,
  0xfd, 0x3c, 0x10, 0xfd, 0x17, 0x3c, 0x01, 0x2f, 0x17, 0x3c, 0xfd, 0x17,
  0x3c, 0x2f, 0x17, 0x3c, 0xfd, 0x17, 0x3c, 0x00, 0x31, 0x30, 0x01, 0x49,
  0x68, 0xb9, 0x00, 0x00, 0x00, 0x14, 0x49, 0x68, 0x61, 0xb0, 0x40, 0x52,
  0x58, 0x38, 0x11, 0x37, 0xb9, 0x00, 0x14, 0xff, 0xc0, 0x38, 0x59, 0x11,
  0x33, 0x15, 0x23, 0x25, 0x33, 0x15, 0x23, 0x01, 0x35, 0x21, 0x35, 0x21,
  0x11, 0x33, 0x11, 0x33, 0x11, 0x33, 0x11, 0x7d, 0x7d, 0x01, 0x77, 0x7d,
  0x7d, 0xfe, 0x89, 0x01, 0x77, 0xfe, 0x89, 0x7d, 0xfa, 0x7d, 0x02, 0xef,
  0x7d, 0x7c, 0x7d, 0xfc, 0x95, 0x7d, 0x7d, 0x01, 0xf4, 0xfe, 0x89, 0x01,
  0x77, 0xfd, 0x12, 0x00, 0x00, 0x03, 0x00, 0x00, 0x00, 0x00, 0x02, 0x71,
  0x03, 0x6b, 0x00, 0x03, 0x00, 0x07, 0x00, 0x13, 0x00, 0x88, 0x40, 0x42,
  0x01, 0x14, 0x14, 0x40, 0x15, 0x09, 0x12, 0x11, 0x03, 0x03, 0x00, 0x04,
  0x10, 0x0f, 0x01, 0x13, 0x08, 0x06, 0x03, 0x05, 0x04, 0x0a, 0x09, 0x0c,
  0x0b, 0x07, 0x03, 0x04, 0x04, 0x0e, 0x0d, 0x02, 0x03, 0x01, 0x07, 0x06,
  0x03, 0x03, 0x02, 0x06, 0x00, 0x13, 0x12, 0x06, 0x0f, 0x0e, 0x0b, 0x03,
  0x0a, 0x05, 0x04, 0x01, 0x03, 0x00, 0x0d, 0x0c, 0x01, 0x11, 0x10, 0x09,
  0x03, 0x08, 0x03, 0x01, 0x0f, 0x46, 0x76, 0x2f, 0x37, 0x18, 0x00, 0x3f,
  0x17, 0x3c, 0x3f, 0x3c, 0x2f, 0x17, 0x3c, 0x2f, 0x17, 0x3c, 0xfd, 0x3c,
  0x10, 0xfd, 0x17, 0x3c, 0x01, 0x2f, 0x17, 0x3c, 0xfd, 0x17, 0x3c, 0xdd,
  0x3c, 0xfd, 0x17, 0x3c, 0x10, 0xdd, 0x3c, 0xfd, 0x17, 0x3c, 0x00, 0x31,
  0x30, 0x01, 0x49, 0x68, 0xb9, 0x00, 0x0f, 0x00, 0x14, 0x49, 0x68, 0x61,
  0xb0, 0x40, 0x52, 0x58, 0x38, 0x11, 0x37, 0xb9, 0x00, 0x14, 0xff, 0xc0,
  0x38, 0x59, 0x13, 0x33, 0x15, 0x23, 0x37, 0x33, 0x15, 0x23, 0x17, 0x33,
  0x11, 0x23, 0x15, 0x23, 0x35, 0x23, 0x11, 0x33, 0x15, 0x21, 0x7d, 0x7d,
  0x7d, 0xfa, 0x7d, 0x7d, 0x7d, 0x7d, 0xfa, 0x7d, 0xfa, 0x7d, 0x01, 0x77,
  0x03, 0x6b, 0x7d, 0x7d, 0x7d, 0x7d, 0xfe, 0x89, 0xfa, 0xfa, 0x01, 0x77,
  0xfa, 0x00, 0x00, 0x01, 0x00, 0x00, 0x00, 0x00, 0x02, 0xee, 0x02, 0x71,
  0x00, 0x0f, 0x00, 0x77, 0x40, 0x35, 0x01, 0x10, 0x10, 0x40, 0x11, 0x04,
  0x0d, 0x0c, 0x09, 0x08, 0x05, 0x04, 0x01, 0x00, 0x0b, 0x0a, 0x07, 0x03,
  0x06, 0x04, 0x0f, 0x0e, 0x03, 0x03, 0x02, 0x06, 0x05, 0x06, 0x03, 0x08,
  0x07, 0x02, 0x03, 0x01, 0x06, 0x0f, 0x0a, 0x09, 0x03, 0x00, 0x0c, 0x0b,
  0x06, 0x0d, 0x0e, 0x0d, 0x01, 0x04, 0x03, 0x03, 0x01, 0x00, 0x46, 0x76,
  0x2f, 0x37, 0x18, 0x00, 0x3f, 0x3c, 0x3f, 0x3c, 0x10, 0xfd, 0x3c, 0x2f,
  0x17, 0x3c, 0xfd, 0x17, 0x3c, 0x10, 0xfd, 0x3c, 0x01, 0x2f, 0x17, 0x3c,
  0xfd, 0x17, 0x3c, 0x2e, 0x2e, 0x2e, 0x2e, 0x2e, 0x2e, 0x2e, 0x2e, 0x00,
  0x31, 0x30, 0x01, 0x49, 0x68, 0xb9, 0x00, 0x00, 0x00, 0x10, 0x49, 0x68,
  0x61, 0xb0, 0x40, 0x52, 0x58, 0x38, 0x11, 0x37, 0xb9, 0x00, 0x10, 0xff,
  0xc0, 0x38, 0x59, 0x3d, 0x01, 0x33, 0x35, 0x21, 0x15, 0x21, 0x15, 0x21,
  0x15, 0x21, 0x15, 0x21, 0x15, 0x21, 0x35, 0x7d, 0x02, 0x71, 0xfe, 0x0c,
  0x01, 0x77, 0xfe, 0x89, 0x01, 0xf4, 0xfd, 0x8f, 0xfa, 0x7d, 0xfa, 0x7d,
  0x7d, 0x7d, 0x7d, 0x7d, 0xfa, 0x00, 0x00, 0x01, 0x00, 0x00, 0x00, 0x7d,
  0x00, 0xfa, 0x01, 0xf4, 0x00, 0x0b, 0x00, 0x5e, 0x40, 0x22, 0x01, 0x0c,
  0x0c, 0x40, 0x0d, 0x01, 0x0b, 0x0a, 0x09, 0x08, 0x05, 0x04, 0x03, 0x02,
  0x0b, 0x0a, 0x09, 0x08, 0x07, 0x06, 0x05, 0x04, 0x03, 0x02, 0x01, 0x00,
  0x07, 0x06, 0x01, 0x00, 0x02, 0x01, 0x09, 0x46, 0x76, 0x2f, 0x37, 0x18,
  0x00, 0x3f, 0x3c, 0x2f, 0x3c, 0x01, 0x2e, 0x2e, 0x2e, 0x2e, 0x2e, 0x2e,
  0x2e, 0x2e, 0x2e, 0x2e, 0x2e, 0x2e, 0x00, 0x2e, 0x2e, 0x2e, 0x2e, 0x2e,
  0x2e, 0x2e, 0x2e, 0x31, 0x30, 0x01, 0x49, 0x68, 0xb9, 0x00, 0x09, 0x00,
  0x0c, 0x49, 0x68, 0x61, 0xb0, 0x40, 0x52, 0x58, 0x38, 0x11, 0x37, 0xb9,
  0x00, 0x0c, 0xff, 0xc0, 0x38, 0x59, 0x13, 0x33, 0x15, 0x23, 0x15, 0x33,
  0x15, 0x23, 0x35, 0x23, 0x35, 0x33, 0x7d, 0x7d, 0x7d, 0x7d, 0x7d, 0x7d,
  0x7d, 0x01, 0xf4, 0x7d, 0x7d, 0x7d, 0x7d, 0x7d, 0x00, 0x01, 0x00, 0x00,
  0x00, 0x7d, 0x00, 0xfa, 0x01, 0xf4, 0x00, 0x0b, 0x00, 0x5e, 0x40, 0x22,
  0x01, 0x0c, 0x0c, 0x40, 0x0d, 0x03, 0x0b, 0x0a, 0x09, 0x08, 0x05, 0x04,
  0x03, 0x02, 0x0b, 0x0a, 0x09, 0x08, 0x07, 0x06, 0x05, 0x04, 0x03, 0x02,
  0x01, 0x00, 0x07, 0x06, 0x01, 0x00, 0x02, 0x01, 0x00, 0x46, 0x76, 0x2f,
  0x37, 0x18, 0x00, 0x3f, 0x3c, 0x2f, 0x3c, 0x01, 0x2e, 0x2e, 0x2e, 0x2e,
  0x2e, 0x2e, 0x2e, 0x2e, 0x2e, 0x2e, 0x2e, 0x2e, 0x00, 0x2e, 0x2e, 0x2e,
  0x2e, 0x2e, 0x2e, 0x2e, 0x2e, 0x31, 0x30, 0x01, 0x49, 0x68, 0xb9, 0x00,
  0x00, 0x00, 0x0c, 0x49, 0x68, 0x61, 0xb0, 0x40, 0x52, 0x58, 0x38, 0x11,
  0x37, 0xb9, 0x00, 0x0c, 0xff, 0xc0, 0x38, 0x59, 0x11, 0x33, 0x15, 0x33,
  0x15, 0x23, 0x15, 0x23, 0x35, 0x33, 0x35, 0x23, 0x7d, 0x7d, 0x7d, 0x7d,
  0x7d, 0x7d, 0x01, 0xf4, 0x7d, 0x7d, 0x7d, 0x7d, 0x7d, 0x00, 0x00, 0x01,
  0x00, 0x00, 0xff, 0x83, 0x01, 0x77, 0x02, 0xee, 0x00, 0x13, 0x00, 0x85,
  0x40, 0x42, 0x01, 0x14, 0x14, 0x40, 0x15, 0x00, 0x13, 0x04, 0x03, 0x03,
  0x00, 0x08, 0x01, 0x0e, 0x0d, 0x0a, 0x03, 0x09, 0x08, 0x07, 0x12, 0x11,
  0x06, 0x05, 0x02, 0x05, 0x01, 0x04, 0x10, 0x0f, 0x0c, 0x0b, 0x08, 0x05,
  0x07, 0x0d, 0x0c, 0x01, 0x03, 0x00, 0x06, 0x0e, 0x0b, 0x0a, 0x03, 0x03,
  0x02, 0x06, 0x09, 0x08, 0x05, 0x03, 0x04, 0x11, 0x10, 0x07, 0x06, 0x13,
  0x12, 0x0f, 0x03, 0x0e, 0x02, 0x01, 0x09, 0x46, 0x76, 0x2f, 0x37, 0x18,
  0x00, 0x3f, 0x17, 0x3c, 0x2f, 0x3c, 0x2f, 0x3c, 0x2f, 0x17, 0x3c, 0xfd,
  0x17, 0x3c, 0x10, 0xfd, 0x17, 0x3c, 0x01, 0x2f, 0x17, 0x3c, 0xfd, 0x17,
  0x3c, 0x10, 0xfd, 0x17, 0x3c, 0x10, 0xfd, 0x17, 0x3c, 0x00, 0x31, 0x30,
  0x01, 0x49, 0x68, 0xb9, 0x00, 0x09, 0x00, 0x14, 0x49, 0x68, 0x61, 0xb0,
  0x40, 0x52, 0x58, 0x38, 0x11, 0x37, 0xb9, 0x00, 0x14, 0xff, 0xc0, 0x38,
  0x59, 0x01, 0x23, 0x15, 0x33, 0x15, 0x23, 0x15, 0x23, 0x35, 0x23, 0x35,
  0x33, 0x35, 0x23, 0x35, 0x33, 0x35, 0x33, 0x15, 0x33, 0x01, 0x77, 0x7d,
  0x7d, 0x7d, 0x7d, 0x7d, 0x7d, 0x7d, 0x7d, 0x7d, 0x7d, 0x01, 0x77, 0x7d,
  0x7d, 0xfa, 0xfa, 0x7d, 0x7d, 0x7d, 0xfa, 0xfa, 0x00, 0x01, 0x00, 0x00,
  0x00, 0xfa, 0x00, 0x7d, 0x01, 0x77, 0x00, 0x03, 0x00, 0x3d, 0x40, 0x11,
  0x01, 0x04, 0x04, 0x40, 0x05, 0x01, 0x03, 0x02, 0x01, 0x00, 0x01, 0x00,
  0x03, 0x02, 0x01, 0x00, 0x46, 0x76, 0x2f, 0x37, 0x18, 0x00, 0x2f, 0x3c,
  0x2f, 0x3c, 0x01, 0x2e, 0x2e, 0x2e, 0x2e, 0x00, 0x31, 0x30, 0x01, 0x49,
  0x68, 0xb9, 0x00, 0x00, 0x00, 0x04, 0x49, 0x68, 0x61, 0xb0, 0x40, 0x52,
  0x58, 0x38, 0x11, 0x37, 0xb9, 0x00, 0x04, 0xff, 0xc0, 0x38, 0x59, 0x11,
  0x33, 0x15, 0x23, 0x7d, 0x7d, 0x01, 0x77, 0x7d, 0x00, 0x01, 0xff, 0x83,
  0xff, 0x06, 0x00, 0x7d, 0x00, 0x7d, 0x00, 0x07, 0x00, 0x4e, 0x40, 0x1a,
  0x01, 0x08, 0x08, 0x40, 0x09, 0x03, 0x05, 0x04, 0x01, 0x00, 0x07, 0x06,
  0x05, 0x04, 0x03, 0x02, 0x01, 0x00, 0x03, 0x02, 0x07, 0x06, 0x00, 0x01,
  0x00, 0x46, 0x76, 0x2f, 0x37, 0x18, 0x00, 0x3f, 0x3c, 0x2f, 0x3c, 0x01,
  0x2e, 0x2e, 0x2e, 0x2e, 0x2e, 0x2e, 0x2e, 0x2e, 0x00, 0x2e, 0x2e, 0x2e,
  0x2e, 0x31, 0x30, 0x01, 0x49, 0x68, 0xb9, 0x00, 0x00, 0x00, 0x08, 0x49,
  0x68, 0x61, 0xb0, 0x40, 0x52, 0x58, 0x38, 0x11, 0x37, 0xb9, 0x00, 0x08,
  0xff, 0xc0, 0x38, 0x59, 0x07, 0x33, 0x35, 0x33, 0x15, 0x23, 0x15, 0x23,
  0x7d, 0x7d, 0x7d, 0x7d, 0x7d, 0x7d, 0xfa, 0xfa, 0x7d, 0x00, 0x00, 0x01,
  0xff, 0x83, 0xff, 0x06, 0x01, 0x77, 0x00, 0x7d, 0x00, 0x0f, 0x00, 0x6e,
  0x40, 0x2c, 0x01, 0x10, 0x10, 0x40, 0x11, 0x03, 0x0d, 0x0c, 0x09, 0x08,
  0x05, 0x04, 0x01, 0x00, 0x0f, 0x0e, 0x0d, 0x0c, 0x0b, 0x0a, 0x09, 0x08,
  0x07, 0x06, 0x05, 0x04, 0x03, 0x02, 0x01, 0x00, 0x0f, 0x0e, 0x03, 0x03,
  0x02, 0x0b, 0x0a, 0x07, 0x03, 0x06, 0x00, 0x01, 0x0b, 0x46, 0x76, 0x2f,
  0x37, 0x18, 0x00, 0x3f, 0x17, 0x3c, 0x2f, 0x17, 0x3c, 0x01, 0x2e, 0x2e,
  0x2e, 0x2e, 0x2e, 0x2e, 0x2e, 0x2e, 0x2e, 0x2e, 0x2e, 0x2e, 0x2e, 0x2e,
  0x2e, 0x2e, 0x00, 0x2e, 0x2e, 0x2e, 0x2e, 0x2e, 0x2e, 0x2e, 0x2e, 0x31,
  0x30, 0x01, 0x49, 0x68, 0xb9, 0x00, 0x0b, 0x00, 0x10, 0x49, 0x68, 0x61,
  0xb0, 0x40, 0x52, 0x58, 0x38, 0x11, 0x37, 0xb9, 0x00, 0x10, 0xff, 0xc0,
  0x38, 0x59, 0x17, 0x33, 0x35, 0x33, 0x15, 0x23, 0x15, 0x23, 0x35, 0x23,
  0x15, 0x23, 0x35, 0x33, 0x35, 0x33, 0x7d, 0x7d, 0x7d, 0x7d, 0x7d, 0x7d,
  0x7d, 0x7d, 0x7d, 0x7d, 0xfa, 0xfa, 0x7d, 0x7d, 0x7d, 0x7d, 0xfa, 0x00,
  0x00, 0x03, 0x00, 0x00, 0x00, 0x00, 0x02, 0x71, 0x02, 0x71, 0x00, 0x17,
  0x00, 0x1b, 0x00, 0x1f, 0x00, 0xae, 0x40, 0x4e, 0x01, 0x20, 0x20, 0x40,
  0x21, 0x0e, 0x1e, 0x1d, 0x1a, 0x19, 0x16, 0x15, 0x14, 0x13, 0x12, 0x11,
  0x10, 0x0f, 0x0a, 0x09, 0x08, 0x07, 0x06, 0x05, 0x02, 0x01, 0x1f, 0x1e,
  0x1d, 0x1c, 0x1b, 0x1a, 0x19, 0x18, 0x17, 0x16, 0x15, 0x14, 0x13, 0x12,
  0x11, 0x10, 0x0f, 0x0e, 0x0d, 0x0c, 0x0b, 0x0a, 0x09, 0x08, 0x07, 0x06,
  0x05, 0x04, 0x03, 0x02, 0x01, 0x00, 0x1b, 0x18, 0x0e, 0x03, 0x0d, 0x03,
  0x0c, 0x0b, 0x02, 0x1f, 0x1c, 0x17, 0x04, 0x03, 0x05, 0x00, 0x01, 0x01,
  0x04, 0x46, 0x76, 0x2f, 0x37, 0x18, 0x00, 0x3f, 0x17, 0x3c, 0x3f, 0x3c,
  0x3f, 0x17, 0x3c, 0x01, 0x2e, 0x2e, 0x2e, 0x2e, 0x2e, 0x2e, 0x2e, 0x2e,
  0x2e, 0x2e, 0x2e, 0x2e, 0x2e, 0x2e, 0x2e, 0x2e, 0x2e, 0x2e, 0x2e, 0x2e,
  0x2e, 0x2e, 0x2e, 0x2e, 0x2e, 0x2e, 0x2e, 0x2e, 0x2e, 0x2e, 0x2e, 0x2e,
  0x00, 0x2e, 0x2e, 0x2e, 0x2e, 0x2e, 0x2e, 0x2e, 0x2e, 0x2e, 0x2e, 0x2e,
  0x2e, 0x2e, 0x2e, 0x2e, 0x2e, 0x2e, 0x2e, 0x2e, 0x2e, 0x31, 0x30, 0x01,
  0x49, 0x68, 0xb9, 0x00, 0x04, 0x00, 0x20, 0x49, 0x68, 0x61, 0xb0, 0x40,
  0x52, 0x58, 0x38, 0x11, 0x37, 0xb9, 0x00, 0x20, 0xff, 0xc0, 0x38, 0x59,
  0x33, 0x35, 0x23, 0x15, 0x23, 0x35, 0x33, 0x35, 0x33, 0x35, 0x33, 0x35,
  0x33, 0x35, 0x33, 0x15, 0x23, 0x15, 0x23, 0x15, 0x23, 0x15, 0x33, 0x15,
  0x03, 0x15, 0x23, 0x35, 0x01, 0x35, 0x33, 0x15, 0xfa, 0x7d, 0x7d, 0x7d,
  0x7d, 0x7d, 0x7d, 0x7d, 0x7d, 0x7d, 0x7d, 0x7d, 0xfa, 0x7d, 0x01, 0xf4,
  0x7d, 0x7d, 0x7d, 0x7d, 0x7d, 0x7d, 0x7d, 0x7d, 0x7d, 0x7d, 0x7d, 0x7d,
  0x7d, 0x02, 0x71, 0x7d, 0x7d, 0xfd, 0x8f, 0x7d, 0x7d, 0x00, 0x00, 0x03,
  0x00, 0x00, 0x00, 0x00, 0x02, 0x71, 0x03, 0xe8, 0x00, 0x0b, 0x00, 0x13,
  0x00, 0x17, 0x00, 0x8f, 0x40, 0x3c, 0x01, 0x18, 0x18, 0x40, 0x19, 0x0d,
  0x17, 0x16, 0x15, 0x14, 0x11, 0x10, 0x0b, 0x0a, 0x09, 0x08, 0x05, 0x04,
  0x03, 0x02, 0x01, 0x00, 0x17, 0x16, 0x15, 0x14, 0x13, 0x12, 0x11, 0x10,
  0x0f, 0x0e, 0x0d, 0x0c, 0x0b, 0x0a, 0x09, 0x08, 0x07, 0x06, 0x05, 0x04,
  0x03, 0x02, 0x01, 0x00, 0x07, 0x06, 0x13, 0x12, 0x0f, 0x03, 0x0e, 0x01,
  0x0d, 0x0c, 0x03, 0x01, 0x0c, 0x46, 0x76, 0x2f, 0x37, 0x18, 0x00, 0x3f,
  0x3c, 0x3f, 0x17, 0x3c, 0x2f, 0x3c, 0x01, 0x2e, 0x2e, 0x2e, 0x2e, 0x2e,
  0x2e, 0x2e, 0x2e, 0x2e, 0x2e, 0x2e, 0x2e, 0x2e, 0x2e, 0x2e, 0x2e, 0x2e,
  0x2e, 0x2e, 0x2e, 0x2e, 0x2e, 0x2e, 0x2e, 0x00, 0x2e, 0x2e, 0x2e, 0x2e,
  0x2e, 0x2e, 0x2e, 0x2e, 0x2e, 0x2e, 0x2e, 0x2e, 0x2e, 0x2e, 0x2e, 0x2e,
  0x31, 0x30, 0x01, 0x49, 0x68, 0xb9, 0x00, 0x0c, 0x00, 0x18, 0x49, 0x68,
  0x61, 0xb0, 0x40, 0x52, 0x58, 0x38, 0x11, 0x37, 0xb9, 0x00, 0x18, 0xff,
  0xc0, 0x38, 0x59, 0x01, 0x23, 0x15, 0x23, 0x35, 0x33, 0x35, 0x33, 0x15,
  0x33, 0x15, 0x23, 0x05, 0x21, 0x11, 0x23, 0x35, 0x21, 0x15, 0x23, 0x01,
  0x35, 0x21, 0x15, 0x01, 0x77, 0x7d, 0x7d, 0x7d, 0x7d, 0x7d, 0x7d, 0xfe,
  0x89, 0x02, 0x71, 0x7d, 0xfe, 0x89, 0x7d, 0x01, 0xf4, 0xfe, 0x89, 0x03,
  0x6b, 0x7d, 0x7d, 0x7d, 0x7d, 0x7d, 0x7d, 0xfd, 0x8f, 0xfa, 0xfa, 0x01,
  0x77, 0x7d, 0x7d, 0x00, 0x00, 0x02, 0x00, 0x00, 0x00, 0x00, 0x02, 0x71,
  0x03, 0xe8, 0x00, 0x0b, 0x00, 0x17, 0x00, 0x8f, 0x40, 0x3b, 0x01, 0x18,
  0x18, 0x40, 0x19, 0x00, 0x17, 0x16, 0x15, 0x14, 0x11, 0x10, 0x0f, 0x0e,
  0x0d, 0x0c, 0x07, 0x06, 0x05, 0x04, 0x03, 0x02, 0x01, 0x00, 0x17, 0x16,
  0x15, 0x14, 0x13, 0x12, 0x11, 0x10, 0x0f, 0x0e, 0x0d, 0x0c, 0x0b, 0x0a,
  0x09, 0x08, 0x07, 0x06, 0x05, 0x04, 0x03, 0x02, 0x01, 0x00, 0x13, 0x12,
  0x0b, 0x0a, 0x03, 0x09, 0x08, 0x01, 0x01, 0x09, 0x46, 0x76, 0x2f, 0x37,
  0x18, 0x00, 0x3f, 0x3c, 0x3f, 0x3c, 0x2f, 0x3c, 0x01, 0x2e, 0x2e, 0x2e,
  0x2e, 0x2e, 0x2e, 0x2e, 0x2e, 0x2e, 0x2e, 0x2e, 0x2e, 0x2e, 0x2e, 0x2e,
  0x2e, 0x2e, 0x2e, 0x2e, 0x2e, 0x2e, 0x2e, 0x2e, 0x2e, 0x00, 0x2e, 0x2e,
  0x2e, 0x2e, 0x2e, 0x2e, 0x2e, 0x2e, 0x2e, 0x2e, 0x2e, 0x2e, 0x2e, 0x2e,
  0x2e, 0x2e, 0x2e, 0x2e, 0x31, 0x30, 0x01, 0x49, 0x68, 0xb9, 0x00, 0x09,
  0x00, 0x18, 0x49, 0x68, 0x61, 0xb0, 0x40, 0x52, 0x58, 0x38, 0x11, 0x37,
  0xb9, 0x00, 0x18, 0xff, 0xc0, 0x38, 0x59, 0x01, 0x21, 0x15, 0x21, 0x15,
  0x21, 0x15, 0x21, 0x15, 0x21, 0x11, 0x21, 0x27, 0x23, 0x15, 0x23, 0x35,
  0x33, 0x35, 0x33, 0x15, 0x33, 0x15, 0x23, 0x02, 0x71, 0xfe, 0x0c, 0x01,
  0x77, 0xfe, 0x89, 0x01, 0xf4, 0xfd, 0x8f, 0x02, 0x71, 0xfa, 0x7d, 0x7d,
  0x7d, 0x7d, 0x7d, 0x7d, 0x01, 0xf4, 0x7d, 0x7d, 0x7d, 0x7d, 0x02, 0x71,
  0xfa, 0x7d, 0x7d, 0x7d, 0x7d, 0x7d, 0x00, 0x03, 0x00, 0x00, 0x00, 0x00,
  0x02, 0x71, 0x03, 0xe8, 0x00, 0x07, 0x00, 0x0f, 0x00, 0x13, 0x00, 0x7f,
  0x40, 0x34, 0x01, 0x14, 0x14, 0x40, 0x15, 0x09, 0x13, 0x12, 0x11, 0x10,
  0x0d, 0x0c, 0x07, 0x06, 0x05, 0x04, 0x03, 0x00, 0x13, 0x12, 0x11, 0x10,
  0x0f, 0x0e, 0x0d, 0x0c, 0x0b, 0x0a, 0x09, 0x08, 0x07, 0x06, 0x05, 0x04,
  0x03, 0x02, 0x01, 0x00, 0x02, 0x01, 0x0f, 0x0e, 0x0b, 0x03, 0x0a, 0x01,
  0x09, 0x08, 0x03, 0x01, 0x08, 0x46, 0x76, 0x2f, 0x37, 0x18, 0x00, 0x3f,
  0x3c, 0x3f, 0x17, 0x3c, 0x2f, 0x3c, 0x01, 0x2e, 0x2e, 0x2e, 0x2e, 0x2e,
  0x2e, 0x2e, 0x2e, 0x2e, 0x2e, 0x2e, 0x2e, 0x2e, 0x2e, 0x2e, 0x2e, 0x2e,
  0x2e, 0x2e, 0x2e, 0x00, 0x2e, 0x2e, 0x2e, 0x2e, 0x2e, 0x2e, 0x2e, 0x2e,
  0x2e, 0x2e, 0x2e, 0x2e, 0x31, 0x30, 0x01, 0x49, 0x68, 0xb9, 0x00, 0x08,
  0x00, 0x14, 0x49, 0x68, 0x61, 0xb0, 0x40, 0x52, 0x58, 0x38, 0x11, 0x37,
  0xb9, 0x00, 0x14, 0xff, 0xc0, 0x38, 0x59, 0x01, 0x35, 0x33, 0x15, 0x23,
  0x15, 0x23, 0x35, 0x07, 0x21, 0x11, 0x23, 0x35, 0x21, 0x15, 0x23, 0x01,
  0x35, 0x21, 0x15, 0x01, 0x77, 0x7d, 0x7d, 0x7d, 0xfa, 0x02, 0x71, 0x7d,
  0xfe, 0x89, 0x7d, 0x01, 0xf4, 0xfe, 0x89, 0x03, 0x6b, 0x7d, 0x7d, 0x7d,
  0x7d, 0xfa, 0xfd, 0x8f, 0xfa, 0xfa, 0x01, 0x77, 0x7d, 0x7d, 0x00, 0x03,
  0x00, 0x00, 0x00, 0x00, 0x02, 0x71, 0x03, 0x6b, 0x00, 0x0b, 0x00, 0x0f,
  0x00, 0x13, 0x00, 0x7f, 0x40, 0x34, 0x01, 0x14, 0x14, 0x40, 0x15, 0x00,
  0x13, 0x12, 0x0f, 0x0e, 0x07, 0x06, 0x05, 0x04, 0x03, 0x02, 0x01, 0x00,
  0x13, 0x12, 0x11, 0x10, 0x0f, 0x0e, 0x0d, 0x0c, 0x0b, 0x0a, 0x09, 0x08,
  0x07, 0x06, 0x05, 0x04, 0x03, 0x02, 0x01, 0x00, 0x11, 0x10, 0x0d, 0x03,
  0x0c, 0x0b, 0x0a, 0x03, 0x09, 0x08, 0x01, 0x01, 0x09, 0x46, 0x76, 0x2f,
  0x37, 0x18, 0x00, 0x3f, 0x3c, 0x3f, 0x3c, 0x2f, 0x17, 0x3c, 0x01, 0x2e,
  0x2e, 0x2e, 0x2e, 0x2e, 0x2e, 0x2e, 0x2e, 0x2e, 0x2e, 0x2e, 0x2e, 0x2e,
  0x2e, 0x2e, 0x2e, 0x2e, 0x2e, 0x2e, 0x2e, 0x00, 0x2e, 0x2e, 0x2e, 0x2e,
  0x2e, 0x2e, 0x2e, 0x2e, 0x2e, 0x2e, 0x2e, 0x2e, 0x31, 0x30, 0x01, 0x49,
  0x68, 0xb9, 0x00, 0x09, 0x00, 0x14, 0x49, 0x68, 0x61, 0xb0, 0x40, 0x52,
  0x58, 0x38, 0x11, 0x37, 0xb9, 0x00, 0x14, 0xff, 0xc0, 0x38, 0x59, 0x01,
  0x21, 0x15, 0x21, 0x15, 0x21, 0x15, 0x21, 0x15, 0x21, 0x11, 0x21, 0x25,
  0x33, 0x15, 0x23, 0x37, 0x33, 0x15, 0x23, 0x02, 0x71, 0xfe, 0x0c, 0x01,
  0x77, 0xfe, 0x89, 0x01, 0xf4, 0xfd, 0x8f, 0x02, 0x71, 0xfe, 0x0c, 0x7d,
  0x7d, 0xfa, 0x7d, 0x7d, 0x01, 0xf4, 0x7d, 0x7d, 0x7d, 0x7d, 0x02, 0x71,
  0xfa, 0x7d, 0x7d, 0x7d, 0x00, 0x02, 0x00, 0x00, 0x00, 0x00, 0x02, 0x71,
  0x03, 0xe8, 0x00, 0x0b, 0x00, 0x13, 0x00, 0x7f, 0x40, 0x33, 0x01, 0x14,
  0x14, 0x40, 0x15, 0x00, 0x11, 0x10, 0x0f, 0x0e, 0x0d, 0x0c, 0x07, 0x06,
  0x05, 0x04, 0x03, 0x02, 0x01, 0x00, 0x13, 0x12, 0x11, 0x10, 0x0f, 0x0e,
  0x0d, 0x0c, 0x0b, 0x0a, 0x09, 0x08, 0x07, 0x06, 0x05, 0x04, 0x03, 0x02,
  0x01, 0x00, 0x13, 0x12, 0x0b, 0x0a, 0x03, 0x09, 0x08, 0x01, 0x01, 0x09,
  0x46, 0x76, 0x2f, 0x37, 0x18, 0x00, 0x3f, 0x3c, 0x3f, 0x3c, 0x2f, 0x3c,
  0x01, 0x2e, 0x2e, 0x2e, 0x2e, 0x2e, 0x2e, 0x2e, 0x2e, 0x2e, 0x2e, 0x2e,
  0x2e, 0x2e, 0x2e, 0x2e, 0x2e, 0x2e, 0x2e, 0x2e, 0x2e, 0x00, 0x2e, 0x2e,
  0x2e, 0x2e, 0x2e, 0x2e, 0x2e, 0x2e, 0x2e, 0x2e, 0x2e, 0x2e, 0x2e, 0x2e,
  0x31, 0x30, 0x01, 0x49, 0x68, 0xb9, 0x00, 0x09, 0x00, 0x14, 0x49, 0x68,
  0x61, 0xb0, 0x40, 0x52, 0x58, 0x38, 0x11, 0x37, 0xb9, 0x00, 0x14, 0xff,
  0xc0, 0x38, 0x59, 0x01, 0x21, 0x15, 0x21, 0x15, 0x21, 0x15, 0x21, 0x15,
  0x21, 0x11, 0x21, 0x25, 0x33, 0x15, 0x23, 0x35, 0x23, 0x35, 0x33, 0x02,
  0x71, 0xfe, 0x0c, 0x01, 0x77, 0xfe, 0x89, 0x01, 0xf4, 0xfd, 0x8f, 0x02,
  0x71, 0xfe, 0x89, 0x7d, 0x7d, 0x7d, 0x7d, 0x01, 0xf4, 0x7d, 0x7d, 0x7d,
  0x7d, 0x02, 0x71, 0xfa, 0x7d, 0x7d, 0x7d, 0x00, 0x00, 0x02, 0x00, 0x00,
  0x00, 0x00, 0x00, 0xfa, 0x03, 0xe8, 0x00, 0x07, 0x00, 0x0b, 0x00, 0x62,
  0x40, 0x2a, 0x01, 0x0c, 0x0c, 0x40, 0x0d, 0x02, 0x03, 0x02, 0x04, 0x00,
  0x0b, 0x0a, 0x05, 0x04, 0x01, 0x05, 0x00, 0x04, 0x09, 0x08, 0x07, 0x03,
  0x06, 0x06, 0x05, 0x06, 0x07, 0x04, 0x03, 0x03, 0x00, 0x02, 0x01, 0x0a,
  0x09, 0x03, 0x0b, 0x08, 0x01, 0x01, 0x06, 0x46, 0x76, 0x2f, 0x37, 0x18,
  0x00, 0x3f, 0x3c, 0x3f, 0x3c, 0x2f, 0x3c, 0x2f, 0x17, 0x3c, 0xfd, 0x3c,
  0x01, 0x2f, 0x17, 0x3c, 0xfd, 0x17, 0x3c, 0x10, 0xfd, 0x3c, 0x00, 0x31,
  0x30, 0x01, 0x49, 0x68, 0xb9, 0x00, 0x06, 0x00, 0x0c, 0x49, 0x68, 0x61,
  0xb0, 0x40, 0x52, 0x58, 0x38, 0x11, 0x37, 0xb9, 0x00, 0x0c, 0xff, 0xc0,
  0x38, 0x59, 0x13, 0x35, 0x33, 0x15, 0x23, 0x15, 0x23, 0x35, 0x19, 0x01,
  0x33, 0x11, 0x7d, 0x7d, 0x7d, 0x7d, 0x7d, 0x03, 0x6b, 0x7d, 0x7d, 0x7d,
  0x7d, 0xfc, 0x95, 0x02, 0x71, 0xfd, 0x8f, 0x00, 0x00, 0x02, 0xff, 0x83,
  0x00, 0x00, 0x00, 0xfa, 0x03, 0xe8, 0x00, 0x0b, 0x00, 0x0f, 0x00, 0x71,
  0x40, 0x35, 0x01, 0x10, 0x10, 0x40, 0x11, 0x09, 0x04, 0x03, 0x04, 0x01,
  0x0d, 0x0c, 0x06, 0x05, 0x02, 0x05, 0x01, 0x04, 0x00, 0x0f, 0x0e, 0x0b,
  0x08, 0x07, 0x05, 0x00, 0x04, 0x0a, 0x09, 0x0b, 0x0a, 0x03, 0x03, 0x02,
  0x06, 0x09, 0x08, 0x05, 0x04, 0x01, 0x05, 0x00, 0x07, 0x06, 0x0e, 0x0d,
  0x03, 0x0f, 0x0c, 0x01, 0x01, 0x03, 0x46, 0x76, 0x2f, 0x37, 0x18, 0x00,
  0x3f, 0x3c, 0x3f, 0x3c, 0x2f, 0x3c, 0x2f, 0x17, 0x3c, 0xfd, 0x17, 0x3c,
  0x01, 0x2f, 0x3c, 0xfd, 0x17, 0x3c, 0x10, 0xfd, 0x17, 0x3c, 0x10, 0xfd,
  0x3c, 0x00, 0x31, 0x30, 0x01, 0x49, 0x68, 0xb9, 0x00, 0x03, 0x00, 0x10,
  0x49, 0x68, 0x61, 0xb0, 0x40, 0x52, 0x58, 0x38, 0x11, 0x37, 0xb9, 0x00,
  0x10, 0xff, 0xc0, 0x38, 0x59, 0x13, 0x23, 0x15, 0x23, 0x35, 0x33, 0x35,
  0x33, 0x15, 0x33, 0x15, 0x23, 0x03, 0x11, 0x33, 0x11, 0x7d, 0x7d, 0x7d,
  0x7d, 0x7d, 0x7d, 0x7d, 0x7d, 0x7d, 0x03, 0x6b, 0x7d, 0x7d, 0x7d, 0x7d,
  0x7d, 0xfd, 0x12, 0x02, 0x71, 0xfd, 0x8f, 0x00, 0x00, 0x03, 0xff, 0x83,
  0x00, 0x00, 0x00, 0xfa, 0x03, 0x6b, 0x00, 0x03, 0x00, 0x07, 0x00, 0x0b,
  0x00, 0x69, 0x40, 0x2e, 0x01, 0x0c, 0x0c, 0x40, 0x0d, 0x05, 0x03, 0x00,
  0x04, 0x01, 0x06, 0x05, 0x04, 0x04, 0x09, 0x08, 0x02, 0x03, 0x01, 0x04,
  0x0b, 0x0a, 0x07, 0x03, 0x04, 0x07, 0x06, 0x03, 0x03, 0x02, 0x06, 0x00,
  0x05, 0x04, 0x01, 0x03, 0x00, 0x0a, 0x09, 0x03, 0x0b, 0x08, 0x01, 0x01,
  0x00, 0x46, 0x76, 0x2f, 0x37, 0x18, 0x00, 0x3f, 0x3c, 0x3f, 0x3c, 0x2f,
  0x17, 0x3c, 0x10, 0xfd, 0x17, 0x3c, 0x01, 0x2f, 0x17, 0x3c, 0xfd, 0x17,
  0x3c, 0x10, 0xfd, 0x3c, 0x10, 0xfd, 0x3c, 0x00, 0x31, 0x30, 0x01, 0x49,
  0x68, 0xb9, 0x00, 0x00, 0x00, 0x0c, 0x49, 0x68, 0x61, 0xb0, 0x40, 0x52,
  0x58, 0x38, 0x11, 0x37, 0xb9, 0x00, 0x0c, 0xff, 0xc0, 0x38, 0x59, 0x03,
  0x33, 0x15, 0x23, 0x37, 0x33, 0x15, 0x23, 0x03, 0x11, 0x33, 0x11, 0x7d,
  0x7d, 0x7d, 0xfa, 0x7d, 0x7d, 0x7d, 0x7d, 0x03, 0x6b, 0x7d, 0x7d, 0x7d,
  0xfd, 0x12, 0x02, 0x71, 0xfd, 0x8f, 0x00, 0x02, 0xff, 0x83, 0x00, 0x00,
  0x00, 0x7d, 0x03, 0xe8, 0x00, 0x07, 0x00, 0x0b, 0x00, 0x5f, 0x40, 0x23,
  0x01, 0x0c, 0x0c, 0x40, 0x0d, 0x05, 0x07, 0x06, 0x05, 0x04, 0x01, 0x00,
  0x0b, 0x0a, 0x09, 0x08, 0x07, 0x06, 0x05, 0x04, 0x03, 0x02, 0x01, 0x00,
  0x03, 0x02, 0x0a, 0x09, 0x03, 0x0b, 0x08, 0x01, 0x01, 0x01, 0x46, 0x76,
  0x2f, 0x37, 0x18, 0x00, 0x3f, 0x3c, 0x3f, 0x3c, 0x2f, 0x3c, 0x01, 0x2e,
  0x2e, 0x2e, 0x2e, 0x2e, 0x2e, 0x2e, 0x2e, 0x2e, 0x2e, 0x2e, 0x2e, 0x00,
  0x2e, 0x2e, 0x2e, 0x2e, 0x2e, 0x2e, 0x31, 0x30, 0x01, 0x49, 0x68, 0xb9,
  0x00, 0x01, 0x00, 0x0c, 0x49, 0x68, 0x61, 0xb0, 0x40, 0x52, 0x58, 0x38,
  0x11, 0x37, 0xb9, 0x00, 0x0c, 0xff, 0xc0, 0x38, 0x59, 0x11, 0x23, 0x35,
  0x33, 0x15, 0x33, 0x15, 0x23, 0x19, 0x01, 0x33, 0x11, 0x7d, 0x7d, 0x7d,
  0x7d, 0x7d, 0x03, 0x6b, 0x7d, 0x7d, 0x7d, 0xfd, 0x12, 0x02, 0x71, 0xfd,
  0x8f, 0x00, 0x00, 0x03, 0x00, 0x00, 0x00, 0x00, 0x02, 0x71, 0x03, 0xe8,
  0x00, 0x07, 0x00, 0x0b, 0x00, 0x0f, 0x00, 0x6f, 0x40, 0x2b, 0x01, 0x10,
  0x10, 0x40, 0x11, 0x08, 0x0f, 0x0e, 0x0d, 0x0c, 0x07, 0x06, 0x05, 0x04,
  0x03, 0x00, 0x0f, 0x0e, 0x0d, 0x0c, 0x0b, 0x0a, 0x09, 0x08, 0x07, 0x06,
  0x05, 0x04, 0x03, 0x02, 0x01, 0x00, 0x02, 0x01, 0x0a, 0x09, 0x01, 0x0b,
  0x08, 0x03, 0x01, 0x0a, 0x46, 0x76, 0x2f, 0x37, 0x18, 0x00, 0x3f, 0x3c,
  0x3f, 0x3c, 0x2f, 0x3c, 0x01, 0x2e, 0x2e, 0x2e, 0x2e, 0x2e, 0x2e, 0x2e,
  0x2e, 0x2e, 0x2e, 0x2e, 0x2e, 0x2e, 0x2e, 0x2e, 0x2e, 0x00, 0x2e, 0x2e,
  0x2e, 0x2e, 0x2e, 0x2e, 0x2e, 0x2e, 0x2e, 0x2e, 0x31, 0x30, 0x01, 0x49,
  0x68, 0xb9, 0x00, 0x0a, 0x00, 0x10, 0x49, 0x68, 0x61, 0xb0, 0x40, 0x52,
  0x58, 0x38, 0x11, 0x37, 0xb9, 0x00, 0x10, 0xff, 0xc0, 0x38, 0x59, 0x01,
  0x35, 0x33, 0x15, 0x23, 0x15, 0x23, 0x35, 0x05, 0x11, 0x21, 0x11, 0x01,
  0x11, 0x21, 0x11, 0x01, 0x77, 0x7d, 0x7d, 0x7d, 0x01, 0x77, 0xfd, 0x8f,
  0x01, 0xf4, 0xfe, 0x89, 0x03, 0x6b, 0x7d, 0x7d, 0x7d, 0x7d, 0xfa, 0xfd,
  0x8f, 0x02, 0x71, 0xfe, 0x0c, 0x01, 0x77, 0xfe, 0x89, 0x00, 0x00, 0x03,
  0x00, 0x00, 0x00, 0x00, 0x02, 0x71, 0x03, 0xe8, 0x00, 0x0b, 0x00, 0x0f,
  0x00, 0x13, 0x00, 0x7f, 0x40, 0x33, 0x01, 0x14, 0x14, 0x40, 0x15, 0x0c,
  0x13, 0x12, 0x11, 0x10, 0x0b, 0x0a, 0x09, 0x08, 0x05, 0x04, 0x03, 0x02,
  0x01, 0x00, 0x13, 0x12, 0x11, 0x10, 0x0f, 0x0e, 0x0d, 0x0c, 0x0b, 0x0a,
  0x09, 0x08, 0x07, 0x06, 0x05, 0x04, 0x03, 0x02, 0x01, 0x00, 0x07, 0x06,
  0x0e, 0x0d, 0x01, 0x0f, 0x0c, 0x03, 0x01, 0x0e, 0x46, 0x76, 0x2f, 0x37,
  0x18, 0x00, 0x3f, 0x3c, 0x3f, 0x3c, 0x2f, 0x3c, 0x01, 0x2e, 0x2e, 0x2e,
  0x2e, 0x2e, 0x2e, 0x2e, 0x2e, 0x2e, 0x2e, 0x2e, 0x2e, 0x2e, 0x2e, 0x2e,
  0x2e, 0x2e, 0x2e, 0x2e, 0x2e, 0x00, 0x2e, 0x2e, 0x2e, 0x2e, 0x2e, 0x2e,
  0x2e, 0x2e, 0x2e, 0x2e, 0x2e, 0x2e, 0x2e, 0x2e, 0x31, 0x30, 0x01, 0x49,
  0x68, 0xb9, 0x00, 0x0e, 0x00, 0x14, 0x49, 0x68, 0x61, 0xb0, 0x40, 0x52,
  0x58, 0x38, 0x11, 0x37, 0xb9, 0x00, 0x14, 0xff, 0xc0, 0x38, 0x59, 0x01,
  0x23, 0x15, 0x23, 0x35, 0x33, 0x35, 0x33, 0x15, 0x33, 0x15, 0x23, 0x17,
  0x11, 0x21, 0x11, 0x01, 0x11, 0x21, 0x11, 0x01, 0x77, 0x7d, 0x7d, 0x7d,
  0x7d, 0x7d, 0x7d, 0xfa, 0xfd, 0x8f, 0x01, 0xf4, 0xfe, 0x89, 0x03, 0x6b,
  0x7d, 0x7d, 0x7d, 0x7d, 0x7d, 0x7d, 0xfd, 0x8f, 0x02, 0x71, 0xfe, 0x0c,
  0x01, 0x77, 0xfe, 0x89, 0x00, 0x03, 0x00, 0x00, 0x00, 0x00, 0x02, 0x71,
  0x03, 0xe8, 0x00, 0x07, 0x00, 0x0b, 0x00, 0x0f, 0x00, 0x6f, 0x40, 0x2b,
  0x01, 0x10, 0x10, 0x40, 0x11, 0x08, 0x0f, 0x0e, 0x0d, 0x0c, 0x05, 0x04,
  0x03, 0x02, 0x01, 0x00, 0x0f, 0x0e, 0x0d, 0x0c, 0x0b, 0x0a, 0x09, 0x08,
  0x07, 0x06, 0x05, 0x04, 0x03, 0x02, 0x01, 0x00, 0x07, 0x06, 0x0a, 0x09,
  0x01, 0x0b, 0x08, 0x03, 0x01, 0x0a, 0x46, 0x76, 0x2f, 0x37, 0x18, 0x00,
  0x3f, 0x3c, 0x3f, 0x3c, 0x2f, 0x3c, 0x01, 0x2e, 0x2e, 0x2e, 0x2e, 0x2e,
  0x2e, 0x2e, 0x2e, 0x2e, 0x2e, 0x2e, 0x2e, 0x2e, 0x2e, 0x2e, 0x2e, 0x00,
  0x2e, 0x2e, 0x2e, 0x2e, 0x2e, 0x2e, 0x2e, 0x2e, 0x2e, 0x2e, 0x31, 0x30,
  0x01, 0x49, 0x68, 0xb9, 0x00, 0x0a, 0x00, 0x10, 0x49, 0x68, 0x61, 0xb0,
  0x40, 0x52, 0x58, 0x38, 0x11, 0x37, 0xb9, 0x00, 0x10, 0xff, 0xc0, 0x38,
  0x59, 0x13, 0x33, 0x15, 0x23, 0x35, 0x23, 0x35, 0x33, 0x01, 0x11, 0x21,
  0x11, 0x01, 0x11, 0x21, 0x11, 0xfa, 0x7d, 0x7d, 0x7d, 0x7d, 0x01, 0x77,
  0xfd, 0x8f, 0x01, 0xf4, 0xfe, 0x89, 0x03, 0x6b, 0x7d, 0x7d, 0x7d, 0xfe,
  0x89, 0xfd, 0x8f, 0x02, 0x71, 0xfe, 0x0c, 0x01, 0x77, 0xfe, 0x89, 0x00,
  0x00, 0x02, 0x00, 0x00, 0x00, 0x00, 0x02, 0x71, 0x03, 0xe8, 0x00, 0x07,
  0x00, 0x0f, 0x00, 0x6f, 0x40, 0x2c, 0x01, 0x10, 0x10, 0x40, 0x11, 0x09,
  0x0f, 0x0e, 0x07, 0x06, 0x05, 0x04, 0x03, 0x00, 0x0f, 0x0e, 0x0d, 0x0c,
  0x0b, 0x0a, 0x09, 0x08, 0x07, 0x06, 0x05, 0x04, 0x03, 0x02, 0x01, 0x00,
  0x02, 0x01, 0x0b, 0x0a, 0x01, 0x0d, 0x0c, 0x09, 0x03, 0x08, 0x03, 0x01,
  0x0b, 0x46, 0x76, 0x2f, 0x37, 0x18, 0x00, 0x3f, 0x17, 0x3c, 0x3f, 0x3c,
  0x2f, 0x3c, 0x01, 0x2e, 0x2e, 0x2e, 0x2e, 0x2e, 0x2e, 0x2e, 0x2e, 0x2e,
  0x2e, 0x2e, 0x2e, 0x2e, 0x2e, 0x2e, 0x2e, 0x00, 0x2e, 0x2e, 0x2e, 0x2e,
  0x2e, 0x2e, 0x2e, 0x2e, 0x31, 0x30, 0x01, 0x49, 0x68, 0xb9, 0x00, 0x0b,
  0x00, 0x10, 0x49, 0x68, 0x61, 0xb0, 0x40, 0x52, 0x58, 0x38, 0x11, 0x37,
  0xb9, 0x00, 0x10, 0xff, 0xc0, 0x38, 0x59, 0x01, 0x35, 0x33, 0x15, 0x23,
  0x15, 0x23, 0x35, 0x17, 0x33, 0x11, 0x21, 0x11, 0x33, 0x11, 0x21, 0x01,
  0x77, 0x7d, 0x7d, 0x7d, 0xfa, 0x7d, 0xfd, 0x8f, 0x7d, 0x01, 0x77, 0x03,
  0x6b, 0x7d, 0x7d, 0x7d, 0x7d, 0xfa, 0xfd, 0x8f, 0x02, 0x71, 0xfe, 0x0c,
  0x00, 0x02, 0x00, 0x00, 0x00, 0x00, 0x02, 0x71, 0x03, 0xe8, 0x00, 0x0b,
  0x00, 0x13, 0x00, 0x7f, 0x40, 0x34, 0x01, 0x14, 0x14, 0x40, 0x15, 0x0d,
  0x13, 0x12, 0x0b, 0x0a, 0x09, 0x08, 0x05, 0x04, 0x03, 0x02, 0x01, 0x00,
  0x13, 0x12, 0x11, 0x10, 0x0f, 0x0e, 0x0d, 0x0c, 0x0b, 0x0a, 0x09, 0x08,
  0x07, 0x06, 0x05, 0x04, 0x03, 0x02, 0x01, 0x00, 0x07, 0x06, 0x0f, 0x0e,
  0x01, 0x11, 0x10, 0x0d, 0x03, 0x0c, 0x03, 0x01, 0x0f, 0x46, 0x76, 0x2f,
  0x37, 0x18, 0x00, 0x3f, 0x17, 0x3c, 0x3f, 0x3c, 0x2f, 0x3c, 0x01, 0x2e,
  0x2e, 0x2e, 0x2e, 0x2e, 0x2e, 0x2e, 0x2e, 0x2e, 0x2e, 0x2e, 0x2e, 0x2e,
  0x2e, 0x2e, 0x2e, 0x2e, 0x2e, 0x2e, 0x2e, 0x00, 0x2e, 0x2e, 0x2e, 0x2e,
  0x2e, 0x2e, 0x2e, 0x2e, 0x2e, 0x2e, 0x2e, 0x2e, 0x31, 0x30, 0x01, 0x49,
  0x68, 0xb9, 0x00, 0x0f, 0x00, 0x14, 0x49, 0x68, 0x61, 0xb0, 0x40, 0x52,
  0x58, 0x38, 0x11, 0x37, 0xb9, 0x00, 0x14, 0xff, 0xc0, 0x38, 0x59, 0x01,
  0x23, 0x15, 0x23, 0x35, 0x33, 0x35, 0x33, 0x15, 0x33, 0x15, 0x23, 0x17,
  0x33, 0x11, 0x21, 0x11, 0x33, 0x11, 0x21, 0x01, 0x77, 0x7d, 0x7d, 0x7d,
  0x7d, 0x7d, 0x7d, 0x7d, 0x7d, 0xfd, 0x8f, 0x7d, 0x01, 0x77, 0x03, 0x6b,
  0x7d, 0x7d, 0x7d, 0x7d, 0x7d, 0x7d, 0xfd, 0x8f, 0x02, 0x71, 0xfe, 0x0c,
  0x00, 0x02, 0x00, 0x00, 0x00, 0x00, 0x02, 0x71, 0x03, 0xe8, 0x00, 0x07,
  0x00, 0x0f, 0x00, 0x6f, 0x40, 0x2c, 0x01, 0x10, 0x10, 0x40, 0x11, 0x09,
  0x0f, 0x0e, 0x05, 0x04, 0x03, 0x02, 0x01, 0x00, 0x0f, 0x0e, 0x0d, 0x0c,
  0x0b, 0x0a, 0x09, 0x08, 0x07, 0x06, 0x05, 0x04, 0x03, 0x02, 0x01, 0x00,
  0x07, 0x06, 0x0b, 0x0a, 0x01, 0x0d, 0x0c, 0x09, 0x03, 0x08, 0x03, 0x01,
  0x0b, 0x46, 0x76, 0x2f, 0x37, 0x18, 0x00, 0x3f, 0x17, 0x3c, 0x3f, 0x3c,
  0x2f, 0x3c, 0x01, 0x2e, 0x2e, 0x2e, 0x2e, 0x2e, 0x2e, 0x2e, 0x2e, 0x2e,
  0x2e, 0x2e, 0x2e, 0x2e, 0x2e, 0x2e, 0x2e, 0x00, 0x2e, 0x2e, 0x2e, 0x2e,
  0x2e, 0x2e, 0x2e, 0x2e, 0x31, 0x30, 0x01, 0x49, 0x68, 0xb9, 0x00, 0x0b,
  0x00, 0x10, 0x49, 0x68, 0x61, 0xb0, 0x40, 0x52, 0x58, 0x38, 0x11, 0x37,
  0xb9, 0x00, 0x10, 0xff, 0xc0, 0x38, 0x59, 0x13, 0x33, 0x15, 0x23, 0x35,
  0x23, 0x35, 0x33, 0x13, 0x33, 0x11, 0x21, 0x11, 0x33, 0x11, 0x21, 0xfa,
  0x7d, 0x7d, 0x7d, 0x7d, 0xfa, 0x7d, 0xfd, 0x8f, 0x7d, 0x01, 0x77, 0x03,
  0x6b, 0x7d, 0x7d, 0x7d, 0xfe, 0x89, 0xfd, 0x8f, 0x02, 0x71, 0xfe, 0x0c,
  0x00, 0x01, 0xff, 0xfd, 0x01, 0x77, 0x01, 0x74, 0x02, 0x71, 0x00, 0x0b,
  0x00, 0x5f, 0x40, 0x25, 0x01, 0x0c, 0x0c, 0x40, 0x0d, 0x09, 0x01, 0x00,
  0x0b, 0x0a, 0x09, 0x08, 0x07, 0x06, 0x05, 0x04, 0x03, 0x02, 0x01, 0x00,
  0x0b, 0x0a, 0x03, 0x03, 0x02, 0x07, 0x06, 0x03, 0x09, 0x08, 0x05, 0x03,
  0x04, 0x02, 0x01, 0x03, 0x46, 0x76, 0x2f, 0x37, 0x18, 0x00, 0x3f, 0x17,
  0x3c, 0x3f, 0x3c, 0x2f, 0x17, 0x3c, 0x01, 0x2e, 0x2e, 0x2e, 0x2e, 0x2e,
  0x2e, 0x2e, 0x2e, 0x2e, 0x2e, 0x2e, 0x2e, 0x00, 0x2e, 0x2e, 0x31, 0x30,
  0x01, 0x49, 0x68, 0xb9, 0x00, 0x03, 0x00, 0x0c, 0x49, 0x68, 0x61, 0xb0,
  0x40, 0x52, 0x58, 0x38, 0x11, 0x37, 0xb9, 0x00, 0x0c, 0xff, 0xc0, 0x38,
  0x59, 0x13, 0x23, 0x15, 0x23, 0x35, 0x33, 0x35, 0x33, 0x15, 0x33, 0x15,
  0x23, 0xf7, 0x7d, 0x7d, 0x7d, 0x7d, 0x7d, 0x7d, 0x01, 0xf4, 0x7d, 0x7d,
  0x7d, 0x7d, 0x7d, 0x00, 0x00, 0x01, 0x00, 0x00, 0x00, 0xfa, 0x01, 0xf4,
  0x01, 0xf4, 0x00, 0x0f, 0x00, 0x6e, 0x40, 0x2c, 0x01, 0x10, 0x10, 0x40,
  0x11, 0x01, 0x0f, 0x0e, 0x0b, 0x0a, 0x07, 0x06, 0x03, 0x02, 0x0f, 0x0e,
  0x0d, 0x0c, 0x0b, 0x0a, 0x09, 0x08, 0x07, 0x06, 0x05, 0x04, 0x03, 0x02,
  0x01, 0x00, 0x09, 0x08, 0x05, 0x03, 0x04, 0x0d, 0x0c, 0x01, 0x03, 0x00,
  0x02, 0x01, 0x09, 0x46, 0x76, 0x2f, 0x37, 0x18, 0x00, 0x3f, 0x17, 0x3c,
  0x2f, 0x17, 0x3c, 0x01, 0x2e, 0x2e, 0x2e, 0x2e, 0x2e, 0x2e, 0x2e, 0x2e,
  0x2e, 0x2e, 0x2e, 0x2e, 0x2e, 0x2e, 0x2e, 0x2e, 0x00, 0x2e, 0x2e, 0x2e,
  0x2e, 0x2e, 0x2e, 0x2e, 0x2e, 0x31, 0x30, 0x01, 0x49, 0x68, 0xb9, 0x00,
  0x09, 0x00, 0x10, 0x49, 0x68, 0x61, 0xb0, 0x40, 0x52, 0x58, 0x38, 0x11,
  0x37, 0xb9, 0x00, 0x10, 0xff, 0xc0, 0x38, 0x59, 0x01, 0x33, 0x15, 0x23,
  0x15, 0x23, 0x35, 0x23, 0x15, 0x23, 0x35, 0x33, 0x35, 0x33, 0x15, 0x33,
  0x01, 0x77, 0x7d, 0x7d, 0x7d, 0x7d, 0x7d, 0x7d, 0x7d, 0x7d, 0x01, 0xf4,
  0x7d, 0x7d, 0x7d, 0x7d, 0x7d, 0x7d, 0x7d, 0x00, 0x00, 0x01, 0x00, 0x00,
  0x01, 0xf4, 0x01, 0x77, 0x02, 0x71, 0x00, 0x03, 0x00, 0x3e, 0x40, 0x12,
  0x01, 0x04, 0x04, 0x40, 0x05, 0x00, 0x03, 0x02, 0x01, 0x00, 0x01, 0x00,
  0x03, 0x02, 0x03, 0x01, 0x01, 0x46, 0x76, 0x2f, 0x37, 0x18, 0x00, 0x3f,
  0x3c, 0x2f, 0x3c, 0x01, 0x2e, 0x2e, 0x2e, 0x2e, 0x00, 0x31, 0x30, 0x01,
  0x49, 0x68, 0xb9, 0x00, 0x01, 0x00, 0x04, 0x49, 0x68, 0x61, 0xb0, 0x40,
  0x52, 0x58, 0x38, 0x11, 0x37, 0xb9, 0x00, 0x04, 0xff, 0xc0, 0x38, 0x59,
  0x01, 0x21, 0x35, 0x21, 0x01, 0x77, 0xfe, 0x89, 0x01, 0x77, 0x01, 0xf4,
  0x7d, 0x00, 0x00, 0x01, 0x00, 0x00, 0xff, 0x06, 0x00, 0xfa, 0x00, 0x00,
  0x00, 0x07, 0x00, 0x4e, 0x40, 0x1a, 0x01, 0x08, 0x08, 0x40, 0x09, 0x06,
  0x07, 0x04, 0x03, 0x00, 0x07, 0x06, 0x05, 0x04, 0x03, 0x02, 0x01, 0x00,
  0x06, 0x05, 0x02, 0x01, 0x00, 0x01, 0x02, 0x46, 0x76, 0x2f, 0x37, 0x18,
  0x00, 0x3f, 0x3c, 0x2f, 0x3c, 0x01, 0x2e, 0x2e, 0x2e, 0x2e, 0x2e, 0x2e,
  0x2e, 0x2e, 0x00, 0x2e, 0x2e, 0x2e, 0x2e, 0x31, 0x30, 0x01, 0x49, 0x68,
  0xb9, 0x00, 0x02, 0x00, 0x08, 0x49, 0x68, 0x61, 0xb0, 0x40, 0x52, 0x58,
  0x38, 0x11, 0x37, 0xb9, 0x00, 0x08, 0xff, 0xc0, 0x38, 0x59, 0x17, 0x15,
  0x23, 0x35, 0x33, 0x35, 0x33, 0x15, 0x7d, 0x7d, 0x7d, 0x7d, 0x7d, 0x7d,
  0x7d, 0x7d, 0x7d, 0x00, 0x00, 0x02, 0x00, 0x00, 0x00, 0x00, 0x02, 0x71,
  0x03, 0xe8, 0x00, 0x0b, 0x00, 0x17, 0x00, 0x8f, 0x40, 0x3c, 0x01, 0x18,
  0x18, 0x40, 0x19, 0x0e, 0x17, 0x14, 0x13, 0x12, 0x11, 0x0e, 0x0d, 0x0c,
  0x09, 0x08, 0x07, 0x06, 0x05, 0x04, 0x01, 0x00, 0x17, 0x16, 0x15, 0x14,
  0x13, 0x12, 0x11, 0x10, 0x0f, 0x0e, 0x0d, 0x0c, 0x0b, 0x0a, 0x09, 0x08,
  0x07, 0x06, 0x05, 0x04, 0x03, 0x02, 0x01, 0x00, 0x0b, 0x0a, 0x03, 0x03,
  0x02, 0x16, 0x15, 0x03, 0x10, 0x0f, 0x01, 0x01, 0x10, 0x46, 0x76, 0x2f,
  0x37, 0x18, 0x00, 0x3f, 0x3c, 0x3f, 0x3c, 0x2f, 0x17, 0x3c, 0x01, 0x2e,
  0x2e, 0x2e, 0x2e, 0x2e, 0x2e, 0x2e, 0x2e, 0x2e, 0x2e, 0x2e, 0x2e, 0x2e,
  0x2e, 0x2e, 0x2e, 0x2e, 0x2e, 0x2e, 0x2e, 0x2e, 0x2e, 0x2e, 0x2e, 0x00,
  0x2e, 0x2e, 0x2e, 0x2e, 0x2e, 0x2e, 0x2e, 0x2e, 0x2e, 0x2e, 0x2e, 0x2e,
  0x2e, 0x2e, 0x2e, 0x2e, 0x31, 0x30, 0x01, 0x49, 0x68, 0xb9, 0x00, 0x10,
  0x00, 0x18, 0x49, 0x68, 0x61, 0xb0, 0x40, 0x52, 0x58, 0x38, 0x11, 0x37,
  0xb9, 0x00, 0x18, 0xff, 0xc0, 0x38, 0x59, 0x01, 0x23, 0x35, 0x23, 0x15,
  0x33, 0x15, 0x33, 0x35, 0x33, 0x35, 0x23, 0x03, 0x15, 0x21, 0x11, 0x21,
  0x35, 0x21, 0x35, 0x21, 0x11, 0x21, 0x15, 0x01, 0x77, 0x7d, 0x7d, 0x7d,
  0x7d, 0x7d, 0x7d, 0xfa, 0x01, 0xf4, 0xfd, 0x8f, 0x01, 0xf4, 0xfe, 0x0c,
  0x02, 0x71, 0x03, 0x6b, 0x7d, 0x7d, 0x7d, 0x7d, 0x7d, 0xfe, 0x0c, 0x7d,
  0xfe, 0x89, 0x7d, 0x7d, 0x01, 0x77, 0x7d, 0x00, 0x00, 0x02, 0x00, 0x00,
  0x00, 0x00, 0x01, 0xf4, 0x03, 0x6b, 0x00, 0x0f, 0x00, 0x1b, 0x00, 0xa4,
  0x40, 0x56, 0x01, 0x1c, 0x1c, 0x40, 0x1d, 0x00, 0x19, 0x18, 0x15, 0x14,
  0x1a, 0x19, 0x0f, 0x04, 0x03, 0x05, 0x00, 0x05, 0x01, 0x0a, 0x09, 0x02,
  0x03, 0x01, 0x05, 0x14, 0x13, 0x0c, 0x0b, 0x08, 0x05, 0x07, 0x16, 0x15,
  0x12, 0x11, 0x0e, 0x05, 0x0d, 0x05, 0x1b, 0x18, 0x17, 0x10, 0x06, 0x05,
  0x05, 0x11, 0x10, 0x09, 0x16, 0x09, 0x08, 0x05, 0x03, 0x04, 0x06, 0x06,
  0x0d, 0x0c, 0x01, 0x03, 0x00, 0x06, 0x0b, 0x0a, 0x03, 0x03, 0x02, 0x1b,
  0x1a, 0x13, 0x03, 0x12, 0x17, 0x16, 0x03, 0x0f, 0x0e, 0x02, 0x07, 0x06,
  0x01, 0x01, 0x07, 0x46, 0x76, 0x2f, 0x37, 0x18, 0x00, 0x3f, 0x3c, 0x3f,
  0x3c, 0x3f, 0x3c, 0x2f, 0x17, 0x3c, 0x2f, 0x17, 0x3c, 0xfd, 0x17, 0x3c,
  0x10, 0xfd, 0x17, 0x3c, 0x10, 0xfd, 0x3c, 0x01, 0x2f, 0x17, 0x3c, 0xfd,
  0x17, 0x3c, 0x2f, 0x17, 0x3c, 0xfd, 0x17, 0x3c, 0x10, 0xfd, 0x17, 0x3c,
  0x00, 0x2e, 0x2e, 0x2e, 0x2e, 0x31, 0x30, 0x01, 0x49, 0x68, 0xb9, 0x00,
  0x07, 0x00, 0x1c, 0x49, 0x68, 0x61, 0xb0, 0x40, 0x52, 0x58, 0x38, 0x11,
  0x37, 0xb9, 0x00, 0x1c, 0xff, 0xc0, 0x38, 0x59, 0x01, 0x23, 0x15, 0x33,
  0x15, 0x23, 0x15, 0x21, 0x35, 0x33, 0x35, 0x23, 0x35, 0x33, 0x35, 0x21,
  0x27, 0x23, 0x35, 0x23, 0x15, 0x33, 0x15, 0x33, 0x35, 0x33, 0x35, 0x23,
  0x01, 0xf4, 0xfa, 0xfa, 0x7d, 0xfe, 0x89, 0xfa, 0xfa, 0x7d, 0x01, 0x77,
  0x7d, 0xfa, 0x7d, 0x7d, 0xfa, 0x7d, 0x7d, 0x01, 0x77, 0x7d, 0x7d, 0x7d,
  0x7d, 0x7d, 0x7d, 0x7d, 0xfa, 0x7d, 0x7d, 0x7d, 0x7d, 0x7d, 0x00, 0x02,
  0x00, 0x00, 0x00, 0x00, 0x00, 0x7d, 0x02, 0x71, 0x00, 0x03, 0x00, 0x07,
  0x00, 0x56, 0x40, 0x22, 0x01, 0x08, 0x08, 0x40, 0x09, 0x00, 0x05, 0x04,
  0x01, 0x03, 0x00, 0x04, 0x07, 0x06, 0x03, 0x03, 0x02, 0x02, 0x01, 0x07,
  0x00, 0x07, 0x04, 0x07, 0x05, 0x06, 0x05, 0x01, 0x03, 0x00, 0x03, 0x01,
  0x02, 0x46, 0x76, 0x2f, 0x37, 0x18, 0x00, 0x3f, 0x3c, 0x3f, 0x3c, 0x10,
  0xfd, 0x3c, 0x10, 0xfd, 0x3c, 0x01, 0x2f, 0x17, 0x3c, 0xfd, 0x17, 0x3c,
  0x00, 0x31, 0x30, 0x01, 0x49, 0x68, 0xb9, 0x00, 0x02, 0x00, 0x08, 0x49,
  0x68, 0x61, 0xb0, 0x40, 0x52, 0x58, 0x38, 0x11, 0x37, 0xb9, 0x00, 0x08,
  0xff, 0xc0, 0x38, 0x59, 0x13, 0x15, 0x23, 0x35, 0x13, 0x15, 0x23, 0x35,
  0x7d, 0x7d, 0x7d, 0x7d, 0x02, 0x71, 0xfa, 0xfa, 0xfe, 0x89, 0xfa, 0xfa,
  0x00, 0x02, 0x00, 0x00, 0x00, 0x00, 0x02, 0xee, 0x02, 0x71, 0x00, 0x07,
  0x00, 0x13, 0x00, 0x8f, 0x40, 0x44, 0x01, 0x14, 0x14, 0x40, 0x15, 0x0d,
  0x10, 0x0f, 0x0c, 0x0b, 0x02, 0x01, 0x08, 0x00, 0x13, 0x08, 0x08, 0x09,
  0x06, 0x05, 0x04, 0x0e, 0x0d, 0x07, 0x04, 0x03, 0x03, 0x00, 0x04, 0x12,
  0x11, 0x0a, 0x03, 0x09, 0x09, 0x08, 0x01, 0x03, 0x00, 0x06, 0x13, 0x12,
  0x03, 0x03, 0x02, 0x07, 0x06, 0x06, 0x0a, 0x0f, 0x0e, 0x05, 0x03, 0x04,
  0x06, 0x10, 0x11, 0x10, 0x01, 0x0d, 0x0c, 0x02, 0x0b, 0x0a, 0x03, 0x01,
  0x08, 0x46, 0x76, 0x2f, 0x37, 0x18, 0x00, 0x3f, 0x3c, 0x3f, 0x3c, 0x3f,
  0x3c, 0x10, 0xfd, 0x17, 0x3c, 0x10, 0xfd, 0x3c, 0x2f, 0x17, 0x3c, 0xfd,
  0x17, 0x3c, 0x01, 0x2f, 0x17, 0x3c, 0xfd, 0x17, 0x3c, 0x2f, 0x3c, 0xfd,
  0x3c, 0x10, 0xfd, 0x3c, 0x10, 0xfd, 0x3c, 0x2e, 0x2e, 0x2e, 0x2e, 0x00,
  0x31, 0x30, 0x01, 0x49, 0x68, 0xb9, 0x00, 0x08, 0x00, 0x14, 0x49, 0x68,
  0x61, 0xb0, 0x40, 0x52, 0x58, 0x38, 0x11, 0x37, 0xb9, 0x00, 0x14, 0xff,
  0xc0, 0x38, 0x59, 0x13, 0x33, 0x15, 0x23, 0x15, 0x21, 0x11, 0x21, 0x07,
  0x33, 0x35, 0x21, 0x15, 0x33, 0x11, 0x23, 0x15, 0x21, 0x35, 0x23, 0xfa,
  0x7d, 0x7d, 0x01, 0x72, 0xfe, 0x8e, 0xfa, 0x7d, 0x01, 0xf4, 0x7d, 0x7d,
  0xfe, 0x0c, 0x7d, 0x01, 0x77, 0x7d, 0x7d, 0x01, 0x77, 0x7d, 0xfa, 0x7d,
  0xfe, 0x89, 0x7d, 0xfa, 0x00, 0x02, 0x00, 0x00, 0x00, 0x00, 0x01, 0xf4,
  0x02, 0x71, 0x00, 0x03, 0x00, 0x0f, 0x00, 0x6f, 0x40, 0x2b, 0x01, 0x10,
  0x10, 0x40, 0x11, 0x04, 0x0e, 0x0d, 0x0c, 0x0b, 0x08, 0x07, 0x06, 0x05,
  0x03, 0x02, 0x01, 0x00, 0x0f, 0x0e, 0x0d, 0x0c, 0x0b, 0x0a, 0x09, 0x08,
  0x07, 0x06, 0x05, 0x04, 0x03, 0x02, 0x01, 0x00, 0x0a, 0x09, 0x01, 0x0f,
  0x04, 0x03, 0x01, 0x0a, 0x46, 0x76, 0x2f, 0x37, 0x18, 0x00, 0x3f, 0x3c,
  0x3f, 0x3c, 0x01, 0x2e, 0x2e, 0x2e, 0x2e, 0x2e, 0x2e, 0x2e, 0x2e, 0x2e,
  0x2e, 0x2e, 0x2e, 0x2e, 0x2e, 0x2e, 0x2e, 0x00, 0x2e, 0x2e, 0x2e, 0x2e,
  0x2e, 0x2e, 0x2e, 0x2e, 0x2e, 0x2e, 0x2e, 0x2e, 0x31, 0x30, 0x01, 0x49,
  0x68, 0xb9, 0x00, 0x0a, 0x00, 0x10, 0x49, 0x68, 0x61, 0xb0, 0x40, 0x52,
  0x58, 0x38, 0x11, 0x37, 0xb9, 0x00, 0x10, 0xff, 0xc0, 0x38, 0x59, 0x37,
  0x15, 0x33, 0x35, 0x13, 0x15, 0x23, 0x15, 0x33, 0x11, 0x21, 0x11, 0x33,
  0x35, 0x23, 0x35, 0x82, 0xf5, 0x7d, 0x7d, 0x7d, 0xfe, 0x0c, 0xfa, 0x7d,
  0xfa, 0x7d, 0x7d, 0x01, 0x77, 0x7d, 0x7d, 0xfe, 0x89, 0x01, 0x77, 0x7d,
  0x7d, 0x00, 0x00, 0x02, 0x00, 0x00, 0x00, 0x00, 0x02, 0x71, 0x03, 0xe8,
  0x00, 0x07, 0x00, 0x13, 0x00, 0x7f, 0x40, 0x34, 0x01, 0x14, 0x14, 0x40,
  0x15, 0x09, 0x13, 0x12, 0x0f, 0x0e, 0x0b, 0x0a, 0x07, 0x06, 0x03, 0x02,
  0x01, 0x00, 0x13, 0x12, 0x11, 0x10, 0x0f, 0x0e, 0x0d, 0x0c, 0x0b, 0x0a,
  0x09, 0x08, 0x07, 0x06, 0x05, 0x04, 0x03, 0x02, 0x01, 0x00, 0x05, 0x04,
  0x0d, 0x0c, 0x01, 0x11, 0x10, 0x09, 0x03, 0x08, 0x03, 0x01, 0x0f, 0x46,
  0x76, 0x2f, 0x37, 0x18, 0x00, 0x3f, 0x17, 0x3c, 0x3f, 0x3c, 0x2f, 0x3c,
  0x01, 0x2e, 0x2e, 0x2e, 0x2e, 0x2e, 0x2e, 0x2e, 0x2e, 0x2e, 0x2e, 0x2e,
  0x2e, 0x2e, 0x2e, 0x2e, 0x2e, 0x2e, 0x2e, 0x2e, 0x2e, 0x00, 0x2e, 0x2e,
  0x2e, 0x2e, 0x2e, 0x2e, 0x2e, 0x2e, 0x2e, 0x2e, 0x2e, 0x2e, 0x31, 0x30,
  0x01, 0x49, 0x68, 0xb9, 0x00, 0x0f, 0x00, 0x14, 0x49, 0x68, 0x61, 0xb0,
  0x40, 0x52, 0x58, 0x38, 0x11, 0x37, 0xb9, 0x00, 0x14, 0xff, 0xc0, 0x38,
  0x59, 0x13, 0x33, 0x35, 0x33, 0x35, 0x23, 0x15, 0x23, 0x17, 0x33, 0x11,
  0x23, 0x15, 0x23, 0x35, 0x23, 0x11, 0x33, 0x15, 0x21, 0xfa, 0x7d, 0x7d,
  0x7d, 0x7d, 0xfa, 0x7d, 0xfa, 0x7d, 0xfa, 0x7d, 0x01, 0x77, 0x02, 0xee,
  0x7d, 0x7d, 0x7d, 0xfa, 0xfe, 0x89, 0xfa, 0xfa, 0x01, 0x77, 0xfa, 0x00,
  0x00, 0x02, 0x00, 0x00, 0xff, 0x06, 0x01, 0xf4, 0x03, 0x6b, 0x00, 0x07,
  0x00, 0x13, 0x00, 0x81, 0x40, 0x36, 0x01, 0x14, 0x14, 0x40, 0x15, 0x12,
  0x10, 0x0f, 0x0a, 0x09, 0x07, 0x06, 0x03, 0x02, 0x13, 0x12, 0x11, 0x10,
  0x0f, 0x0e, 0x0d, 0x0c, 0x0b, 0x0a, 0x09, 0x08, 0x07, 0x06, 0x05, 0x04,
  0x03, 0x02, 0x01, 0x00, 0x05, 0x04, 0x12, 0x11, 0x0e, 0x03, 0x0d, 0x02,
  0x0c, 0x0b, 0x01, 0x13, 0x08, 0x00, 0x01, 0x00, 0x03, 0x01, 0x08, 0x46,
  0x76, 0x2f, 0x37, 0x18, 0x00, 0x3f, 0x3c, 0x3f, 0x3c, 0x3f, 0x3c, 0x3f,
  0x17, 0x3c, 0x2f, 0x3c, 0x01, 0x2e, 0x2e, 0x2e, 0x2e, 0x2e, 0x2e, 0x2e,
  0x2e, 0x2e, 0x2e, 0x2e, 0x2e, 0x2e, 0x2e, 0x2e, 0x2e, 0x2e, 0x2e, 0x2e,
  0x2e, 0x00, 0x2e, 0x2e, 0x2e, 0x2e, 0x2e, 0x2e, 0x2e, 0x2e, 0x31, 0x30,
  0x01, 0x49, 0x68, 0xb9, 0x00, 0x08, 0x00, 0x14, 0x49, 0x68, 0x61, 0xb0,
  0x40, 0x52, 0x58, 0x38, 0x11, 0x37, 0xb9, 0x00, 0x14, 0xff, 0xc0, 0x38,
  0x59, 0x13, 0x33, 0x35, 0x33, 0x35, 0x23, 0x15, 0x23, 0x03, 0x35, 0x21,
  0x35, 0x21, 0x11, 0x33, 0x11, 0x33, 0x11, 0x33, 0x11, 0x7d, 0x7d, 0x7d,
  0x7d, 0x7d, 0x7d, 0x01, 0x77, 0xfe, 0x89, 0x7d, 0xfa, 0x7d, 0x02, 0x71,
  0x7d, 0x7d, 0x7d, 0xfc, 0x18, 0x7d, 0x7d, 0x01, 0xf4, 0xfe, 0x89, 0x01,
  0x77, 0xfd, 0x12, 0x00, 0x00, 0x02, 0x00, 0x00, 0x00, 0x00, 0x01, 0xf4,
  0x02, 0x71, 0x00, 0x03, 0x00, 0x0b, 0x00, 0x60, 0x40, 0x24, 0x01, 0x0c,
  0x0c, 0x40, 0x0d, 0x07, 0x09, 0x08, 0x03, 0x02, 0x01, 0x00, 0x0b, 0x0a,
  0x09, 0x08, 0x07, 0x06, 0x05, 0x04, 0x03, 0x02, 0x01, 0x00, 0x0b, 0x0a,
  0x01, 0x07, 0x06, 0x02, 0x05, 0x04, 0x03, 0x01, 0x04, 0x46, 0x76, 0x2f,
  0x37, 0x18, 0x00, 0x3f, 0x3c, 0x3f, 0x3c, 0x3f, 0x3c, 0x01, 0x2e, 0x2e,
  0x2e, 0x2e, 0x2e, 0x2e, 0x2e, 0x2e, 0x2e, 0x2e, 0x2e, 0x2e, 0x00, 0x2e,
  0x2e, 0x2e, 0x2e, 0x2e, 0x2e, 0x31, 0x30, 0x01, 0x49, 0x68, 0xb9, 0x00,
  0x04, 0x00, 0x0c, 0x49, 0x68, 0x61, 0xb0, 0x40, 0x52, 0x58, 0x38, 0x11,
  0x37, 0xb9, 0x00, 0x0c, 0xff, 0xc0, 0x38, 0x59, 0x37, 0x33, 0x35, 0x23,
  0x27, 0x33, 0x15, 0x21, 0x11, 0x21, 0x15, 0x23, 0x7d, 0xf5, 0xf5, 0x7d,
  0x7d, 0x01, 0x77, 0xfe, 0x89, 0x7d, 0xfa, 0x7d, 0xfa, 0x7d, 0xfe, 0x89,
  0x7d, 0x00, 0x00, 0x02, 0x00, 0x00, 0xff, 0x06, 0x01, 0xf4, 0x02, 0x71,
  0x00, 0x03, 0x00, 0x0b, 0x00, 0x64, 0x40, 0x2a, 0x01, 0x0c, 0x0c, 0x40,
  0x0d, 0x07, 0x02, 0x01, 0x04, 0x08, 0x07, 0x0a, 0x09, 0x06, 0x05, 0x03,
  0x05, 0x00, 0x04, 0x0b, 0x04, 0x03, 0x02, 0x06, 0x07, 0x06, 0x01, 0x00,
  0x06, 0x08, 0x0b, 0x0a, 0x00, 0x09, 0x08, 0x01, 0x05, 0x04, 0x03, 0x01,
  0x04, 0x46, 0x76, 0x2f, 0x37, 0x18, 0x00, 0x3f, 0x3c, 0x3f, 0x3c, 0x3f,
  0x3c, 0x10, 0xfd, 0x3c, 0x2f, 0x3c, 0xfd, 0x3c, 0x01, 0x2f, 0x3c, 0xfd,
  0x17, 0x3c, 0x2f, 0x3c, 0xfd, 0x3c, 0x00, 0x31, 0x30, 0x01, 0x49, 0x68,
  0xb9, 0x00, 0x04, 0x00, 0x0c, 0x49, 0x68, 0x61, 0xb0, 0x40, 0x52, 0x58,
  0x38, 0x11, 0x37, 0xb9, 0x00, 0x0c, 0xff, 0xc0, 0x38, 0x59, 0x37, 0x33,
  0x35, 0x23, 0x03, 0x33, 0x15, 0x21, 0x11, 0x21, 0x15, 0x23, 0x7d, 0xf5,
  0xf5, 0x7d, 0x7d, 0x01, 0x77, 0xfe, 0x89, 0x7d, 0x7d, 0x7d, 0x01, 0x77,
  0xfa, 0xfe, 0x89, 0xfa, 0x00, 0x01, 0x00, 0x00, 0x00, 0xfa, 0x01, 0xf4,
  0x01, 0x77, 0x00, 0x03, 0x00, 0x3d, 0x40, 0x11, 0x01, 0x04, 0x04, 0x40,
  0x05, 0x02, 0x03, 0x02, 0x01, 0x00, 0x02, 0x01, 0x03, 0x00, 0x01, 0x00,
  0x46, 0x76, 0x2f, 0x37, 0x18, 0x00, 0x2f, 0x3c, 0x2f, 0x3c, 0x01, 0x2e,
  0x2e, 0x2e, 0x2e, 0x00, 0x31, 0x30, 0x01, 0x49, 0x68, 0xb9, 0x00, 0x00,
  0x00, 0x04, 0x49, 0x68, 0x61, 0xb0, 0x40, 0x52, 0x58, 0x38, 0x11, 0x37,
  0xb9, 0x00, 0x04, 0xff, 0xc0, 0x38, 0x59, 0x3d, 0x01, 0x21, 0x15, 0x01,
  0xf4, 0xfa, 0x7d, 0x7d, 0x00, 0x01, 0x00, 0x00, 0x00, 0x00, 0x01, 0xf4,
  0x01, 0xf4, 0x00, 0x13, 0x00, 0x7f, 0x40, 0x41, 0x01, 0x14, 0x14, 0x40,
  0x15, 0x00, 0x13, 0x12, 0x07, 0x06, 0x03, 0x05, 0x02, 0x04, 0x05, 0x04,
  0x01, 0x03, 0x00, 0x11, 0x10, 0x0d, 0x0c, 0x09, 0x05, 0x08, 0x04, 0x0f,
  0x0e, 0x0b, 0x03, 0x0a, 0x12, 0x11, 0x0e, 0x0d, 0x02, 0x05, 0x01, 0x06,
  0x00, 0x0c, 0x0b, 0x08, 0x07, 0x04, 0x05, 0x03, 0x06, 0x05, 0x0a, 0x09,
  0x06, 0x03, 0x05, 0x01, 0x13, 0x10, 0x0f, 0x03, 0x00, 0x02, 0x01, 0x0a,
  0x46, 0x76, 0x2f, 0x37, 0x18, 0x00, 0x3f, 0x17, 0x3c, 0x3f, 0x17, 0x3c,
  0x10, 0xfd, 0x17, 0x3c, 0x10, 0xfd, 0x17, 0x3c, 0x01, 0x2f, 0x17, 0x3c,
  0xfd, 0x17, 0x3c, 0x2f, 0x17, 0x3c, 0xfd, 0x17, 0x3c, 0x00, 0x31, 0x30,
  0x01, 0x49, 0x68, 0xb9, 0x00, 0x0a, 0x00, 0x14, 0x49, 0x68, 0x61, 0xb0,
  0x40, 0x52, 0x58, 0x38, 0x11, 0x37, 0xb9, 0x00, 0x14, 0xff, 0xc0, 0x38,
  0x59, 0x01, 0x15, 0x23, 0x15, 0x33, 0x15, 0x23, 0x35, 0x23, 0x15, 0x23,
  0x35, 0x33, 0x35, 0x23, 0x35, 0x33, 0x15, 0x33, 0x35, 0x01, 0xf4, 0x7d,
  0x7d, 0x7d, 0xfa, 0x7d, 0x7d, 0x7d, 0x7d, 0xfa, 0x01, 0xf4, 0x7d, 0xfa,
  0x7d, 0x7d, 0x7d, 0x7d, 0xfa, 0x7d, 0x7d, 0x7d, 0x00, 0x01, 0x00, 0x00,
  0x00, 0x7d, 0x00, 0x7d, 0x02, 0x71, 0x00, 0x03, 0x00, 0x3f, 0x40, 0x13,
  0x01, 0x04, 0x04, 0x40, 0x05, 0x01, 0x02, 0x01, 0x04, 0x03, 0x00, 0x03,
  0x02, 0x01, 0x00, 0x03, 0x01, 0x00, 0x46, 0x76, 0x2f, 0x37, 0x18, 0x00,
  0x3f, 0x3c, 0x2f, 0x3c, 0x01, 0x2f, 0x3c, 0xfd, 0x3c, 0x00, 0x31, 0x30,
  0x01, 0x49, 0x68, 0xb9, 0x00, 0x00, 0x00, 0x04, 0x49, 0x68, 0x61, 0xb0,
  0x40, 0x52, 0x58, 0x38, 0x11, 0x37, 0xb9, 0x00, 0x04, 0xff, 0xc0, 0x38,
  0x59, 0x11, 0x33, 0x11, 0x23, 0x7d, 0x7d, 0x02, 0x71, 0xfe, 0x0c, 0x00,
  0x00, 0x01, 0x00, 0x00, 0x00, 0x7d, 0x01, 0x77, 0x02, 0x71, 0x00, 0x0f,
  0x00, 0x7a, 0x40, 0x39, 0x01, 0x10, 0x10, 0x40, 0x11, 0x03, 0x0f, 0x0e,
  0x0f, 0x0a, 0x09, 0x03, 0x00, 0x05, 0x01, 0x0c, 0x0b, 0x04, 0x01, 0x0e,
  0x0d, 0x06, 0x05, 0x02, 0x05, 0x01, 0x04, 0x08, 0x07, 0x04, 0x03, 0x03,
  0x0d, 0x0c, 0x05, 0x03, 0x04, 0x06, 0x02, 0x0b, 0x0a, 0x07, 0x03, 0x06,
  0x06, 0x08, 0x09, 0x08, 0x03, 0x02, 0x02, 0x01, 0x00, 0x03, 0x01, 0x00,
  0x46, 0x76, 0x2f, 0x37, 0x18, 0x00, 0x3f, 0x3c, 0x3f, 0x3c, 0x2f, 0x3c,
  0x10, 0xfd, 0x17, 0x3c, 0x10, 0xfd, 0x17, 0x3c, 0x01, 0x2f, 0x17, 0x3c,
  0xfd, 0x17, 0x3c, 0x10, 0xfd, 0x3c, 0x10, 0xfd, 0x17, 0x3c, 0x00, 0x2e,
  0x2e, 0x31, 0x30, 0x01, 0x49, 0x68, 0xb9, 0x00, 0x00, 0x00, 0x10, 0x49,
  0x68, 0x61, 0xb0, 0x40, 0x52, 0x58, 0x38, 0x11, 0x37, 0xb9, 0x00, 0x10,
  0xff, 0xc0, 0x38, 0x59, 0x11, 0x33, 0x15, 0x33, 0x15, 0x23, 0x15, 0x33,
  0x15, 0x21, 0x35, 0x33, 0x35, 0x33, 0x35, 0x23, 0xfa, 0x7d, 0x7d, 0x7d,
  0xfe, 0x89, 0x7d, 0x7d, 0xfa, 0x02, 0x71, 0x7d, 0x7d, 0x7d, 0x7d, 0x7d,
  0x7d, 0x7d, 0x00, 0x01, 0x00, 0x00, 0x00, 0x7d, 0x01, 0x77, 0x02, 0x71,
  0x00, 0x0d, 0x00, 0x72, 0x40, 0x33, 0x01, 0x0e, 0x0e, 0x40, 0x0f, 0x01,
  0x0b, 0x0a, 0x0c, 0x0b, 0x06, 0x03, 0x05, 0x05, 0x00, 0x0a, 0x09, 0x05,
  0x01, 0x0d, 0x08, 0x07, 0x04, 0x03, 0x05, 0x00, 0x04, 0x02, 0x01, 0x09,
  0x08, 0x07, 0x0c, 0x07, 0x06, 0x03, 0x03, 0x02, 0x06, 0x04, 0x05, 0x04,
  0x0d, 0x0c, 0x03, 0x01, 0x00, 0x02, 0x01, 0x05, 0x46, 0x76, 0x2f, 0x37,
  0x18, 0x00, 0x3f, 0x3c, 0x3f, 0x3c, 0x2f, 0x3c, 0x10, 0xfd, 0x17, 0x3c,
  0x10, 0xfd, 0x3c, 0x01, 0x2f, 0x3c, 0xfd, 0x17, 0x3c, 0x10, 0xfd, 0x3c,
  0x10, 0xfd, 0x17, 0x3c, 0x00, 0x2e, 0x2e, 0x31, 0x30, 0x01, 0x49, 0x68,
  0xb9, 0x00, 0x05, 0x00, 0x0e, 0x49, 0x68, 0x61, 0xb0, 0x40, 0x52, 0x58,
  0x38, 0x11, 0x37, 0xb9, 0x00, 0x0e, 0xff, 0xc0, 0x38, 0x59, 0x13, 0x33,
  0x15, 0x23, 0x15, 0x23, 0x35, 0x33, 0x35, 0x23, 0x35, 0x23, 0x35, 0x33,
  0xfa, 0x7d, 0x7d, 0xfa, 0xfa, 0x7d, 0x7d, 0xfa, 0x01, 0xf4, 0xfa, 0x7d,
  0x7d, 0x7d, 0x7d, 0x7d, 0x00, 0x01, 0x00, 0x00, 0x00, 0x00, 0x03, 0x6b,
  0x02, 0x71, 0x00, 0x23, 0x00, 0xc0, 0x40, 0x57, 0x01, 0x24, 0x24, 0x40,
  0x25, 0x0c, 0x22, 0x21, 0x20, 0x1f, 0x1c, 0x1b, 0x1a, 0x19, 0x18, 0x17,
  0x16, 0x15, 0x14, 0x13, 0x10, 0x0f, 0x0e, 0x0d, 0x0c, 0x0b, 0x04, 0x03,
  0x02, 0x01, 0x23, 0x22, 0x21, 0x20, 0x1f, 0x1e, 0x1d, 0x1c, 0x1b, 0x1a,
  0x19, 0x18, 0x17, 0x16, 0x15, 0x14, 0x13, 0x12, 0x11, 0x10, 0x0f, 0x0e,
  0x0d, 0x0c, 0x0b, 0x0a, 0x09, 0x08, 0x07, 0x06, 0x05, 0x04, 0x03, 0x02,
  0x01, 0x00, 0x1e, 0x1d, 0x12, 0x03, 0x11, 0x01, 0x0a, 0x09, 0x06, 0x03,
  0x05, 0x02, 0x23, 0x08, 0x07, 0x03, 0x00, 0x03, 0x01, 0x1e, 0x46, 0x76,
  0x2f, 0x37, 0x18, 0x00, 0x3f, 0x17, 0x3c, 0x3f, 0x17, 0x3c, 0x3f, 0x17,
  0x3c, 0x01, 0x2e, 0x2e, 0x2e, 0x2e, 0x2e, 0x2e, 0x2e, 0x2e, 0x2e, 0x2e,
  0x2e, 0x2e, 0x2e, 0x2e, 0x2e, 0x2e, 0x2e, 0x2e, 0x2e, 0x2e, 0x2e, 0x2e,
  0x2e, 0x2e, 0x2e, 0x2e, 0x2e, 0x2e, 0x2e, 0x2e, 0x2e, 0x2e, 0x2e, 0x2e,
  0x2e, 0x2e, 0x00, 0x2e, 0x2e, 0x2e, 0x2e, 0x2e, 0x2e, 0x2e, 0x2e, 0x2e,
  0x2e, 0x2e, 0x2e, 0x2e, 0x2e, 0x2e, 0x2e, 0x2e, 0x2e, 0x2e, 0x2e, 0x2e,
  0x2e, 0x2e, 0x2e, 0x31, 0x30, 0x01, 0x49, 0x68, 0xb9, 0x00, 0x1e, 0x00,
  0x24, 0x49, 0x68, 0x61, 0xb0, 0x40, 0x52, 0x58, 0x38, 0x11, 0x37, 0xb9,
  0x00, 0x24, 0xff, 0xc0, 0x38, 0x59, 0x13, 0x11, 0x33, 0x35, 0x33, 0x35,
  0x33, 0x35, 0x33, 0x15, 0x33, 0x15, 0x33, 0x15, 0x23, 0x15, 0x33, 0x15,
  0x21, 0x35, 0x33, 0x35, 0x33, 0x35, 0x21, 0x15, 0x23, 0x15, 0x23, 0x15,
  0x23, 0x35, 0x33, 0x35, 0x23, 0x11, 0x7d, 0x7d, 0x7d, 0x7d, 0x7d, 0x7d,
  0x7d, 0x7d, 0x7d, 0xfe, 0x89, 0x7d, 0x7d, 0xfe, 0x89, 0x7d, 0x7d, 0x7d,
  0x7d, 0x7d, 0x02, 0x71, 0xfe, 0x89, 0x7d, 0x7d, 0x7d, 0x7d, 0x7d, 0x7d,
  0x7d, 0x7d, 0x7d, 0x7d, 0x7d, 0x7d, 0x7d, 0x7d, 0x7d, 0x7d, 0x01, 0x77,
  0x00, 0x01, 0x00, 0x00, 0x00, 0x00, 0x03, 0x6b, 0x02, 0x71, 0x00, 0x21,
  0x00, 0xc1, 0x40, 0x6b, 0x01, 0x22, 0x22, 0x40, 0x23, 0x09, 0x09, 0x08,
  0x0c, 0x0b, 0x08, 0x03, 0x07, 0x04, 0x0a, 0x09, 0x06, 0x05, 0x02, 0x03,
  0x01, 0x04, 0x00, 0x1a, 0x19, 0x16, 0x03, 0x15, 0x04, 0x13, 0x1c, 0x1b,
  0x18, 0x17, 0x14, 0x05, 0x13, 0x04, 0x11, 0x1e, 0x1d, 0x12, 0x03, 0x11,
  0x04, 0x0f, 0x21, 0x0e, 0x0d, 0x04, 0x03, 0x05, 0x00, 0x04, 0x20, 0x1f,
  0x10, 0x03, 0x0f, 0x03, 0x02, 0x06, 0x04, 0x1f, 0x1e, 0x0f, 0x0e, 0x05,
  0x05, 0x04, 0x06, 0x1d, 0x1c, 0x19, 0x18, 0x11, 0x10, 0x07, 0x07, 0x06,
  0x17, 0x16, 0x13, 0x12, 0x0d, 0x05, 0x0c, 0x06, 0x0a, 0x21, 0x20, 0x02,
  0x15, 0x14, 0x0b, 0x03, 0x0a, 0x01, 0x1b, 0x1a, 0x01, 0x03, 0x00, 0x03,
  0x01, 0x15, 0x46, 0x76, 0x2f, 0x37, 0x18, 0x00, 0x3f, 0x17, 0x3c, 0x3f,
  0x17, 0x3c, 0x3f, 0x3c, 0x10, 0xfd, 0x17, 0x3c, 0x2f, 0x17, 0x3c, 0xfd,
  0x17, 0x3c, 0x10, 0xfd, 0x3c, 0x01, 0x2f, 0x17, 0x3c, 0xfd, 0x17, 0x3c,
  0x10, 0xfd, 0x17, 0x3c, 0x10, 0xfd, 0x17, 0x3c, 0x10, 0xfd, 0x17, 0x3c,
  0x10, 0xfd, 0x17, 0x3c, 0x2f, 0x3c, 0xfd, 0x17, 0x3c, 0x00, 0x2e, 0x2e,
  0x31, 0x30, 0x01, 0x49, 0x68, 0xb9, 0x00, 0x15, 0x00, 0x22, 0x49, 0x68,
  0x61, 0xb0, 0x40, 0x52, 0x58, 0x38, 0x11, 0x37, 0xb9, 0x00, 0x22, 0xff,
  0xc0, 0x38, 0x59, 0x01, 0x33, 0x15, 0x23, 0x15, 0x33, 0x15, 0x33, 0x35,
  0x33, 0x11, 0x23, 0x35, 0x23, 0x35, 0x23, 0x15, 0x23, 0x15, 0x23, 0x15,
  0x23, 0x35, 0x33, 0x35, 0x23, 0x11, 0x33, 0x11, 0x33, 0x35, 0x33, 0x35,
  0x33, 0x01, 0xf4, 0x7d, 0x7d, 0x7d, 0x7d, 0x7d, 0x7d, 0xfa, 0x7d, 0x7d,
  0x7d, 0x7d, 0x7d, 0x7d, 0x7d, 0x7d, 0x7d, 0x7d, 0x02, 0x71, 0x7d, 0x7d,
  0x7d, 0x6a, 0xfe, 0x9c, 0x7d, 0xfa, 0x7d, 0x7d, 0x7d, 0x7d, 0x7d, 0x01,
  0x77, 0xfe, 0x89, 0x7d, 0x7d, 0x00, 0x00, 0x01, 0x00, 0x00, 0x00, 0x00,
  0x03, 0xe8, 0x02, 0x71, 0x00, 0x25, 0x00, 0xca, 0x40, 0x72, 0x01, 0x26,
  0x26, 0x40, 0x27, 0x0f, 0x23, 0x22, 0x09, 0x08, 0x18, 0x17, 0x02, 0x03,
  0x01, 0x05, 0x1b, 0x24, 0x23, 0x1e, 0x03, 0x1d, 0x05, 0x00, 0x16, 0x15,
  0x04, 0x03, 0x03, 0x04, 0x05, 0x14, 0x13, 0x0a, 0x09, 0x06, 0x05, 0x05,
  0x04, 0x0c, 0x0b, 0x08, 0x03, 0x07, 0x12, 0x11, 0x0e, 0x03, 0x0d, 0x04,
  0x10, 0x0f, 0x25, 0x20, 0x1f, 0x1a, 0x19, 0x05, 0x00, 0x04, 0x22, 0x21,
  0x1c, 0x03, 0x1b, 0x1d, 0x1c, 0x19, 0x18, 0x13, 0x05, 0x12, 0x06, 0x0c,
  0x21, 0x20, 0x15, 0x14, 0x0f, 0x0e, 0x0b, 0x0a, 0x03, 0x09, 0x02, 0x06,
  0x1f, 0x1e, 0x17, 0x16, 0x0d, 0x05, 0x0c, 0x1b, 0x1a, 0x11, 0x03, 0x10,
  0x01, 0x25, 0x24, 0x07, 0x03, 0x06, 0x03, 0x05, 0x04, 0x01, 0x03, 0x00,
  0x02, 0x01, 0x1d, 0x46, 0x76, 0x2f, 0x37, 0x18, 0x00, 0x3f, 0x17, 0x3c,
  0x3f, 0x17, 0x3c, 0x3f, 0x17, 0x3c, 0x2f, 0x17, 0x3c, 0xfd, 0x17, 0x3c,
  0x10, 0xfd, 0x17, 0x3c, 0x01, 0x2f, 0x17, 0x3c, 0xfd, 0x17, 0x3c, 0x2f,
  0x3c, 0xfd, 0x17, 0x3c, 0x2f, 0x17, 0x3c, 0xfd, 0x17, 0x3c, 0x10, 0xfd,
  0x17, 0x3c, 0x10, 0xfd, 0x17, 0x3c, 0x10, 0xfd, 0x17, 0x3c, 0x00, 0x2e,
  0x2e, 0x2e, 0x2e, 0x31, 0x30, 0x01, 0x49, 0x68, 0xb9, 0x00, 0x1d, 0x00,
  0x26, 0x49, 0x68, 0x61, 0xb0, 0x40, 0x52, 0x58, 0x38, 0x11, 0x37, 0xb9,
  0x00, 0x26, 0xff, 0xc0, 0x38, 0x59, 0x13, 0x33, 0x15, 0x33, 0x35, 0x33,
  0x35, 0x33, 0x15, 0x23, 0x15, 0x33, 0x15, 0x33, 0x35, 0x33, 0x11, 0x23,
  0x35, 0x23, 0x35, 0x23, 0x15, 0x23, 0x15, 0x23, 0x15, 0x23, 0x35, 0x23,
  0x35, 0x33, 0x35, 0x23, 0x35, 0x23, 0x35, 0x33, 0xfa, 0x7d, 0x7d, 0x7d,
  0x7d, 0x7d, 0x7d, 0x7d, 0x7d, 0x7d, 0xfa, 0x7d, 0x7d, 0x7d, 0x7d, 0x7d,
  0xfa, 0x7d, 0x7d, 0xfa, 0x01, 0xf4, 0x7d, 0x7d, 0x7d, 0x7d, 0x7d, 0x7d,
  0x7d, 0xfe, 0x89, 0x7d, 0xfa, 0x7d, 0x7d, 0x7d, 0x7d, 0x7d, 0x7d, 0x7d,
  0x7d, 0x00, 0x00, 0x01, 0x00, 0x00, 0x00, 0x00, 0x02, 0x71, 0x02, 0x71,
  0x00, 0x0d, 0x00, 0x68, 0x40, 0x28, 0x01, 0x0e, 0x0e, 0x40, 0x0f, 0x01,
  0x0d, 0x0c, 0x07, 0x06, 0x05, 0x04, 0x01, 0x00, 0x0d, 0x0c, 0x0b, 0x0a,
  0x09, 0x08, 0x07, 0x06, 0x05, 0x04, 0x03, 0x02, 0x01, 0x00, 0x0b, 0x0a,
  0x02, 0x09, 0x08, 0x03, 0x03, 0x02, 0x01, 0x01, 0x05, 0x46, 0x76, 0x2f,
  0x37, 0x18, 0x00, 0x3f, 0x3c, 0x3f, 0x3c, 0x3f, 0x3c, 0x01, 0x2e, 0x2e,
  0x2e, 0x2e, 0x2e, 0x2e, 0x2e, 0x2e, 0x2e, 0x2e, 0x2e, 0x2e, 0x2e, 0x2e,
  0x00, 0x2e, 0x2e, 0x2e, 0x2e, 0x2e, 0x2e, 0x2e, 0x2e, 0x31, 0x30, 0x01,
  0x49, 0x68, 0xb9, 0x00, 0x05, 0x00, 0x0e, 0x49, 0x68, 0x61, 0xb0, 0x40,
  0x52, 0x58, 0x38, 0x11, 0x37, 0xb9, 0x00, 0x0e, 0xff, 0xc0, 0x38, 0x59,
  0x37, 0x21, 0x15, 0x21, 0x35, 0x23, 0x35, 0x33, 0x11, 0x33, 0x15, 0x33,
  0x15, 0x23, 0xfa, 0x01, 0x77, 0xfe, 0x0c, 0x7d, 0x7d, 0x7d, 0x7d, 0x7d,
  0x7d, 0x7d, 0x7d, 0x7d, 0x01, 0x77, 0x7d, 0x7d, 0x00, 0x01, 0x00, 0x00,
  0x00, 0x00, 0x01, 0x77, 0x02, 0x71, 0x00, 0x0b, 0x00, 0x60, 0x40, 0x24,
  0x01, 0x0c, 0x0c, 0x40, 0x0d, 0x01, 0x09, 0x08, 0x07, 0x06, 0x03, 0x02,
  0x0b, 0x0a, 0x09, 0x08, 0x07, 0x06, 0x05, 0x04, 0x03, 0x02, 0x01, 0x00,
  0x0b, 0x0a, 0x03, 0x05, 0x04, 0x01, 0x01, 0x00, 0x02, 0x01, 0x07, 0x46,
  0x76, 0x2f, 0x37, 0x18, 0x00, 0x3f, 0x3c, 0x3f, 0x3c, 0x3f, 0x3c, 0x01,
  0x2e, 0x2e, 0x2e, 0x2e, 0x2e, 0x2e, 0x2e, 0x2e, 0x2e, 0x2e, 0x2e, 0x2e,
  0x00, 0x2e, 0x2e, 0x2e, 0x2e, 0x2e, 0x2e, 0x31, 0x30, 0x01, 0x49, 0x68,
  0xb9, 0x00, 0x07, 0x00, 0x0c, 0x49, 0x68, 0x61, 0xb0, 0x40, 0x52, 0x58,
  0x38, 0x11, 0x37, 0xb9, 0x00, 0x0c, 0xff, 0xc0, 0x38, 0x59, 0x13, 0x33,
  0x15, 0x23, 0x11, 0x23, 0x35, 0x23, 0x35, 0x33, 0x11, 0x33, 0xfa, 0x7d,
  0x7d, 0x7d, 0x7d, 0x7d, 0x7d, 0x01, 0xf4, 0x7d, 0xfe, 0x89, 0x7d, 0x7d,
  0x01, 0x77, 0x00, 0x02, 0x00, 0x00, 0x00, 0x00, 0x02, 0x71, 0x03, 0xe8,
  0x00, 0x0b, 0x00, 0x1b, 0x00, 0x9f, 0x40, 0x44, 0x01, 0x1c, 0x1c, 0x40,
  0x1d, 0x0e, 0x1b, 0x1a, 0x19, 0x16, 0x15, 0x14, 0x13, 0x12, 0x11, 0x0e,
  0x0d, 0x0c, 0x09, 0x08, 0x07, 0x06, 0x05, 0x04, 0x01, 0x00, 0x1b, 0x1a,
  0x19, 0x18, 0x17, 0x16, 0x15, 0x14, 0x13, 0x12, 0x11, 0x10, 0x0f, 0x0e,
  0x0d, 0x0c, 0x0b, 0x0a, 0x09, 0x08, 0x07, 0x06, 0x05, 0x04, 0x03, 0x02,
  0x01, 0x00, 0x0b, 0x0a, 0x03, 0x03, 0x02, 0x18, 0x17, 0x03, 0x10, 0x0f,
  0x01, 0x01, 0x10, 0x46, 0x76, 0x2f, 0x37, 0x18, 0x00, 0x3f, 0x3c, 0x3f,
  0x3c, 0x2f, 0x17, 0x3c, 0x01, 0x2e, 0x2e, 0x2e, 0x2e, 0x2e, 0x2e, 0x2e,
  0x2e, 0x2e, 0x2e, 0x2e, 0x2e, 0x2e, 0x2e, 0x2e, 0x2e, 0x2e, 0x2e, 0x2e,
  0x2e, 0x2e, 0x2e, 0x2e, 0x2e, 0x2e, 0x2e, 0x2e, 0x2e, 0x00, 0x2e, 0x2e,
  0x2e, 0x2e, 0x2e, 0x2e, 0x2e, 0x2e, 0x2e, 0x2e, 0x2e, 0x2e, 0x2e, 0x2e,
  0x2e, 0x2e, 0x2e, 0x2e, 0x2e, 0x2e, 0x31, 0x30, 0x01, 0x49, 0x68, 0xb9,
  0x00, 0x10, 0x00, 0x1c, 0x49, 0x68, 0x61, 0xb0, 0x40, 0x52, 0x58, 0x38,
  0x11, 0x37, 0xb9, 0x00, 0x1c, 0xff, 0xc0, 0x38, 0x59, 0x01, 0x23, 0x35,
  0x23, 0x15, 0x33, 0x15, 0x33, 0x35, 0x33, 0x35, 0x23, 0x03, 0x15, 0x21,
  0x15, 0x21, 0x35, 0x33, 0x35, 0x21, 0x35, 0x21, 0x35, 0x21, 0x15, 0x23,
  0x15, 0x01, 0x77, 0x7d, 0x7d, 0x7d, 0x7d, 0x7d, 0x7d, 0xfa, 0x01, 0xf4,
  0xfd, 0x8f, 0x7d, 0x01, 0x77, 0xfe, 0x0c, 0x02, 0x71, 0x7d, 0x03, 0x6b,
  0x7d, 0x7d, 0x7d, 0x7d, 0x7d, 0xfd, 0x12, 0x7d, 0x7d, 0xfa, 0x7d, 0x7d,
  0x7d, 0xfa, 0x7d, 0x00, 0x00, 0x02, 0x00, 0x00, 0x00, 0x00, 0x01, 0xf4,
  0x03, 0x6b, 0x00, 0x0f, 0x00, 0x1b, 0x00, 0xa9, 0x40, 0x54, 0x01, 0x1c,
  0x1c, 0x40, 0x1d, 0x04, 0x19, 0x18, 0x15, 0x14, 0x11, 0x10, 0x1a, 0x19,
  0x14, 0x13, 0x0d, 0x0c, 0x0b, 0x0a, 0x05, 0x04, 0x03, 0x02, 0x1b, 0x18,
  0x17, 0x10, 0x07, 0x05, 0x06, 0x04, 0x00, 0x09, 0x08, 0x01, 0x03, 0x00,
  0x04, 0x16, 0x15, 0x12, 0x11, 0x0f, 0x05, 0x0e, 0x0f, 0x08, 0x07, 0x03,
  0x00, 0x07, 0x0b, 0x06, 0x05, 0x02, 0x03, 0x01, 0x06, 0x03, 0x0e, 0x0d,
  0x0a, 0x03, 0x09, 0x06, 0x0b, 0x1b, 0x1a, 0x13, 0x03, 0x12, 0x17, 0x16,
  0x03, 0x0c, 0x0b, 0x01, 0x04, 0x03, 0x02, 0x01, 0x02, 0x46, 0x76, 0x2f,
  0x37, 0x18, 0x00, 0x3f, 0x3c, 0x3f, 0x3c, 0x3f, 0x3c, 0x2f, 0x17, 0x3c,
  0x10, 0xfd, 0x17, 0x3c, 0x10, 0xfd, 0x17, 0x3c, 0x10, 0xfd, 0x17, 0x3c,
  0x01, 0x2f, 0x17, 0x3c, 0xfd, 0x17, 0x3c, 0x10, 0xfd, 0x17, 0x3c, 0x2e,
  0x2e, 0x2e, 0x2e, 0x2e, 0x2e, 0x2e, 0x2e, 0x2e, 0x2e, 0x2e, 0x2e, 0x00,
  0x2e, 0x2e, 0x2e, 0x2e, 0x2e, 0x2e, 0x31, 0x30, 0x01, 0x49, 0x68, 0xb9,
  0x00, 0x02, 0x00, 0x1c, 0x49, 0x68, 0x61, 0xb0, 0x40, 0x52, 0x58, 0x38,
  0x11, 0x37, 0xb9, 0x00, 0x1c, 0xff, 0xc0, 0x38, 0x59, 0x37, 0x35, 0x23,
  0x35, 0x21, 0x15, 0x23, 0x15, 0x23, 0x15, 0x33, 0x15, 0x21, 0x35, 0x33,
  0x35, 0x13, 0x23, 0x35, 0x23, 0x15, 0x33, 0x15, 0x33, 0x35, 0x33, 0x35,
  0x23, 0xfa, 0xfa, 0x01, 0xf4, 0x7d, 0x7d, 0xfa, 0xfe, 0x0c, 0x7d, 0xfa,
  0xfa, 0x7d, 0x7d, 0xfa, 0x7d, 0x7d, 0xfa, 0x7d, 0x7d, 0x7d, 0x7d, 0x7d,
  0x7d, 0x7d, 0x7d, 0x01, 0xf4, 0x7d, 0x7d, 0x7d, 0x7d, 0x7d, 0x00, 0x01,
  0x00, 0x00, 0x00, 0x00, 0x02, 0x71, 0x02, 0x71, 0x00, 0x13, 0x00, 0x80,
  0x40, 0x35, 0x01, 0x14, 0x14, 0x40, 0x15, 0x00, 0x0d, 0x0c, 0x0b, 0x0a,
  0x09, 0x08, 0x05, 0x04, 0x03, 0x02, 0x01, 0x00, 0x13, 0x12, 0x11, 0x10,
  0x0f, 0x0e, 0x0d, 0x0c, 0x0b, 0x0a, 0x09, 0x08, 0x07, 0x06, 0x05, 0x04,
  0x03, 0x02, 0x01, 0x00, 0x11, 0x10, 0x03, 0x13, 0x12, 0x0f, 0x03, 0x0e,
  0x02, 0x07, 0x06, 0x01, 0x01, 0x09, 0x46, 0x76, 0x2f, 0x37, 0x18, 0x00,
  0x3f, 0x3c, 0x3f, 0x17, 0x3c, 0x3f, 0x3c, 0x01, 0x2e, 0x2e, 0x2e, 0x2e,
  0x2e, 0x2e, 0x2e, 0x2e, 0x2e, 0x2e, 0x2e, 0x2e, 0x2e, 0x2e, 0x2e, 0x2e,
  0x2e, 0x2e, 0x2e, 0x2e, 0x00, 0x2e, 0x2e, 0x2e, 0x2e, 0x2e, 0x2e, 0x2e,
  0x2e, 0x2e, 0x2e, 0x2e, 0x2e, 0x31, 0x30, 0x01, 0x49, 0x68, 0xb9, 0x00,
  0x09, 0x00, 0x14, 0x49, 0x68, 0x61, 0xb0, 0x40, 0x52, 0x58, 0x38, 0x11,
  0x37, 0xb9, 0x00, 0x14, 0xff, 0xc0, 0x38, 0x59, 0x01, 0x23, 0x15, 0x33,
  0x15, 0x21, 0x15, 0x23, 0x35, 0x23, 0x35, 0x33, 0x35, 0x23, 0x35, 0x21,
  0x35, 0x33, 0x15, 0x33, 0x02, 0x71, 0xfa, 0xfa, 0xfe, 0x89, 0x7d, 0x7d,
  0xfa, 0xfa, 0x01, 0x77, 0x7d, 0x7d, 0x01, 0x77, 0x7d, 0x7d, 0x7d, 0x7d,
  0x7d, 0x7d, 0x7d, 0x7d, 0x7d, 0x00, 0x00, 0x03, 0x00, 0x00, 0x00, 0x7d,
  0x02, 0x71, 0x01, 0xf4, 0x00, 0x03, 0x00, 0x17, 0x00, 0x1b, 0x00, 0x9e,
  0x40, 0x44, 0x01, 0x1c, 0x1c, 0x40, 0x1d, 0x16, 0x1b, 0x1a, 0x19, 0x18,
  0x17, 0x16, 0x15, 0x12, 0x11, 0x0e, 0x0d, 0x0c, 0x0b, 0x08, 0x07, 0x04,
  0x03, 0x02, 0x01, 0x00, 0x1b, 0x1a, 0x19, 0x18, 0x17, 0x16, 0x15, 0x14,
  0x13, 0x12, 0x11, 0x10, 0x0f, 0x0e, 0x0d, 0x0c, 0x0b, 0x0a, 0x09, 0x08,
  0x07, 0x06, 0x05, 0x04, 0x03, 0x02, 0x01, 0x00, 0x0a, 0x09, 0x06, 0x03,
  0x05, 0x14, 0x13, 0x10, 0x03, 0x0f, 0x02, 0x01, 0x0c, 0x46, 0x76, 0x2f,
  0x37, 0x18, 0x00, 0x3f, 0x17, 0x3c, 0x2f, 0x17, 0x3c, 0x01, 0x2e, 0x2e,
  0x2e, 0x2e, 0x2e, 0x2e, 0x2e, 0x2e, 0x2e, 0x2e, 0x2e, 0x2e, 0x2e, 0x2e,
  0x2e, 0x2e, 0x2e, 0x2e, 0x2e, 0x2e, 0x2e, 0x2e, 0x2e, 0x2e, 0x2e, 0x2e,
  0x2e, 0x2e, 0x00, 0x2e, 0x2e, 0x2e, 0x2e, 0x2e, 0x2e, 0x2e, 0x2e, 0x2e,
  0x2e, 0x2e, 0x2e, 0x2e, 0x2e, 0x2e, 0x2e, 0x2e, 0x2e, 0x2e, 0x2e, 0x31,
  0x30, 0x01, 0x49, 0x68, 0xb9, 0x00, 0x0c, 0x00, 0x1c, 0x49, 0x68, 0x61,
  0xb0, 0x40, 0x52, 0x58, 0x38, 0x11, 0x37, 0xb9, 0x00, 0x1c, 0xff, 0xc0,
  0x38, 0x59, 0x37, 0x35, 0x23, 0x15, 0x05, 0x15, 0x23, 0x35, 0x23, 0x15,
  0x23, 0x35, 0x23, 0x35, 0x33, 0x35, 0x33, 0x15, 0x33, 0x35, 0x33, 0x15,
  0x33, 0x15, 0x27, 0x33, 0x35, 0x23, 0xfa, 0x7d, 0x01, 0x77, 0x7d, 0x7d,
  0x7d, 0x7d, 0x7d, 0x7d, 0x7d, 0x7d, 0x7d, 0xfa, 0x7d, 0x7d, 0xff, 0x73,
  0x73, 0x05, 0x7d, 0x7d, 0x7d, 0x7d, 0x7d, 0x7d, 0x7d, 0x7d, 0x7d, 0x7d,
  0x05, 0x73, 0x00, 0x02, 0x00, 0x00, 0x00, 0x00, 0x01, 0xf4, 0x02, 0x71,
  0x00, 0x03, 0x00, 0x0f, 0x00, 0x70, 0x40, 0x2c, 0x01, 0x10, 0x10, 0x40,
  0x11, 0x02, 0x0f, 0x0e, 0x0d, 0x0c, 0x0b, 0x0a, 0x09, 0x08, 0x02, 0x01,
  0x0f, 0x0e, 0x0d, 0x0c, 0x0b, 0x0a, 0x09, 0x08, 0x07, 0x06, 0x05, 0x04,
  0x03, 0x02, 0x01, 0x00, 0x07, 0x06, 0x03, 0x05, 0x04, 0x02, 0x03, 0x00,
  0x01, 0x01, 0x00, 0x46, 0x76, 0x2f, 0x37, 0x18, 0x00, 0x3f, 0x3c, 0x3f,
  0x3c, 0x3f, 0x3c, 0x01, 0x2e, 0x2e, 0x2e, 0x2e, 0x2e, 0x2e, 0x2e, 0x2e,
  0x2e, 0x2e, 0x2e, 0x2e, 0x2e, 0x2e, 0x2e, 0x2e, 0x00, 0x2e, 0x2e, 0x2e,
  0x2e, 0x2e, 0x2e, 0x2e, 0x2e, 0x2e, 0x2e, 0x31, 0x30, 0x01, 0x49, 0x68,
  0xb9, 0x00, 0x00, 0x00, 0x10, 0x49, 0x68, 0x61, 0xb0, 0x40, 0x52, 0x58,
  0x38, 0x11, 0x37, 0xb9, 0x00, 0x10, 0xff, 0xc0, 0x38, 0x59, 0x31, 0x35,
  0x21, 0x15, 0x01, 0x33, 0x35, 0x33, 0x15, 0x23, 0x15, 0x33, 0x15, 0x23,
  0x35, 0x23, 0x01, 0xf4, 0xfe, 0x0c, 0xfa, 0xfa, 0xfa, 0xfa, 0xfa, 0xfa,
  0x7d, 0x7d, 0x01, 0xf4, 0x7d, 0x7d, 0x7d, 0x7d, 0x7d, 0x00, 0x00, 0x02,
  0x00, 0x00, 0x00, 0x00, 0x01, 0xf4, 0x02, 0x71, 0x00, 0x03, 0x00, 0x0f,
  0x00, 0x70, 0x40, 0x2c, 0x01, 0x10, 0x10, 0x40, 0x11, 0x00, 0x0c, 0x0b,
  0x0a, 0x09, 0x08, 0x07, 0x06, 0x05, 0x03, 0x02, 0x0f, 0x0e, 0x0d, 0x0c,
  0x0b, 0x0a, 0x09, 0x08, 0x07, 0x06, 0x05, 0x04, 0x03, 0x02, 0x01, 0x00,
  0x0e, 0x0d, 0x03, 0x0f, 0x04, 0x02, 0x01, 0x00, 0x01, 0x01, 0x01, 0x46,
  0x76, 0x2f, 0x37, 0x18, 0x00, 0x3f, 0x3c, 0x3f, 0x3c, 0x3f, 0x3c, 0x01,
  0x2e, 0x2e, 0x2e, 0x2e, 0x2e, 0x2e, 0x2e, 0x2e, 0x2e, 0x2e, 0x2e, 0x2e,
  0x2e, 0x2e, 0x2e, 0x2e, 0x00, 0x2e, 0x2e, 0x2e, 0x2e, 0x2e, 0x2e, 0x2e,
  0x2e, 0x2e, 0x2e, 0x31, 0x30, 0x01, 0x49, 0x68, 0xb9, 0x00, 0x01, 0x00,
  0x10, 0x49, 0x68, 0x61, 0xb0, 0x40, 0x52, 0x58, 0x38, 0x11, 0x37, 0xb9,
  0x00, 0x10, 0xff, 0xc0, 0x38, 0x59, 0x29, 0x01, 0x35, 0x21, 0x11, 0x15,
  0x23, 0x15, 0x23, 0x35, 0x33, 0x35, 0x23, 0x35, 0x33, 0x15, 0x01, 0xf4,
  0xfe, 0x0c, 0x01, 0xf4, 0xfa, 0xfa, 0xfa, 0xfa, 0xfa, 0x7d, 0x01, 0x77,
  0x7d, 0x7d, 0x7d, 0x7d, 0x7d, 0x7d, 0x00, 0x02, 0x00, 0x00, 0x00, 0x00,
  0x01, 0x77, 0x02, 0x71, 0x00, 0x03, 0x00, 0x17, 0x00, 0x90, 0x40, 0x3c,
  0x01, 0x18, 0x18, 0x40, 0x19, 0x07, 0x17, 0x16, 0x15, 0x14, 0x13, 0x12,
  0x11, 0x10, 0x0d, 0x0c, 0x0b, 0x0a, 0x09, 0x08, 0x03, 0x02, 0x01, 0x00,
  0x17, 0x16, 0x15, 0x14, 0x13, 0x12, 0x11, 0x10, 0x0f, 0x0e, 0x0d, 0x0c,
  0x0b, 0x0a, 0x09, 0x08, 0x07, 0x06, 0x05, 0x04, 0x03, 0x02, 0x01, 0x00,
  0x0f, 0x0e, 0x01, 0x07, 0x06, 0x02, 0x05, 0x04, 0x03, 0x01, 0x11, 0x46,
  0x76, 0x2f, 0x37, 0x18, 0x00, 0x3f, 0x3c, 0x3f, 0x3c, 0x3f, 0x3c, 0x01,
  0x2e, 0x2e, 0x2e, 0x2e, 0x2e, 0x2e, 0x2e, 0x2e, 0x2e, 0x2e, 0x2e, 0x2e,
  0x2e, 0x2e, 0x2e, 0x2e, 0x2e, 0x2e, 0x2e, 0x2e, 0x2e, 0x2e, 0x2e, 0x2e,
  0x00, 0x2e, 0x2e, 0x2e, 0x2e, 0x2e, 0x2e, 0x2e, 0x2e, 0x2e, 0x2e, 0x2e,
  0x2e, 0x2e, 0x2e, 0x2e, 0x2e, 0x2e, 0x2e, 0x31, 0x30, 0x01, 0x49, 0x68,
  0xb9, 0x00, 0x11, 0x00, 0x18, 0x49, 0x68, 0x61, 0xb0, 0x40, 0x52, 0x58,
  0x38, 0x11, 0x37, 0xb9, 0x00, 0x18, 0xff, 0xc0, 0x38, 0x59, 0x37, 0x33,
  0x35, 0x23, 0x11, 0x33, 0x15, 0x33, 0x15, 0x23, 0x15, 0x33, 0x15, 0x23,
  0x15, 0x23, 0x35, 0x23, 0x35, 0x33, 0x35, 0x33, 0x35, 0x23, 0x7d, 0x7d,
  0x7d, 0x7d, 0x7d, 0x7d, 0x7d, 0x7d, 0x7d, 0x7d, 0x7d, 0x7d, 0x7d, 0x82,
  0x73, 0x01, 0x7c, 0x7d, 0x7d, 0x7d, 0x7d, 0x7d, 0x7d, 0x7d, 0x7d, 0x7d,
  0x00, 0x01, 0x00, 0x00, 0x00, 0x00, 0x02, 0x71, 0x02, 0x71, 0x00, 0x17,
  0x00, 0x8f, 0x40, 0x3b, 0x01, 0x18, 0x18, 0x40, 0x19, 0x00, 0x17, 0x16,
  0x15, 0x14, 0x13, 0x12, 0x11, 0x10, 0x0f, 0x0e, 0x0d, 0x0a, 0x09, 0x08,
  0x07, 0x06, 0x05, 0x04, 0x03, 0x00, 0x17, 0x16, 0x15, 0x14, 0x13, 0x12,
  0x11, 0x10, 0x0f, 0x0e, 0x0d, 0x0c, 0x0b, 0x0a, 0x09, 0x08, 0x07, 0x06,
  0x05, 0x04, 0x03, 0x02, 0x01, 0x00, 0x0c, 0x0b, 0x03, 0x02, 0x01, 0x01,
  0x01, 0x02, 0x46, 0x76, 0x2f, 0x37, 0x18, 0x00, 0x3f, 0x3c, 0x3f, 0x3c,
  0x01, 0x2e, 0x2e, 0x2e, 0x2e, 0x2e, 0x2e, 0x2e, 0x2e, 0x2e, 0x2e, 0x2e,
  0x2e, 0x2e, 0x2e, 0x2e, 0x2e, 0x2e, 0x2e, 0x2e, 0x2e, 0x2e, 0x2e, 0x2e,
  0x2e, 0x00, 0x2e, 0x2e, 0x2e, 0x2e, 0x2e, 0x2e, 0x2e, 0x2e, 0x2e, 0x2e,
  0x2e, 0x2e, 0x2e, 0x2e, 0x2e, 0x2e, 0x2e, 0x2e, 0x2e, 0x2e, 0x31, 0x30,
  0x01, 0x49, 0x68, 0xb9, 0x00, 0x02, 0x00, 0x18, 0x49, 0x68, 0x61, 0xb0,
  0x40, 0x52, 0x58, 0x38, 0x11, 0x37, 0xb9, 0x00, 0x18, 0xff, 0xc0, 0x38,
  0x59, 0x25, 0x15, 0x21, 0x35, 0x33, 0x35, 0x33, 0x35, 0x23, 0x35, 0x23,
  0x35, 0x21, 0x15, 0x23, 0x35, 0x23, 0x15, 0x33, 0x15, 0x23, 0x15, 0x33,
  0x35, 0x02, 0x71, 0xfd, 0x8f, 0x7d, 0x7d, 0x7d, 0x7d, 0x02, 0x71, 0x7d,
  0xfa, 0x7d, 0x7d, 0xfa, 0xfa, 0xfa, 0x7d, 0x7d, 0x7d, 0x7d, 0x7d, 0xfa,
  0x7d, 0x7d, 0x7d, 0x7d, 0x7d, 0x00, 0x00, 0x01, 0x00, 0x00, 0x00, 0x00,
  0x02, 0x71, 0x02, 0x71, 0x00, 0x0b, 0x00, 0x5f, 0x40, 0x24, 0x01, 0x0c,
  0x0c, 0x40, 0x0d, 0x01, 0x0b, 0x0a, 0x07, 0x06, 0x03, 0x02, 0x0b, 0x0a,
  0x09, 0x08, 0x07, 0x06, 0x05, 0x04, 0x03, 0x02, 0x01, 0x00, 0x09, 0x08,
  0x05, 0x03, 0x04, 0x01, 0x01, 0x00, 0x03, 0x01, 0x00, 0x46, 0x76, 0x2f,
  0x37, 0x18, 0x00, 0x3f, 0x3c, 0x3f, 0x17, 0x3c, 0x01, 0x2e, 0x2e, 0x2e,
  0x2e, 0x2e, 0x2e, 0x2e, 0x2e, 0x2e, 0x2e, 0x2e, 0x2e, 0x00, 0x2e, 0x2e,
  0x2e, 0x2e, 0x2e, 0x2e, 0x31, 0x30, 0x01, 0x49, 0x68, 0xb9, 0x00, 0x00,
  0x00, 0x0c, 0x49, 0x68, 0x61, 0xb0, 0x40, 0x52, 0x58, 0x38, 0x11, 0x37,
  0xb9, 0x00, 0x0c, 0xff, 0xc0, 0x38, 0x59, 0x11, 0x21, 0x15, 0x23, 0x11,
  0x23, 0x11, 0x23, 0x11, 0x23, 0x11, 0x23, 0x02, 0x71, 0x7d, 0x7d, 0x7d,
  0x7d, 0x7d, 0x02, 0x71, 0x7d, 0xfe, 0x0c, 0x01, 0xf4, 0xfe, 0x0c, 0x01,
  0xf4, 0x00, 0x00, 0x01, 0x00, 0x00, 0x00, 0x00, 0x02, 0x71, 0x01, 0xf4,
  0x00, 0x0b, 0x00, 0x5f, 0x40, 0x24, 0x01, 0x0c, 0x0c, 0x40, 0x0d, 0x01,
  0x0b, 0x0a, 0x07, 0x06, 0x03, 0x02, 0x0b, 0x0a, 0x09, 0x08, 0x07, 0x06,
  0x05, 0x04, 0x03, 0x02, 0x01, 0x00, 0x09, 0x08, 0x05, 0x03, 0x04, 0x01,
  0x01, 0x00, 0x02, 0x01, 0x00, 0x46, 0x76, 0x2f, 0x37, 0x18, 0x00, 0x3f,
  0x3c, 0x3f, 0x17, 0x3c, 0x01, 0x2e, 0x2e, 0x2e, 0x2e, 0x2e, 0x2e, 0x2e,
  0x2e, 0x2e, 0x2e, 0x2e, 0x2e, 0x00, 0x2e, 0x2e, 0x2e, 0x2e, 0x2e, 0x2e,
  0x31, 0x30, 0x01, 0x49, 0x68, 0xb9, 0x00, 0x00, 0x00, 0x0c, 0x49, 0x68,
  0x61, 0xb0, 0x40, 0x52, 0x58, 0x38, 0x11, 0x37, 0xb9, 0x00, 0x0c, 0xff,
  0xc0, 0x38, 0x59, 0x11, 0x21, 0x15, 0x23, 0x11, 0x23, 0x11, 0x23, 0x11,
  0x23, 0x11, 0x23, 0x02, 0x71, 0x7d, 0x7d, 0x7d, 0x7d, 0x7d, 0x01, 0xf4,
  0x7d, 0xfe, 0x89, 0x01, 0x77, 0xfe, 0x89, 0x01, 0x77, 0x00, 0x00, 0x01,
  0xff, 0x83, 0xff, 0x83, 0x00, 0xfa, 0x02, 0xee, 0x00, 0x0b, 0x00, 0x5f,
  0x40, 0x23, 0x01, 0x0c, 0x0c, 0x40, 0x0d, 0x05, 0x07, 0x06, 0x01, 0x00,
  0x0b, 0x0a, 0x09, 0x08, 0x07, 0x06, 0x05, 0x04, 0x03, 0x02, 0x01, 0x00,
  0x05, 0x04, 0x0b, 0x0a, 0x09, 0x08, 0x01, 0x03, 0x02, 0x03, 0x01, 0x00,
  0x46, 0x76, 0x2f, 0x37, 0x18, 0x00, 0x3f, 0x3c, 0x3f, 0x3c, 0x2f, 0x3c,
  0x2f, 0x3c, 0x01, 0x2e, 0x2e, 0x2e, 0x2e, 0x2e, 0x2e, 0x2e, 0x2e, 0x2e,
  0x2e, 0x2e, 0x2e, 0x00, 0x2e, 0x2e, 0x2e, 0x2e, 0x31, 0x30, 0x01, 0x49,
  0x68, 0xb9, 0x00, 0x00, 0x00, 0x0c, 0x49, 0x68, 0x61, 0xb0, 0x40, 0x52,
  0x58, 0x38, 0x11, 0x37, 0xb9, 0x00, 0x0c, 0xff, 0xc0, 0x38, 0x59, 0x23,
  0x33, 0x11, 0x33, 0x35, 0x33, 0x15, 0x23, 0x11, 0x23, 0x15, 0x23, 0x7d,
  0x7d, 0x7d, 0x7d, 0x7d, 0x7d, 0x7d, 0x02, 0x71, 0x7d, 0x7d, 0xfd, 0x8f,
  0x7d, 0x00, 0x00, 0x03, 0x00, 0x00, 0xff, 0x83, 0x02, 0x71, 0x02, 0xee,
  0x00, 0x0b, 0x00, 0x17, 0x00, 0x1b, 0x00, 0x9f, 0x40, 0x46, 0x01, 0x1c,
  0x1c, 0x40, 0x1d, 0x01, 0x1a, 0x19, 0x13, 0x12, 0x0f, 0x0e, 0x0d, 0x0c,
  0x0b, 0x0a, 0x07, 0x06, 0x01, 0x00, 0x1b, 0x1a, 0x19, 0x18, 0x17, 0x16,
  0x15, 0x14, 0x13, 0x12, 0x11, 0x10, 0x0f, 0x0e, 0x0d, 0x0c, 0x0b, 0x0a,
  0x09, 0x08, 0x07, 0x06, 0x05, 0x04, 0x03, 0x02, 0x01, 0x00, 0x1b, 0x18,
  0x17, 0x16, 0x03, 0x03, 0x02, 0x11, 0x10, 0x09, 0x03, 0x08, 0x03, 0x15,
  0x14, 0x05, 0x03, 0x04, 0x01, 0x01, 0x0c, 0x46, 0x76, 0x2f, 0x37, 0x18,
  0x00, 0x3f, 0x17, 0x3c, 0x3f, 0x17, 0x3c, 0x2f, 0x17, 0x3c, 0x2f, 0x3c,
  0x01, 0x2e, 0x2e, 0x2e, 0x2e, 0x2e, 0x2e, 0x2e, 0x2e, 0x2e, 0x2e, 0x2e,
  0x2e, 0x2e, 0x2e, 0x2e, 0x2e, 0x2e, 0x2e, 0x2e, 0x2e, 0x2e, 0x2e, 0x2e,
  0x2e, 0x2e, 0x2e, 0x2e, 0x2e, 0x00, 0x2e, 0x2e, 0x2e, 0x2e, 0x2e, 0x2e,
  0x2e, 0x2e, 0x2e, 0x2e, 0x2e, 0x2e, 0x2e, 0x2e, 0x31, 0x30, 0x01, 0x49,
  0x68, 0xb9, 0x00, 0x0c, 0x00, 0x1c, 0x49, 0x68, 0x61, 0xb0, 0x40, 0x52,
  0x58, 0x38, 0x11, 0x37, 0xb9, 0x00, 0x1c, 0xff, 0xc0, 0x38, 0x59, 0x21,
  0x33, 0x15, 0x23, 0x35, 0x23, 0x35, 0x33, 0x11, 0x33, 0x11, 0x23, 0x05,
  0x33, 0x35, 0x23, 0x11, 0x33, 0x11, 0x33, 0x15, 0x23, 0x15, 0x23, 0x01,
  0x15, 0x21, 0x35, 0x01, 0xf4, 0x7d, 0x7d, 0x7d, 0x7d, 0x7d, 0x7d, 0xfe,
  0x0c, 0x7d, 0x7d, 0x7d, 0x7d, 0x7d, 0x7d, 0x01, 0xf4, 0xfe, 0x89, 0x7d,
  0x7d, 0x7d, 0x01, 0xf4, 0xfe, 0x0c, 0x7d, 0x7d, 0x01, 0xf4, 0xfe, 0x0c,
  0x7d, 0x7d, 0x03, 0x6b, 0x7d, 0x7d, 0x00, 0x01, 0x00, 0x00, 0x00, 0x00,
  0x02, 0x71, 0x01, 0xf4, 0x00, 0x13, 0x00, 0x7f, 0x40, 0x33, 0x01, 0x14,
  0x14, 0x40, 0x15, 0x01, 0x13, 0x12, 0x11, 0x10, 0x0f, 0x0e, 0x0d, 0x0c,
  0x0b, 0x0a, 0x07, 0x06, 0x05, 0x04, 0x03, 0x02, 0x13, 0x12, 0x11, 0x10,
  0x0f, 0x0e, 0x0d, 0x0c, 0x0b, 0x0a, 0x09, 0x08, 0x07, 0x06, 0x05, 0x04,
  0x03, 0x02, 0x01, 0x00, 0x09, 0x08, 0x01, 0x01, 0x00, 0x02, 0x01, 0x0b,
  0x46, 0x76, 0x2f, 0x37, 0x18, 0x00, 0x3f, 0x3c, 0x3f, 0x3c, 0x01, 0x2e,
  0x2e, 0x2e, 0x2e, 0x2e, 0x2e, 0x2e, 0x2e, 0x2e, 0x2e, 0x2e, 0x2e, 0x2e,
  0x2e, 0x2e, 0x2e, 0x2e, 0x2e, 0x2e, 0x2e, 0x00, 0x2e, 0x2e, 0x2e, 0x2e,
  0x2e, 0x2e, 0x2e, 0x2e, 0x2e, 0x2e, 0x2e, 0x2e, 0x2e, 0x2e, 0x2e, 0x2e,
  0x31, 0x30, 0x01, 0x49, 0x68, 0xb9, 0x00, 0x0b, 0x00, 0x14, 0x49, 0x68,
  0x61, 0xb0, 0x40, 0x52, 0x58, 0x38, 0x11, 0x37, 0xb9, 0x00, 0x14, 0xff,
  0xc0, 0x38, 0x59, 0x01, 0x33, 0x15, 0x23, 0x15, 0x23, 0x15, 0x23, 0x15,
  0x23, 0x35, 0x23, 0x35, 0x33, 0x15, 0x33, 0x35, 0x33, 0x35, 0x33, 0x01,
  0xf4, 0x7d, 0x7d, 0x7d, 0x7d, 0x7d, 0x7d, 0x7d, 0x7d, 0x7d, 0x7d, 0x01,
  0xf4, 0x7d, 0x7d, 0x7d, 0x7d, 0x7d, 0x7d, 0x7d, 0x7d, 0x7d, 0x00, 0x02,
  0x00, 0x00, 0x00, 0x7d, 0x02, 0x71, 0x02, 0xee, 0x00, 0x0f, 0x00, 0x1f,
  0x00, 0xae, 0x40, 0x4d, 0x01, 0x20, 0x20, 0x40, 0x21, 0x01, 0x1f, 0x1e,
  0x1d, 0x1c, 0x1b, 0x1a, 0x17, 0x16, 0x13, 0x12, 0x11, 0x10, 0x09, 0x08,
  0x07, 0x06, 0x05, 0x04, 0x03, 0x02, 0x1f, 0x1e, 0x1d, 0x1c, 0x1b, 0x1a,
  0x19, 0x18, 0x17, 0x16, 0x15, 0x14, 0x13, 0x12, 0x11, 0x10, 0x0f, 0x0e,
  0x0d, 0x0c, 0x0b, 0x0a, 0x09, 0x08, 0x07, 0x06, 0x05, 0x04, 0x03, 0x02,
  0x01, 0x00, 0x0d, 0x0c, 0x01, 0x03, 0x00, 0x19, 0x18, 0x15, 0x03, 0x14,
  0x0f, 0x0e, 0x0b, 0x03, 0x0a, 0x03, 0x01, 0x09, 0x46, 0x76, 0x2f, 0x37,
  0x18, 0x00, 0x3f, 0x17, 0x3c, 0x2f, 0x17, 0x3c, 0x2f, 0x17, 0x3c, 0x01,
  0x2e, 0x2e, 0x2e, 0x2e, 0x2e, 0x2e, 0x2e, 0x2e, 0x2e, 0x2e, 0x2e, 0x2e,
  0x2e, 0x2e, 0x2e, 0x2e, 0x2e, 0x2e, 0x2e, 0x2e, 0x2e, 0x2e, 0x2e, 0x2e,
  0x2e, 0x2e, 0x2e, 0x2e, 0x2e, 0x2e, 0x2e, 0x2e, 0x00, 0x2e, 0x2e, 0x2e,
  0x2e, 0x2e, 0x2e, 0x2e, 0x2e, 0x2e, 0x2e, 0x2e, 0x2e, 0x2e, 0x2e, 0x2e,
  0x2e, 0x2e, 0x2e, 0x2e, 0x2e, 0x31, 0x30, 0x01, 0x49, 0x68, 0xb9, 0x00,
  0x09, 0x00, 0x20, 0x49, 0x68, 0x61, 0xb0, 0x40, 0x52, 0x58, 0x38, 0x11,
  0x37, 0xb9, 0x00, 0x20, 0xff, 0xc0, 0x38, 0x59, 0x01, 0x33, 0x15, 0x23,
  0x15, 0x23, 0x35, 0x23, 0x15, 0x23, 0x35, 0x33, 0x35, 0x33, 0x15, 0x33,
  0x15, 0x33, 0x15, 0x23, 0x15, 0x23, 0x35, 0x23, 0x15, 0x23, 0x35, 0x33,
  0x35, 0x33, 0x15, 0x33, 0x01, 0xf4, 0x7d, 0x7d, 0x7d, 0xfa, 0x7d, 0x7d,
  0xfa, 0x7d, 0x7d, 0x7d, 0x7d, 0xfa, 0x7d, 0x7d, 0xfa, 0x7d, 0x02, 0xee,
  0x7d, 0x7c, 0x7c, 0x7c, 0x7c, 0x7d, 0x7d, 0xfb, 0x7c, 0x7d, 0x7d, 0x7d,
  0x7d, 0x7c, 0x7c, 0x00, 0x00, 0x02, 0x00, 0x00, 0x00, 0x00, 0x02, 0x71,
  0x02, 0x71, 0x00, 0x0b, 0x00, 0x13, 0x00, 0x8e, 0x40, 0x45, 0x01, 0x14,
  0x14, 0x40, 0x15, 0x08, 0x01, 0x00, 0x04, 0x02, 0x10, 0x0f, 0x03, 0x03,
  0x02, 0x04, 0x04, 0x12, 0x11, 0x04, 0x0b, 0x0a, 0x0e, 0x0d, 0x05, 0x03,
  0x04, 0x04, 0x07, 0x06, 0x13, 0x0c, 0x04, 0x09, 0x08, 0x11, 0x10, 0x0d,
  0x0c, 0x0b, 0x08, 0x07, 0x07, 0x00, 0x07, 0x01, 0x13, 0x12, 0x06, 0x09,
  0x0f, 0x0e, 0x06, 0x03, 0x0a, 0x09, 0x01, 0x04, 0x03, 0x03, 0x06, 0x05,
  0x02, 0x03, 0x01, 0x02, 0x01, 0x0a, 0x46, 0x76, 0x2f, 0x37, 0x18, 0x00,
  0x3f, 0x17, 0x3c, 0x3f, 0x3c, 0x3f, 0x3c, 0x10, 0xfd, 0x3c, 0x10, 0xfd,
  0x3c, 0x10, 0xfd, 0x17, 0x3c, 0x01, 0x2f, 0x3c, 0xfd, 0x3c, 0x2f, 0x3c,
  0xfd, 0x17, 0x3c, 0x2f, 0x3c, 0xfd, 0x3c, 0x10, 0xfd, 0x17, 0x3c, 0x10,
  0xfd, 0x3c, 0x00, 0x31, 0x30, 0x01, 0x49, 0x68, 0xb9, 0x00, 0x0a, 0x00,
  0x14, 0x49, 0x68, 0x61, 0xb0, 0x40, 0x52, 0x58, 0x38, 0x11, 0x37, 0xb9,
  0x00, 0x14, 0xff, 0xc0, 0x38, 0x59, 0x37, 0x35, 0x33, 0x35, 0x33, 0x15,
  0x33, 0x15, 0x33, 0x15, 0x21, 0x35, 0x21, 0x23, 0x35, 0x23, 0x15, 0x23,
  0x15, 0x21, 0x7d, 0x7d, 0x7d, 0x7d, 0x7d, 0xfd, 0x8f, 0x01, 0xef, 0x78,
  0x7d, 0x78, 0x01, 0x6d, 0xfa, 0xfa, 0x7d, 0x7d, 0xfa, 0xfa, 0xfa, 0xf5,
  0xf5, 0x7d, 0x00, 0x02, 0x00, 0x00, 0x00, 0x7d, 0x01, 0x77, 0x01, 0xf4,
  0x00, 0x0b, 0x00, 0x0f, 0x00, 0x6e, 0x40, 0x2a, 0x01, 0x10, 0x10, 0x40,
  0x11, 0x0a, 0x0f, 0x0e, 0x0d, 0x0c, 0x0b, 0x0a, 0x09, 0x06, 0x05, 0x04,
  0x03, 0x00, 0x0f, 0x0e, 0x0d, 0x0c, 0x0b, 0x0a, 0x09, 0x08, 0x07, 0x06,
  0x05, 0x04, 0x03, 0x02, 0x01, 0x00, 0x02, 0x01, 0x08, 0x07, 0x02, 0x01,
  0x04, 0x46, 0x76, 0x2f, 0x37, 0x18, 0x00, 0x3f, 0x3c, 0x2f, 0x3c, 0x01,
  0x2e, 0x2e, 0x2e, 0x2e, 0x2e, 0x2e, 0x2e, 0x2e, 0x2e, 0x2e, 0x2e, 0x2e,
  0x2e, 0x2e, 0x2e, 0x2e, 0x00, 0x2e, 0x2e, 0x2e, 0x2e, 0x2e, 0x2e, 0x2e,
  0x2e, 0x2e, 0x2e, 0x2e, 0x2e, 0x31, 0x30, 0x01, 0x49, 0x68, 0xb9, 0x00,
  0x04, 0x00, 0x10, 0x49, 0x68, 0x61, 0xb0, 0x40, 0x52, 0x58, 0x38, 0x11,
  0x37, 0xb9, 0x00, 0x10, 0xff, 0xc0, 0x38, 0x59, 0x37, 0x15, 0x23, 0x35,
  0x23, 0x35, 0x33, 0x35, 0x33, 0x15, 0x33, 0x15, 0x27, 0x33, 0x35, 0x23,
  0xfa, 0x7d, 0x7d, 0x7d, 0x7d, 0x7d, 0xfa, 0x7d, 0x7d, 0xfa, 0x7d, 0x7d,
  0x7d, 0x7d, 0x7d, 0x7d, 0x05, 0x73, 0x00, 0x01, 0x00, 0x00, 0x00, 0x00,
  0x02, 0x71, 0x02, 0x71, 0x00, 0x13, 0x00, 0x91, 0x40, 0x47, 0x01, 0x14,
  0x14, 0x40, 0x15, 0x01, 0x0e, 0x0d, 0x0a, 0x03, 0x09, 0x04, 0x0c, 0x0b,
  0x07, 0x13, 0x04, 0x03, 0x03, 0x00, 0x04, 0x02, 0x01, 0x12, 0x11, 0x06,
  0x03, 0x05, 0x04, 0x10, 0x0f, 0x08, 0x03, 0x07, 0x03, 0x02, 0x06, 0x04,
  0x11, 0x10, 0x05, 0x03, 0x04, 0x06, 0x06, 0x0f, 0x0e, 0x07, 0x03, 0x06,
  0x06, 0x08, 0x0d, 0x0c, 0x09, 0x03, 0x08, 0x06, 0x0a, 0x13, 0x12, 0x02,
  0x0b, 0x0a, 0x01, 0x01, 0x00, 0x03, 0x01, 0x0b, 0x46, 0x76, 0x2f, 0x37,
  0x18, 0x00, 0x3f, 0x3c, 0x3f, 0x3c, 0x3f, 0x3c, 0x10, 0xfd, 0x17, 0x3c,
  0x10, 0xfd, 0x17, 0x3c, 0x10, 0xfd, 0x17, 0x3c, 0x10, 0xfd, 0x3c, 0x01,
  0x2f, 0x17, 0x3c, 0xfd, 0x17, 0x3c, 0xdd, 0x3c, 0xfd, 0x17, 0x3c, 0x10,
  0xdd, 0x3c, 0xfd, 0x17, 0x3c, 0x00, 0x31, 0x30, 0x01, 0x49, 0x68, 0xb9,
  0x00, 0x0b, 0x00, 0x14, 0x49, 0x68, 0x61, 0xb0, 0x40, 0x52, 0x58, 0x38,
  0x11, 0x37, 0xb9, 0x00, 0x14, 0xff, 0xc0, 0x38, 0x59, 0x01, 0x33, 0x15,
  0x23, 0x15, 0x23, 0x15, 0x23, 0x15, 0x23, 0x15, 0x23, 0x35, 0x33, 0x35,
  0x33, 0x35, 0x33, 0x35, 0x33, 0x01, 0xf4, 0x7d, 0x7d, 0x7d, 0x7d, 0x7d,
  0x7d, 0x7d, 0x7d, 0x7d, 0x7d, 0x02, 0x71, 0x7d, 0x7d, 0x7d, 0x7d, 0x7d,
  0x7d, 0x7d, 0x7d, 0x7d, 0x00, 0x01, 0x00, 0x00, 0x00, 0x00, 0x01, 0xf4,
  0x02, 0x71, 0x00, 0x0b, 0x00, 0x65, 0x40, 0x2b, 0x01, 0x0c, 0x0c, 0x40,
  0x0d, 0x00, 0x07, 0x06, 0x04, 0x05, 0x04, 0x01, 0x03, 0x00, 0x09, 0x08,
  0x03, 0x03, 0x02, 0x04, 0x0b, 0x0a, 0x02, 0x01, 0x06, 0x00, 0x04, 0x03,
  0x06, 0x08, 0x07, 0x0a, 0x09, 0x06, 0x03, 0x05, 0x01, 0x0b, 0x00, 0x03,
  0x01, 0x0a, 0x46, 0x76, 0x2f, 0x37, 0x18, 0x00, 0x3f, 0x3c, 0x3f, 0x17,
  0x3c, 0x2f, 0x3c, 0xfd, 0x3c, 0x10, 0xfd, 0x3c, 0x01, 0x2f, 0x3c, 0xfd,
  0x17, 0x3c, 0x2f, 0x17, 0x3c, 0xfd, 0x3c, 0x00, 0x31, 0x30, 0x01, 0x49,
  0x68, 0xb9, 0x00, 0x0a, 0x00, 0x0c, 0x49, 0x68, 0x61, 0xb0, 0x40, 0x52,
  0x58, 0x38, 0x11, 0x37, 0xb9, 0x00, 0x0c, 0xff, 0xc0, 0x38, 0x59, 0x01,
  0x15, 0x21, 0x15, 0x21, 0x11, 0x23, 0x35, 0x23, 0x15, 0x23, 0x11, 0x01,
  0xf4, 0xfe, 0x89, 0x01, 0x77, 0x7d, 0xfa, 0x7d, 0x02, 0x71, 0x7d, 0x7d,
  0xfe, 0x89, 0xfa, 0xfa, 0x02, 0x71, 0x00, 0x02, 0x00, 0x00, 0x00, 0x00,
  0x01, 0xf4, 0x02, 0x71, 0x00, 0x03, 0x00, 0x0b, 0x00, 0x5f, 0x40, 0x24,
  0x01, 0x0c, 0x0c, 0x40, 0x0d, 0x04, 0x08, 0x07, 0x03, 0x02, 0x01, 0x00,
  0x0b, 0x0a, 0x09, 0x08, 0x07, 0x06, 0x05, 0x04, 0x03, 0x02, 0x01, 0x00,
  0x0a, 0x09, 0x06, 0x03, 0x05, 0x01, 0x0b, 0x04, 0x03, 0x01, 0x0a, 0x46,
  0x76, 0x2f, 0x37, 0x18, 0x00, 0x3f, 0x3c, 0x3f, 0x17, 0x3c, 0x01, 0x2e,
  0x2e, 0x2e, 0x2e, 0x2e, 0x2e, 0x2e, 0x2e, 0x2e, 0x2e, 0x2e, 0x2e, 0x00,
  0x2e, 0x2e, 0x2e, 0x2e, 0x2e, 0x2e, 0x31, 0x30, 0x01, 0x49, 0x68, 0xb9,
  0x00, 0x0a, 0x00, 0x0c, 0x49, 0x68, 0x61, 0xb0, 0x40, 0x52, 0x58, 0x38,
  0x11, 0x37, 0xb9, 0x00, 0x0c, 0xff, 0xc0, 0x38, 0x59, 0x01, 0x35, 0x23,
  0x15, 0x25, 0x11, 0x23, 0x35, 0x23, 0x15, 0x23, 0x11, 0x01, 0x77, 0xf5,
  0x01, 0x72, 0x7d, 0xfa, 0x7d, 0x01, 0x77, 0x7d, 0x7d, 0xfa, 0xfd, 0x8f,
  0xfa, 0xfa, 0x02, 0x71, 0x00, 0x06, 0x00, 0x00, 0x00, 0x00, 0x0b, 0x3b,
  0x01, 0x77, 0x00, 0x0b, 0x00, 0x0f, 0x00, 0x17, 0x00, 0x1b, 0x00, 0x27,
  0x00, 0x2d, 0x00, 0xcc, 0x40, 0x68, 0x01, 0x2e, 0x2e, 0x40, 0x2f, 0x28,
  0x2d, 0x2c, 0x25, 0x24, 0x21, 0x20, 0x15, 0x14, 0x09, 0x08, 0x05, 0x04,
  0x2d, 0x2c, 0x2b, 0x2a, 0x29, 0x28, 0x27, 0x26, 0x25, 0x24, 0x23, 0x22,
  0x21, 0x20, 0x1f, 0x1e, 0x1d, 0x1c, 0x1b, 0x1a, 0x19, 0x18, 0x17, 0x16,
  0x15, 0x14, 0x13, 0x12, 0x11, 0x10, 0x0f, 0x0e, 0x0d, 0x0c, 0x0b, 0x0a,
  0x09, 0x08, 0x07, 0x06, 0x05, 0x04, 0x03, 0x02, 0x01, 0x00, 0x2b, 0x2a,
  0x1d, 0x1c, 0x19, 0x18, 0x11, 0x10, 0x0d, 0x0c, 0x01, 0x0b, 0x00, 0x29,
  0x28, 0x27, 0x26, 0x23, 0x22, 0x1f, 0x1e, 0x1b, 0x1a, 0x17, 0x16, 0x13,
  0x12, 0x0f, 0x0e, 0x0b, 0x0a, 0x07, 0x06, 0x03, 0x15, 0x02, 0x01, 0x01,
  0x1c, 0x46, 0x76, 0x2f, 0x37, 0x18, 0x00, 0x3f, 0x17, 0x3c, 0x2f, 0x17,
  0x3c, 0x01, 0x2e, 0x2e, 0x2e, 0x2e, 0x2e, 0x2e, 0x2e, 0x2e, 0x2e, 0x2e,
  0x2e, 0x2e, 0x2e, 0x2e, 0x2e, 0x2e, 0x2e, 0x2e, 0x2e, 0x2e, 0x2e, 0x2e,
  0x2e, 0x2e, 0x2e, 0x2e, 0x2e, 0x2e, 0x2e, 0x2e, 0x2e, 0x2e, 0x2e, 0x2e,
  0x2e, 0x2e, 0x2e, 0x2e, 0x2e, 0x2e, 0x2e, 0x2e, 0x2e, 0x2e, 0x2e, 0x2e,
  0x00, 0x2e, 0x2e, 0x2e, 0x2e, 0x2e, 0x2e, 0x2e, 0x2e, 0x2e, 0x2e, 0x2e,
  0x2e, 0x31, 0x30, 0x01, 0x49, 0x68, 0xb9, 0x00, 0x1c, 0x00, 0x2e, 0x49,
  0x68, 0x61, 0xb0, 0x40, 0x52, 0x58, 0x38, 0x11, 0x37, 0xb9, 0x00, 0x2e,
  0xff, 0xc0, 0x38, 0x59, 0x01, 0x21, 0x11, 0x23, 0x35, 0x23, 0x15, 0x23,
  0x35, 0x23, 0x15, 0x23, 0x03, 0x33, 0x11, 0x23, 0x01, 0x21, 0x11, 0x23,
  0x35, 0x23, 0x15, 0x23, 0x03, 0x33, 0x11, 0x23, 0x01, 0x21, 0x11, 0x23,
  0x35, 0x23, 0x15, 0x23, 0x35, 0x23, 0x15, 0x23, 0x29, 0x01, 0x11, 0x33,
  0x15, 0x33, 0x06, 0xd6, 0x02, 0x71, 0x7d, 0x7d, 0x7d, 0x7d, 0x7d, 0xfa,
  0x7d, 0x7d, 0xfe, 0x0c, 0x01, 0x77, 0x7d, 0x7d, 0x7d, 0xfa, 0x7d, 0x7d,
  0xfd, 0x12, 0x02, 0x71, 0x7d, 0x7d, 0x7d, 0x7d, 0x7d, 0x0b, 0x3b, 0xfe,
  0x89, 0x7d, 0xfa, 0x01, 0x77, 0xfe, 0x89, 0xfa, 0xfa, 0xfa, 0xfa, 0x01,
  0x77, 0xfe, 0x89, 0x01, 0x77, 0xfe, 0x89, 0xfa, 0xfa, 0x01, 0x77, 0xfe,
  0x89, 0x01, 0x77, 0xfe, 0x89, 0xfa, 0xfa, 0xfa, 0xfa, 0x01, 0x77, 0xfa,
  0x00, 0x01, 0x00, 0x00, 0x00, 0x00, 0x00, 0x7d, 0x01, 0x77, 0x00, 0x03,
  0x00, 0x3f, 0x40, 0x13, 0x01, 0x04, 0x04, 0x40, 0x05, 0x02, 0x01, 0x00,
  0x04, 0x03, 0x02, 0x02, 0x01, 0x03, 0x00, 0x01, 0x01, 0x00, 0x46, 0x76,
  0x2f, 0x37, 0x18, 0x00, 0x3f, 0x3c, 0x2f, 0x3c, 0x01, 0x2f, 0x3c, 0xfd,
  0x3c, 0x00, 0x31, 0x30, 0x01, 0x49, 0x68, 0xb9, 0x00, 0x00, 0x00, 0x04,
  0x49, 0x68, 0x61, 0xb0, 0x40, 0x52, 0x58, 0x38, 0x11, 0x37, 0xb9, 0x00,
  0x04, 0xff, 0xc0, 0x38, 0x59, 0x31, 0x11, 0x33, 0x11, 0x7d, 0x01, 0x77,
  0xfe, 0x89, 0x00, 0x01, 0x00, 0x00, 0x01, 0x77, 0x01, 0x77, 0x02, 0x71,
  0x00, 0x0b, 0x00, 0x5f, 0x40, 0x24, 0x01, 0x0c, 0x0c, 0x40, 0x0d, 0x03,
  0x09, 0x08, 0x05, 0x04, 0x0b, 0x0a, 0x09, 0x08, 0x07, 0x06, 0x05, 0x04,
  0x03, 0x02, 0x01, 0x00, 0x07, 0x06, 0x0b, 0x0a, 0x03, 0x03, 0x02, 0x03,
  0x01, 0x00, 0x02, 0x01, 0x09, 0x46, 0x76, 0x2f, 0x37, 0x18, 0x00, 0x3f,
  0x3c, 0x3f, 0x17, 0x3c, 0x2f, 0x3c, 0x01, 0x2e, 0x2e, 0x2e, 0x2e, 0x2e,
  0x2e, 0x2e, 0x2e, 0x2e, 0x2e, 0x2e, 0x2e, 0x00, 0x2e, 0x2e, 0x2e, 0x2e,
  0x31, 0x30, 0x01, 0x49, 0x68, 0xb9, 0x00, 0x09, 0x00, 0x0c, 0x49, 0x68,
  0x61, 0xb0, 0x40, 0x52, 0x58, 0x38, 0x11, 0x37, 0xb9, 0x00, 0x0c, 0xff,
  0xc0, 0x38, 0x59, 0x13, 0x33, 0x35, 0x33, 0x15, 0x23, 0x15, 0x23, 0x35,
  0x23, 0x35, 0x33, 0x7d, 0x7d, 0x7d, 0x7d, 0x7d, 0x7d, 0x7d, 0x01, 0xf4,
  0x7d, 0x7d, 0x7d, 0x7d, 0x7d, 0x00, 0x00, 0x01, 0x00, 0x00, 0x00, 0xfa,
  0x00, 0x7d, 0x01, 0x77, 0x00, 0x03, 0x00, 0x3e, 0x40, 0x12, 0x01, 0x04,
  0x04, 0x40, 0x05, 0x01, 0x02, 0x01, 0x04, 0x03, 0x00, 0x01, 0x00, 0x03,
  0x02, 0x01, 0x00, 0x46, 0x76, 0x2f, 0x37, 0x18, 0x00, 0x2f, 0x3c, 0x2f,
  0x3c, 0x01, 0x2f, 0x3c, 0xfd, 0x3c, 0x00, 0x31, 0x30, 0x01, 0x49, 0x68,
  0xb9, 0x00, 0x00, 0x00, 0x04, 0x49, 0x68, 0x61, 0xb0, 0x40, 0x52, 0x58,
  0x38, 0x11, 0x37, 0xb9, 0x00, 0x04, 0xff, 0xc0, 0x38, 0x59, 0x11, 0x33,
  0x15, 0x23, 0x7d, 0x7d, 0x01, 0x77, 0x7d, 0x00, 0x00, 0x02, 0x00, 0x00,
  0x00, 0x7d, 0x01, 0x77, 0x01, 0xf4, 0x00, 0x0b, 0x00, 0x0f, 0x00, 0x73,
  0x40, 0x35, 0x01, 0x10, 0x10, 0x40, 0x11, 0x0a, 0x0f, 0x0c, 0x07, 0x06,
  0x03, 0x05, 0x02, 0x04, 0x05, 0x04, 0x0e, 0x0d, 0x09, 0x08, 0x01, 0x05,
  0x00, 0x04, 0x0b, 0x0a, 0x0d, 0x0c, 0x06, 0x01, 0x0a, 0x09, 0x06, 0x03,
  0x05, 0x06, 0x0b, 0x04, 0x03, 0x03, 0x00, 0x0f, 0x0e, 0x06, 0x07, 0x02,
  0x01, 0x08, 0x07, 0x02, 0x01, 0x04, 0x46, 0x76, 0x2f, 0x37, 0x18, 0x00,
  0x3f, 0x3c, 0x2f, 0x3c, 0x10, 0xfd, 0x3c, 0x2f, 0x17, 0x3c, 0xfd, 0x17,
  0x3c, 0x10, 0xfd, 0x3c, 0x01, 0x2f, 0x3c, 0xfd, 0x17, 0x3c, 0x2f, 0x3c,
  0xfd, 0x17, 0x3c, 0x00, 0x31, 0x30, 0x01, 0x49, 0x68, 0xb9, 0x00, 0x04,
  0x00, 0x10, 0x49, 0x68, 0x61, 0xb0, 0x40, 0x52, 0x58, 0x38, 0x11, 0x37,
  0xb9, 0x00, 0x10, 0xff, 0xc0, 0x38, 0x59, 0x37, 0x15, 0x23, 0x35, 0x23,
  0x35, 0x33, 0x35, 0x33, 0x15, 0x33, 0x15, 0x27, 0x33, 0x35, 0x23, 0xfa,
  0x7d, 0x7d, 0x7d, 0x7d, 0x7d, 0xfa, 0x7d, 0x7d, 0xfa, 0x7d, 0x7d, 0x7d,
  0x7d, 0x7d, 0x7d, 0x05, 0x73, 0x00, 0x00, 0x02, 0x00, 0x00, 0x01, 0x77,
  0x01, 0x77, 0x02, 0x71, 0x00, 0x03, 0x00, 0x07, 0x00, 0x4e, 0x40, 0x1c,
  0x01, 0x08, 0x08, 0x40, 0x09, 0x00, 0x07, 0x06, 0x05, 0x04, 0x03, 0x02,
  0x01, 0x00, 0x05, 0x04, 0x02, 0x03, 0x01, 0x07, 0x06, 0x03, 0x03, 0x00,
  0x03, 0x01, 0x05, 0x46, 0x76, 0x2f, 0x37, 0x18, 0x00, 0x3f, 0x17, 0x3c,
  0x2f, 0x17, 0x3c, 0x01, 0x2e, 0x2e, 0x2e, 0x2e, 0x2e, 0x2e, 0x2e, 0x2e,
  0x00, 0x31, 0x30, 0x01, 0x49, 0x68, 0xb9, 0x00, 0x05, 0x00, 0x08, 0x49,
  0x68, 0x61, 0xb0, 0x40, 0x52, 0x58, 0x38, 0x11, 0x37, 0xb9, 0x00, 0x08,
  0xff, 0xc0, 0x38, 0x59, 0x01, 0x15, 0x23, 0x35, 0x07, 0x23, 0x35, 0x33,
  0x01, 0x77, 0x7d, 0x7d, 0x7d, 0x7d, 0x02, 0x71, 0xfa, 0xfa, 0xfa, 0xfa,
  0x00, 0x02, 0x00, 0x00, 0xff, 0x06, 0x00, 0xfa, 0x00, 0x7d, 0x00, 0x07,
  0x00, 0x0b, 0x00, 0x5f, 0x40, 0x23, 0x01, 0x0c, 0x0c, 0x40, 0x0d, 0x06,
  0x09, 0x08, 0x04, 0x03, 0x02, 0x01, 0x0b, 0x0a, 0x09, 0x08, 0x07, 0x06,
  0x05, 0x04, 0x03, 0x02, 0x01, 0x00, 0x06, 0x05, 0x0b, 0x0a, 0x00, 0x07,
  0x00, 0x01, 0x01, 0x02, 0x46, 0x76, 0x2f, 0x37, 0x18, 0x00, 0x3f, 0x3c,
  0x3f, 0x3c, 0x2f, 0x3c, 0x01, 0x2e, 0x2e, 0x2e, 0x2e, 0x2e, 0x2e, 0x2e,
  0x2e, 0x2e, 0x2e, 0x2e, 0x2e, 0x00, 0x2e, 0x2e, 0x2e, 0x2e, 0x2e, 0x2e,
  0x31, 0x30, 0x01, 0x49, 0x68, 0xb9, 0x00, 0x02, 0x00, 0x0c, 0x49, 0x68,
  0x61, 0xb0, 0x40, 0x52, 0x58, 0x38, 0x11, 0x37, 0xb9, 0x00, 0x0c, 0xff,
  0xc0, 0x38, 0x59, 0x33, 0x15, 0x23, 0x35, 0x33, 0x35, 0x33, 0x15, 0x07,
  0x33, 0x15, 0x23, 0x7d, 0x7d, 0x7d, 0x7d, 0x7d, 0x7d, 0x7d, 0x7d, 0x7d,
  0x7d, 0x7d, 0x7d, 0x7d, 0x00, 0x01, 0x00, 0x00, 0x01, 0x77, 0x01, 0x77,
  0x02, 0x71, 0x00, 0x0b, 0x00, 0x5f, 0x40, 0x24, 0x01, 0x0c, 0x0c, 0x40,
  0x0d, 0x03, 0x09, 0x08, 0x05, 0x04, 0x0b, 0x0a, 0x09, 0x08, 0x07, 0x06,
  0x05, 0x04, 0x03, 0x02, 0x01, 0x00, 0x07, 0x06, 0x0b, 0x0a, 0x03, 0x03,
  0x02, 0x03, 0x01, 0x00, 0x02, 0x01, 0x09, 0x46, 0x76, 0x2f, 0x37, 0x18,
  0x00, 0x3f, 0x3c, 0x3f, 0x17, 0x3c, 0x2f, 0x3c, 0x01, 0x2e, 0x2e, 0x2e,
  0x2e, 0x2e, 0x2e, 0x2e, 0x2e, 0x2e, 0x2e, 0x2e, 0x2e, 0x00, 0x2e, 0x2e,
  0x2e, 0x2e, 0x31, 0x30, 0x01, 0x49, 0x68, 0xb9, 0x00, 0x09, 0x00, 0x0c,
  0x49, 0x68, 0x61, 0xb0, 0x40, 0x52, 0x58, 0x38, 0x11, 0x37, 0xb9, 0x00,
  0x0c, 0xff, 0xc0, 0x38, 0x59, 0x13, 0x33, 0x35, 0x33, 0x15, 0x23, 0x15,
  0x23, 0x35, 0x23, 0x35, 0x33, 0x7d, 0x7d, 0x7d, 0x7d, 0x7d, 0x7d, 0x7d,
  0x01, 0xf4, 0x7d, 0x7d, 0x7d, 0x7d, 0x7d, 0x00, 0x00, 0x00, 0x00, 0x00,
  0x00, 0x00, 0x00, 0x7c, 0x00, 0x00, 0x00, 0x7c, 0x00, 0x00, 0x00, 0x7c,
  0x00, 0x00, 0x00, 0x7c, 0x00, 0x00, 0x00, 0xf0, 0x00, 0x00, 0x01, 0x62,
  0x00, 0x00, 0x02, 0x66, 0x00, 0x00, 0x03, 0x22, 0x00, 0x00, 0x04, 0x14,
  0x00, 0x00, 0x04, 0xcc, 0x00, 0x00, 0x05, 0x22, 0x00, 0x00, 0x05, 0xac,
  0x00, 0x00, 0x06, 0x34, 0x00, 0x00, 0x07, 0x1c, 0x00, 0x00, 0x07, 0xa4,
  0x00, 0x00, 0x08, 0x10, 0x00, 0x00, 0x08, 0x64, 0x00, 0x00, 0x08, 0xb8,
  0x00, 0x00, 0x09, 0x72, 0x00, 0x00, 0x09, 0xee, 0x00, 0x00, 0x0a, 0x52,
  0x00, 0x00, 0x0a, 0xe2, 0x00, 0x00, 0x0b, 0x70, 0x00, 0x00, 0x0b, 0xf0,
  0x00, 0x00, 0x0c, 0x7e, 0x00, 0x00, 0x0d, 0x12, 0x00, 0x00, 0x0d, 0x78,
  0x00, 0x00, 0x0e, 0x0a, 0x00, 0x00, 0x0e, 0x9e, 0x00, 0x00, 0x0f, 0x0e,
  0x00, 0x00, 0x0f, 0x9a, 0x00, 0x00, 0x10, 0x54, 0x00, 0x00, 0x10, 0xc6,
  0x00, 0x00, 0x11, 0x7e, 0x00, 0x00, 0x12, 0x0c, 0x00, 0x00, 0x12, 0x9e,
  0x00, 0x00, 0x13, 0x2e, 0x00, 0x00, 0x13, 0xda, 0x00, 0x00, 0x14, 0x50,
  0x00, 0x00, 0x14, 0xe4, 0x00, 0x00, 0x15, 0x74, 0x00, 0x00, 0x15, 0xf6,
  0x00, 0x00, 0x16, 0x84, 0x00, 0x00, 0x17, 0x10, 0x00, 0x00, 0x17, 0x68,
  0x00, 0x00, 0x17, 0xd0, 0x00, 0x00, 0x18, 0x78, 0x00, 0x00, 0x18, 0xde,
  0x00, 0x00, 0x19, 0x68, 0x00, 0x00, 0x19, 0xdc, 0x00, 0x00, 0x1a, 0x58,
  0x00, 0x00, 0x1a, 0xdc, 0x00, 0x00, 0x1b, 0x6c, 0x00, 0x00, 0x1c, 0x16,
  0x00, 0x00, 0x1c, 0xa4, 0x00, 0x00, 0x1d, 0x16, 0x00, 0x00, 0x1d, 0x8c,
  0x00, 0x00, 0x1e, 0x1e, 0x00, 0x00, 0x1e, 0xa8, 0x00, 0x00, 0x1f, 0x60,
  0x00, 0x00, 0x1f, 0xec, 0x00, 0x00, 0x20, 0x90, 0x00, 0x00, 0x21, 0x00,
  0x00, 0x00, 0x21, 0xb8, 0x00, 0x00, 0x22, 0x26, 0x00, 0x00, 0x22, 0xae,
  0x00, 0x00, 0x23, 0x02, 0x00, 0x00, 0x23, 0x76, 0x00, 0x00, 0x23, 0xfe,
  0x00, 0x00, 0x24, 0x88, 0x00, 0x00, 0x25, 0x02, 0x00, 0x00, 0x25, 0x8c,
  0x00, 0x00, 0x26, 0x38, 0x00, 0x00, 0x26, 0xbc, 0x00, 0x00, 0x27, 0x58,
  0x00, 0x00, 0x27, 0xde, 0x00, 0x00, 0x28, 0x50, 0x00, 0x00, 0x28, 0xd0,
  0x00, 0x00, 0x29, 0x76, 0x00, 0x00, 0x29, 0xce, 0x00, 0x00, 0x2a, 0x58,
  0x00, 0x00, 0x2a, 0xd0, 0x00, 0x00, 0x2b, 0x44, 0x00, 0x00, 0x2b, 0xca,
  0x00, 0x00, 0x2c, 0x4a, 0x00, 0x00, 0x2c, 0xb4, 0x00, 0x00, 0x2d, 0x5e,
  0x00, 0x00, 0x2d, 0xf4, 0x00, 0x00, 0x2e, 0x6e, 0x00, 0x00, 0x2e, 0xfa,
  0x00, 0x00, 0x2f, 0x88, 0x00, 0x00, 0x30, 0x40, 0x00, 0x00, 0x30, 0xd4,
  0x00, 0x00, 0x31, 0x82, 0x00, 0x00, 0x32, 0x34, 0x00, 0x00, 0x32, 0x8c,
  0x00, 0x00, 0x33, 0x44, 0x00, 0x00, 0x33, 0xe4, 0x00, 0x00, 0x34, 0xac,
  0x00, 0x00, 0x35, 0xac, 0x00, 0x00, 0x36, 0x44, 0x00, 0x00, 0x37, 0x16,
  0x00, 0x00, 0x37, 0xf0, 0x00, 0x00, 0x38, 0xa0, 0x00, 0x00, 0x39, 0x4a,
  0x00, 0x00, 0x3a, 0x00, 0x00, 0x00, 0x3a, 0xb6, 0x00, 0x00, 0x3b, 0x86,
  0x00, 0x00, 0x3c, 0x40, 0x00, 0x00, 0x3d, 0x28, 0x00, 0x00, 0x3e, 0x02,
  0x00, 0x00, 0x3e, 0x9a, 0x00, 0x00, 0x3f, 0x66, 0x00, 0x00, 0x40, 0x32,
  0x00, 0x00, 0x41, 0x18, 0x00, 0x00, 0x41, 0xe8, 0x00, 0x00, 0x42, 0x74,
  0x00, 0x00, 0x43, 0x00, 0x00, 0x00, 0x43, 0xa6, 0x00, 0x00, 0x44, 0x40,
  0x00, 0x00, 0x45, 0x18, 0x00, 0x00, 0x45, 0xc2, 0x00, 0x00, 0x46, 0x6c,
  0x00, 0x00, 0x47, 0x30, 0x00, 0x00, 0x47, 0xde, 0x00, 0x00, 0x48, 0xba,
  0x00, 0x00, 0x49, 0x60, 0x00, 0x00, 0x4a, 0x06, 0x00, 0x00, 0x4a, 0xc4,
  0x00, 0x00, 0x4b, 0x6c, 0x00, 0x00, 0x4b, 0xf4, 0x00, 0x00, 0x4c, 0x68,
  0x00, 0x00, 0x4d, 0x0a, 0x00, 0x00, 0x4d, 0xce, 0x00, 0x00, 0x4e, 0x74,
  0x00, 0x00, 0x4e, 0xc8, 0x00, 0x00, 0x4f, 0x7e, 0x00, 0x00, 0x50, 0x2c,
  0x00, 0x00, 0x50, 0xb0, 0x00, 0x00, 0x51, 0x3e, 0x00, 0x00, 0x51, 0xea,
  0x00, 0x00, 0x52, 0x60, 0x00, 0x00, 0x52, 0xd2, 0x00, 0x00, 0x53, 0xa0,
  0x00, 0x00, 0x54, 0x4a, 0x00, 0x00, 0x54, 0xe6, 0x00, 0x00, 0x55, 0x9e,
  0x00, 0x00, 0x56, 0x42, 0x00, 0x00, 0x56, 0xde, 0x00, 0x00, 0x57, 0x72,
  0x00, 0x00, 0x58, 0x36, 0x00, 0x00, 0x58, 0xc0, 0x00, 0x00, 0x59, 0x50,
  0x00, 0x00, 0x59, 0xc6, 0x00, 0x00, 0x5a, 0x30, 0x00, 0x00, 0x5a, 0xc4,
  0x00, 0x00, 0x5b, 0x96, 0x00, 0x00, 0x5c, 0x6a, 0x00, 0x00, 0x5c, 0xf0,
  0x00, 0x00, 0x5d, 0xb4, 0x00, 0x00, 0x5e, 0xaa, 0x00, 0x00, 0x5f, 0x88,
  0x00, 0x00, 0x60, 0x36, 0x00, 0x00, 0x60, 0xee, 0x00, 0x00, 0x61, 0x46,
  0x00, 0x00, 0x61, 0x9e, 0x00, 0x00, 0x62, 0x10, 0x00, 0x00, 0x62, 0x82,
  0x00, 0x00, 0x62, 0xd8, 0x00, 0x00, 0x63, 0x2e, 0x00, 0x00, 0x63, 0xbe,
  0x00, 0x00, 0x64, 0x8c, 0x00, 0x00, 0x65, 0x56, 0x00, 0x00, 0x66, 0x02,
  0x00, 0x00, 0x66, 0x88, 0x00, 0x00, 0x67, 0x0e, 0x00, 0x00, 0x67, 0xcc,
  0x00, 0x00, 0x68, 0x20, 0x00, 0x00, 0x68, 0x8e, 0x00, 0x00, 0x69, 0x2c,
  0x00, 0x00, 0x6a, 0x32, 0x00, 0x00, 0x6b, 0x10, 0x00, 0x00, 0x6b, 0xea,
  0x00, 0x00, 0x6c, 0xae, 0x00, 0x00, 0x6d, 0x74, 0x00, 0x00, 0x6e, 0x38,
  0x00, 0x00, 0x6e, 0xc8, 0x00, 0x00, 0x6f, 0x70, 0x00, 0x00, 0x70, 0x0a,
  0x00, 0x00, 0x70, 0x96, 0x00, 0x00, 0x71, 0x46, 0x00, 0x00, 0x72, 0x0c,
  0x00, 0x00, 0x72, 0xbc, 0x00, 0x00, 0x73, 0x64, 0x00, 0x00, 0x74, 0x24,
  0x00, 0x00, 0x74, 0xcc, 0x00, 0x00, 0x75, 0x54, 0x00, 0x00, 0x75, 0xf4,
  0x00, 0x00, 0x76, 0x4e, 0x00, 0x00, 0x76, 0xbc, 0x00, 0x00, 0x77, 0x98,
  0x00, 0x00, 0x78, 0x8a, 0x00, 0x00, 0x79, 0x04, 0x00, 0x00, 0x79, 0xd4,
  0x00, 0x00, 0x7a, 0x7a, 0x00, 0x00, 0x7b, 0x38, 0x00, 0x00, 0x7b, 0xfc,
  0x00, 0x00, 0x7c, 0x8a, 0x00, 0x00, 0x7d, 0x1c, 0x00, 0x00, 0x7d, 0x70,
  0x00, 0x00, 0x7e, 0x28, 0x00, 0x00, 0x7e, 0x80, 0x00, 0x00, 0x7f, 0x2a,
  0x00, 0x00, 0x7f, 0xc8, 0x00, 0x00, 0x80, 0xe4, 0x00, 0x00, 0x81, 0xfe,
  0x00, 0x00, 0x83, 0x26, 0x00, 0x00, 0x83, 0xbc, 0x00, 0x00, 0x84, 0x46,
  0x00, 0x00, 0x85, 0x38, 0x00, 0x00, 0x86, 0x2e, 0x00, 0x00, 0x86, 0xea,
  0x00, 0x00, 0x87, 0xd6, 0x00, 0x00, 0x88, 0x7a, 0x00, 0x00, 0x89, 0x1e,
  0x00, 0x00, 0x89, 0xf0, 0x00, 0x00, 0x8a, 0xc2, 0x00, 0x00, 0x8b, 0x4e,
  0x00, 0x00, 0x8b, 0xda, 0x00, 0x00, 0x8c, 0x62, 0x00, 0x00, 0x8d, 0x56,
  0x00, 0x00, 0x8e, 0x0e, 0x00, 0x00, 0x8f, 0x10, 0x00, 0x00, 0x8f, 0xda,
  0x00, 0x00, 0x90, 0x7a, 0x00, 0x00, 0x91, 0x44, 0x00, 0x00, 0x91, 0xd6,
  0x00, 0x00, 0x92, 0x64, 0x00, 0x00, 0x93, 0xbc, 0x00, 0x00, 0x94, 0x12,
  0x00, 0x00, 0x94, 0x9a, 0x00, 0x00, 0x94, 0xf0, 0x00, 0x00, 0x95, 0x96,
  0x00, 0x00, 0x96, 0x08, 0x00, 0x00, 0x96, 0x90, 0x00, 0x00, 0x97, 0x18,
  0x01, 0xf4, 0x00, 0x3f, 0x00, 0x00, 0x00, 0x00, 0x01, 0x77, 0x00, 0x00,
  0x01, 0x77, 0x00, 0x00, 0x01, 0x77, 0x00, 0x7d, 0x01, 0xf4, 0x00, 0x00,
  0x02, 0xee, 0x00, 0x00, 0x02, 0xee, 0x00, 0x00, 0x02, 0xee, 0x00, 0x00,
  0x03, 0x6b, 0x00, 0x00, 0x00, 0xfa, 0x00, 0x00, 0x01, 0x77, 0x00, 0x00,
  0x01, 0x77, 0x00, 0x00, 0x02, 0xee, 0x00, 0x00, 0x02, 0xee, 0x00, 0x00,
  0x01, 0x77, 0x00, 0x00, 0x01, 0xf4, 0x00, 0x00, 0x00, 0xfa, 0x00, 0x00,
  0x02, 0xee, 0x00, 0x00, 0x02, 0xee, 0x00, 0x00, 0x01, 0x77, 0x00, 0x00,
  0x02, 0xee, 0x00, 0x00, 0x02, 0xee, 0x00, 0x00, 0x02, 0xee, 0x00, 0x00,
  0x02, 0xee, 0x00, 0x00, 0x02, 0xee, 0x00, 0x00, 0x02, 0x71, 0x00, 0x00,
  0x02, 0xee, 0x00, 0x00, 0x02, 0xee, 0x00, 0x00, 0x01, 0xf4, 0x00, 0x7d,
  0x01, 0xf4, 0x00, 0x00, 0x01, 0xf4, 0x00, 0x00, 0x02, 0xee, 0x00, 0x00,
  0x01, 0xf4, 0x00, 0x00, 0x02, 0x71, 0x00, 0x00, 0x02, 0xee, 0x00, 0x00,
  0x02, 0xee, 0x00, 0x00, 0x02, 0xee, 0x00, 0x00, 0x02, 0xee, 0x00, 0x00,
  0x02, 0xee, 0x00, 0x00, 0x02, 0xee, 0x00, 0x00, 0x02, 0xee, 0x00, 0x00,
  0x02, 0xee, 0x00, 0x00, 0x02, 0xee, 0x00, 0x00, 0x00, 0xfa, 0x00, 0x00,
  0x02, 0x71, 0x00, 0x00, 0x02, 0xee, 0x00, 0x00, 0x02, 0x71, 0x00, 0x00,
  0x03, 0xe8, 0x00, 0x00, 0x02, 0xee, 0x00, 0x00, 0x02, 0xee, 0x00, 0x00,
  0x02, 0xee, 0x00, 0x00, 0x02, 0xee, 0x00, 0x00, 0x02, 0xee, 0x00, 0x00,
  0x02, 0xee, 0x00, 0x00, 0x02, 0xee, 0x00, 0x00, 0x02, 0xee, 0x00, 0x00,
  0x02, 0xee, 0x00, 0x00, 0x03, 0xe8, 0x00, 0x00, 0x02, 0xee, 0x00, 0x00,
  0x02, 0xee, 0x00, 0x00, 0x02, 0xee, 0x00, 0x00, 0x01, 0x77, 0x00, 0x00,
  0x02, 0xee, 0x00, 0x00, 0x01, 0x77, 0x00, 0x00, 0x01, 0xf4, 0xff, 0xfd,
  0x02, 0xee, 0x00, 0x00, 0x01, 0x77, 0x00, 0x00, 0x02, 0x71, 0x00, 0x00,
  0x02, 0x71, 0x00, 0x00, 0x02, 0x71, 0x00, 0x00, 0x02, 0x71, 0x00, 0x00,
  0x02, 0x71, 0x00, 0x00, 0x01, 0x77, 0x00, 0x00, 0x02, 0x71, 0x00, 0x00,
  0x02, 0x71, 0x00, 0x00, 0x00, 0xfa, 0x00, 0x00, 0x01, 0x77, 0x00, 0x00,
  0x02, 0x71, 0x00, 0x00, 0x00, 0xfa, 0x00, 0x00, 0x03, 0xe8, 0x00, 0x00,
  0x02, 0x71, 0x00, 0x00, 0x02, 0x71, 0x00, 0x00, 0x02, 0x71, 0x00, 0x00,
  0x02, 0x71, 0x00, 0x00, 0x01, 0xf4, 0x00, 0x00, 0x02, 0x71, 0x00, 0x00,
  0x01, 0xf4, 0x00, 0x00, 0x02, 0x71, 0x00, 0x00, 0x02, 0x71, 0x00, 0x00,
  0x03, 0xe8, 0x00, 0x00, 0x02, 0x71, 0x00, 0x00, 0x02, 0x71, 0x00, 0x00,
  0x02, 0x71, 0x00, 0x00, 0x01, 0xf4, 0x00, 0x00, 0x01, 0xf4, 0x00, 0x7d,
  0x01, 0xf4, 0x00, 0x00, 0x02, 0x71, 0x00, 0x00, 0x02, 0xee, 0x00, 0x00,
  0x02, 0xee, 0x00, 0x00, 0x02, 0xee, 0x00, 0x00, 0x02, 0xee, 0x00, 0x00,
  0x02, 0xee, 0x00, 0x00, 0x02, 0xee, 0x00, 0x00, 0x02, 0xee, 0x00, 0x00,
  0x02, 0x71, 0x00, 0x00, 0x02, 0x71, 0x00, 0x00, 0x02, 0x71, 0x00, 0x00,
  0x02, 0x71, 0x00, 0x00, 0x02, 0x71, 0x00, 0x00, 0x02, 0x71, 0x00, 0x00,
  0x02, 0x71, 0x00, 0x00, 0x02, 0x71, 0x00, 0x00, 0x02, 0x71, 0x00, 0x00,
  0x02, 0x71, 0x00, 0x00, 0x02, 0x71, 0x00, 0x00, 0x00, 0xfa, 0x00, 0x00,
  0x00, 0xfa, 0xff, 0x83, 0x00, 0xfa, 0xff, 0x83, 0x00, 0xfa, 0xff, 0x83,
  0x02, 0x71, 0x00, 0x00, 0x02, 0x71, 0x00, 0x00, 0x02, 0x71, 0x00, 0x00,
  0x02, 0x71, 0x00, 0x00, 0x02, 0x71, 0x00, 0x00, 0x02, 0x71, 0x00, 0x00,
  0x02, 0x71, 0x00, 0x00, 0x02, 0x71, 0x00, 0x00, 0x02, 0x71, 0x00, 0x00,
  0x02, 0x71, 0x00, 0x00, 0x01, 0xf4, 0x00, 0x00, 0x01, 0xf4, 0x00, 0x00,
  0x02, 0xee, 0x00, 0x00, 0x02, 0xee, 0x00, 0x00, 0x01, 0xf4, 0x00, 0x00,
  0x00, 0xfa, 0x00, 0x00, 0x02, 0xee, 0x00, 0x00, 0x02, 0x71, 0x00, 0x00,
  0x02, 0xee, 0x00, 0x00, 0x02, 0xee, 0x00, 0x00, 0x04, 0x65, 0x00, 0x00,
  0x01, 0x77, 0x00, 0x00, 0x02, 0x71, 0x00, 0x7d, 0x04, 0xe2, 0x00, 0x00,
  0x02, 0xee, 0x00, 0x00, 0x02, 0xee, 0x00, 0x00, 0x02, 0xee, 0x00, 0x00,
  0x02, 0xee, 0x00, 0x00, 0x01, 0xf4, 0x00, 0x00, 0x01, 0xf4, 0x00, 0x00,
  0x03, 0xe8, 0x00, 0x00, 0x02, 0x71, 0x00, 0x00, 0x02, 0x71, 0x00, 0x00,
  0x01, 0x77, 0x00, 0x00, 0x02, 0xee, 0x00, 0x00, 0x01, 0x77, 0xff, 0x83,
  0x02, 0xee, 0x00, 0x00, 0x02, 0xee, 0x00, 0x00, 0x02, 0xee, 0x00, 0x00,
  0x02, 0xee, 0x00, 0x00, 0x02, 0xee, 0x00, 0x00, 0x02, 0xee, 0x00, 0x00,
  0x04, 0xe2, 0x00, 0x00, 0x03, 0xe8, 0x00, 0x00, 0x01, 0xf4, 0x00, 0x00,
  0x02, 0x71, 0x00, 0x00, 0x01, 0xf4, 0x00, 0x00, 0x01, 0xf4, 0x00, 0x00,
  0x00, 0xfa, 0x00, 0x00, 0x00, 0xfa, 0x00, 0x00, 0x02, 0xee, 0x00, 0x00,
  0x02, 0x71, 0x00, 0x00, 0x02, 0xee, 0x00, 0x00, 0x03, 0x6b, 0x00, 0x00,
  0x01, 0x77, 0x00, 0x00, 0x01, 0x77, 0x00, 0x00, 0x01, 0xf4, 0x00, 0x00,
  0x00, 0xfa, 0x00, 0x00, 0x00, 0xfa, 0xff, 0x83, 0x01, 0xf4, 0xff, 0x83,
  0x02, 0xee, 0x00, 0x00, 0x02, 0xee, 0x00, 0x00, 0x02, 0xee, 0x00, 0x00,
  0x02, 0xee, 0x00, 0x00, 0x02, 0xee, 0x00, 0x00, 0x02, 0xee, 0x00, 0x00,
  0x00, 0xfa, 0x00, 0x00, 0x00, 0xfa, 0xff, 0x83, 0x00, 0xfa, 0xff, 0x83,
  0x00, 0xfa, 0xff, 0x83, 0x02, 0xee, 0x00, 0x00, 0x02, 0xee, 0x00, 0x00,
  0x02, 0xee, 0x00, 0x00, 0x02, 0xee, 0x00, 0x00, 0x02, 0xee, 0x00, 0x00,
  0x02, 0xee, 0x00, 0x00, 0x01, 0xf4, 0xff, 0xfd, 0x02, 0x71, 0x00, 0x00,
  0x01, 0xf4, 0x00, 0x00, 0x01, 0x77, 0x00, 0x00, 0x02, 0xee, 0x00, 0x00,
  0x02, 0x71, 0x00, 0x00, 0x00, 0xfa, 0x00, 0x00, 0x03, 0x6b, 0x00, 0x00,
  0x02, 0x71, 0x00, 0x00, 0x02, 0xee, 0x00, 0x00, 0x02, 0x71, 0x00, 0x00,
  0x02, 0x71, 0x00, 0x00, 0x02, 0x71, 0x00, 0x00, 0x02, 0x71, 0x00, 0x00,
  0x02, 0x71, 0x00, 0x00, 0x00, 0xfa, 0x00, 0x00, 0x01, 0xf4, 0x00, 0x00,
  0x01, 0xf4, 0x00, 0x00, 0x03, 0xe8, 0x00, 0x00, 0x03, 0xe8, 0x00, 0x00,
  0x04, 0x65, 0x00, 0x00, 0x02, 0xee, 0x00, 0x00, 0x01, 0xf4, 0x00, 0x00,
  0x02, 0xee, 0x00, 0x00, 0x02, 0x71, 0x00, 0x00, 0x02, 0xee, 0x00, 0x00,
  0x02, 0xee, 0x00, 0x00, 0x02, 0x71, 0x00, 0x00, 0x02, 0x71, 0x00, 0x00,
  0x01, 0xf4, 0x00, 0x00, 0x02, 0xee, 0x00, 0x00, 0x02, 0xee, 0x00, 0x00,
  0x02, 0xee, 0x00, 0x00, 0x01, 0x77, 0xff, 0x83, 0x02, 0xee, 0x00, 0x00,
  0x02, 0xee, 0x00, 0x00, 0x02, 0xee, 0x00, 0x00, 0x02, 0xee, 0x00, 0x00,
  0x01, 0xf4, 0x00, 0x00, 0x02, 0xee, 0x00, 0x00, 0x02, 0x71, 0x00, 0x00,
  0x02, 0x71, 0x00, 0x00, 0x0b, 0xb8, 0x00, 0x00, 0x00, 0xfa, 0x00, 0x00,
  0x01, 0xf4, 0x00, 0x00, 0x00, 0xfa, 0x00, 0x00, 0x01, 0xf4, 0x00, 0x00,
  0x01, 0xf4, 0x00, 0x00, 0x01, 0x77, 0x00, 0x00, 0x01, 0xf4, 0x00, 0x00,
  0x00, 0x02, 0x00, 0x00, 0x00, 0x00, 0x00, 0x00, 0xff, 0x7b, 0x00, 0x14,
  0x00, 0x00, 0x00, 0x00, 0x00, 0x00, 0x00, 0x00, 0x00, 0x00, 0x00, 0x00,
  0x00, 0x00, 0x00, 0x00, 0x00, 0x00, 0x00, 0x00, 0x00, 0xf6, 0x00, 0x00,
  0x00, 0x01, 0x00, 0x02, 0x00, 0x03, 0x00, 0x04, 0x00, 0x05, 0x00, 0x06,
  0x00, 0x07, 0x00, 0x08, 0x00, 0x09, 0x00, 0x0a, 0x00, 0x0b, 0x00, 0x0c,
  0x00, 0x0d, 0x00, 0x0e, 0x00, 0x0f, 0x00, 0x10, 0x00, 0x11, 0x00, 0x12,
  0x00, 0x13, 0x00, 0x14, 0x00, 0x15, 0x00, 0x16, 0x00, 0x17, 0x00, 0x18,
  0x00, 0x19, 0x00, 0x1a, 0x00, 0x1b, 0x00, 0x1c, 0x00, 0x1d, 0x00, 0x1e,
  0x00, 0x1f, 0x00, 0x20, 0x00, 0x21, 0x00, 0x22, 0x00, 0x23, 0x00, 0x24,
  0x00, 0x25, 0x00, 0x26, 0x00, 0x27, 0x00, 0x28, 0x00, 0x29, 0x00, 0x2a,
  0x00, 0x2b, 0x00, 0x2c, 0x00, 0x2d, 0x00, 0x2e, 0x00, 0x2f, 0x00, 0x30,
  0x00, 0x31, 0x00, 0x32, 0x00, 0x33, 0x00, 0x34, 0x00, 0x35, 0x00, 0x36,
  0x00, 0x37, 0x00, 0x38, 0x00, 0x39, 0x00, 0x3a, 0x00, 0x3b, 0x00, 0x3c,
  0x00, 0x3d, 0x00, 0x3e, 0x00, 0x3f, 0x00, 0x40, 0x00, 0x41, 0x00, 0x42,
  0x00, 0x43, 0x00, 0x44, 0x00, 0x45, 0x00, 0x46, 0x00, 0x47, 0x00, 0x48,
  0x00, 0x49, 0x00, 0x4a, 0x00, 0x4b, 0x00, 0x4c, 0x00, 0x4d, 0x00, 0x4e,
  0x00, 0x4f, 0x00, 0x50, 0x00, 0x51, 0x00, 0x52, 0x00, 0x53, 0x00, 0x54,
  0x00, 0x55, 0x00, 0x56, 0x00, 0x57, 0x00, 0x58, 0x00, 0x59, 0x00, 0x5a,
  0x00, 0x5b, 0x00, 0x5c, 0x00, 0x5d, 0x00, 0x5e, 0x00, 0x5f, 0x00, 0x60,
  0x00, 0x61, 0x00, 0x62, 0x00, 0x63, 0x00, 0x64, 0x00, 0x65, 0x00, 0x66,
  0x00, 0x67, 0x00, 0x68, 0x00, 0x69, 0x00, 0x6a, 0x00, 0x6b, 0x00, 0x6c,
  0x00, 0x6d, 0x00, 0x6e, 0x00, 0x6f, 0x00, 0x70, 0x00, 0x71, 0x00, 0x72,
  0x00, 0x73, 0x00, 0x74, 0x00, 0x75, 0x00, 0x76, 0x00, 0x77, 0x00, 0x78,
  0x00, 0x79, 0x00, 0x7a, 0x00, 0x7b, 0x00, 0x7c, 0x00, 0x7d, 0x00, 0x7e,
  0x00, 0x7f, 0x00, 0x80, 0x00, 0x81, 0x00, 0x82, 0x00, 0x83, 0x00, 0x84,
  0x00, 0x85, 0x00, 0x86, 0x00, 0x87, 0x00, 0x88, 0x00, 0x89, 0x00, 0x8a,
  0x00, 0x8b, 0x00, 0x8c, 0x00, 0x8d, 0x00, 0x8e, 0x00, 0x90, 0x00, 0x91,
  0x00, 0x93, 0x00, 0x96, 0x00, 0x97, 0x00, 0x9d, 0x00, 0x9e, 0x00, 0xa0,
  0x00, 0xa1, 0x00, 0xa2, 0x00, 0xa3, 0x00, 0xa4, 0x00, 0xa6, 0x00, 0xa9,
  0x00, 0xaa, 0x00, 0xab, 0x00, 0xad, 0x00, 0xae, 0x00, 0xaf, 0x00, 0xb0,
  0x00, 0xb1, 0x00, 0xb2, 0x00, 0xb3, 0x00, 0xb4, 0x00, 0xb5, 0x00, 0xb6,
  0x00, 0xb7, 0x00, 0xb8, 0x00, 0xba, 0x00, 0xbb, 0x00, 0xbd, 0x00, 0xbe,
  0x00, 0xbf, 0x00, 0xc2, 0x00, 0xc3, 0x00, 0xc4, 0x00, 0xc5, 0x00, 0xc6,
  0x00, 0xc7, 0x00, 0xc8, 0x00, 0xc9, 0x00, 0xca, 0x00, 0xcb, 0x00, 0xcc,
  0x00, 0xcd, 0x00, 0xce, 0x00, 0xcf, 0x00, 0xd0, 0x00, 0xd1, 0x00, 0xd3,
  0x00, 0xd4, 0x00, 0xd5, 0x00, 0xd6, 0x00, 0xd8, 0x00, 0xd9, 0x00, 0xda,
  0x00, 0xde, 0x00, 0xe4, 0x00, 0xe5, 0x00, 0xe8, 0x00, 0xe9, 0x00, 0xea,
  0x00, 0xeb, 0x00, 0xec, 0x00, 0xed, 0x00, 0xee, 0x00, 0xef, 0x00, 0xf0,
  0x00, 0xf1, 0x00, 0xf2, 0x00, 0xf3, 0x00, 0xf4, 0x00, 0xf5, 0x00, 0xf6,
  0x00, 0xe2, 0x00, 0xe3, 0x00, 0xe6, 0x00, 0xe7, 0x00, 0x8f, 0x00, 0x92,
  0x00, 0x94, 0x00, 0x95, 0x00, 0x98, 0x00, 0x99, 0x00, 0x9a, 0x00, 0x9b,
  0x00, 0x9c, 0x00, 0x9f, 0x00, 0xa5, 0x00, 0xa7, 0x00, 0xa8, 0x00, 0xb9,
  0x00, 0xbc, 0x00, 0xc0, 0x00, 0xc1, 0x00, 0xd2, 0x00, 0xd7, 0x00, 0xdb,
  0x00, 0xdc, 0x00, 0xdd, 0x00, 0xdf, 0x00, 0xe0, 0x00, 0xe1, 0x00, 0x00,
  0x00, 0x00, 0x00, 0x03, 0x00, 0x00, 0x00, 0x00, 0x00, 0x00, 0x01, 0x24,
  0x00, 0x01, 0x00, 0x00, 0x00, 0x00, 0x00, 0x1c, 0x00, 0x03, 0x00, 0x01,
  0x00, 0x00, 0x01, 0x24, 0x00, 0x00, 0x01, 0x06, 0x00, 0x00, 0x01, 0x00,
  0x00, 0x00, 0x00, 0x00, 0x00, 0x00, 0x01, 0x03, 0x00, 0x00, 0x00, 0x02,
  0x00, 0x00, 0x00, 0x00, 0x00, 0x00, 0x00, 0x00, 0x00, 0x00, 0x00, 0x00,
  0x00, 0x00, 0x00, 0x01, 0x00, 0x00, 0x03, 0x04, 0x05, 0x06, 0x07, 0x08,
  0x09, 0x0a, 0x0b, 0x0c, 0x0d, 0x0e, 0x0f, 0x10, 0x11, 0x12, 0x13, 0x14,
  0x15, 0x16, 0x17, 0x18, 0x19, 0x1a, 0x1b, 0x1c, 0x1d, 0x1e, 0x1f, 0x20,
  0x21, 0x22, 0x23, 0x24, 0x25, 0x26, 0x27, 0x28, 0x29, 0x2a, 0x2b, 0x2c,
  0x2d, 0x2e, 0x2f, 0x30, 0x31, 0x32, 0x33, 0x34, 0x35, 0x36, 0x37, 0x38,
  0x39, 0x3a, 0x3b, 0x3c, 0x3d, 0x3e, 0x3f, 0x40, 0x41, 0x42, 0x43, 0x44,
  0x45, 0x46, 0x47, 0x48, 0x49, 0x4a, 0x4b, 0x4c, 0x4d, 0x4e, 0x4f, 0x50,
  0x51, 0x52, 0x53, 0x54, 0x55, 0x56, 0x57, 0x58, 0x59, 0x5a, 0x5b, 0x5c,
  0x5d, 0x5e, 0x5f, 0x60, 0x61, 0x00, 0x00, 0x00, 0xb2, 0x9b, 0xb3, 0x9e,
  0x82, 0xb0, 0xc4, 0xb4, 0xc8, 0xae, 0xa2, 0x00, 0x00, 0x00, 0x00, 0xa8,
  0xa9, 0xa6, 0xa7, 0x87, 0xa4, 0xa5, 0xc5, 0x8c, 0xc9, 0xaf, 0xa3, 0x00,
  0x00, 0xac, 0x00, 0x99, 0x84, 0x85, 0xad, 0x92, 0xca, 0x86, 0x8e, 0x8b,
  0x94, 0x9c, 0x9a, 0xd1, 0x8a, 0xc6, 0x83, 0x91, 0xd4, 0xd5, 0x8d, 0x93,
  0x88, 0xb1, 0xc7, 0xd3, 0x95, 0x9d, 0xd7, 0xd6, 0xd8, 0x98, 0x9f, 0xb7,
  0xb5, 0xa0, 0x62, 0x63, 0x8f, 0x64, 0xb9, 0x65, 0xb6, 0xb8, 0xbd, 0xba,
  0xbb, 0xbc, 0xcb, 0x66, 0xc0, 0xbe, 0xbf, 0xa1, 0x67, 0xd2, 0x90, 0xc3,
  0xc1, 0xc2, 0x68, 0xcd, 0xcf, 0x89, 0x6a, 0x69, 0x6b, 0x6d, 0x6c, 0x6e,
  0x96, 0x6f, 0x71, 0x70, 0x72, 0x73, 0x75, 0x74, 0x76, 0x77, 0xcc, 0x78,
  0x7a, 0x79, 0x7b, 0x7d, 0x7c, 0xaa, 0x97, 0x7f, 0x7e, 0x80, 0x81, 0xce,
  0xd0, 0xab, 0x00, 0x00, 0x00, 0x04, 0x03, 0x50, 0x00, 0x00, 0x00, 0x52,
  0x00, 0x40, 0x00, 0x05, 0x00, 0x12, 0x00, 0x7e, 0x00, 0xff, 0x01, 0x31,
  0x01, 0x42, 0x01, 0x53, 0x01, 0x61, 0x01, 0x78, 0x01, 0x7e, 0x01, 0x92,
  0x02, 0xc7, 0x02, 0xc9, 0x02, 0xdd, 0x03, 0x94, 0x03, 0xa9, 0x03, 0xbc,
  0x03, 0xc0, 0x20, 0x10, 0x20, 0x14, 0x20, 0x1a, 0x20, 0x1e, 0x20, 0x22,
  0x20, 0x26, 0x20, 0x30, 0x20, 0x3a, 0x20, 0x44, 0x21, 0x22, 0x21, 0x26,
  0x22, 0x02, 0x22, 0x06, 0x22, 0x0f, 0x22, 0x12, 0x22, 0x1a, 0x22, 0x1e,
  0x22, 0x2b, 0x22, 0x48, 0x22, 0x60, 0x22, 0x65, 0x22, 0xf2, 0x25, 0xca,
  0xf0, 0x02, 0xff, 0xff, 0x00, 0x00, 0x00, 0x20, 0x00, 0xa1, 0x01, 0x31,
  0x01, 0x41, 0x01, 0x52, 0x01, 0x60, 0x01, 0x78, 0x01, 0x7d, 0x01, 0x92,
  0x02, 0xc6, 0x02, 0xc9, 0x02, 0xd8, 0x03, 0x94, 0x03, 0xa9, 0x03, 0xbc,
  0x03, 0xc0, 0x20, 0x10, 0x20, 0x13, 0x20, 0x18, 0x20, 0x1c, 0x20, 0x20,
  0x20, 0x26, 0x20, 0x30, 0x20, 0x39, 0x20, 0x44, 0x21, 0x22, 0x21, 0x26,
  0x22, 0x02, 0x22, 0x06, 0x22, 0x0f, 0x22, 0x11, 0x22, 0x19, 0x22, 0x1e,
  0x22, 0x2b, 0x22, 0x48, 0x22, 0x60, 0x22, 0x64, 0x22, 0xf2, 0x25, 0xca,
  0xf0, 0x00, 0xff, 0xff, 0x00, 0x00, 0x00, 0x00, 0x00, 0x00, 0x00, 0x00,
  0x00, 0x00, 0x00, 0x00, 0x00, 0x00, 0x00, 0x00, 0x00, 0x00, 0x00, 0x00,
  0x00, 0x00, 0x00, 0x00, 0x00, 0x00, 0x00, 0x00, 0x00, 0x00, 0x00, 0x00,
  0x00, 0x00, 0x00, 0x00, 0x00, 0x00, 0x00, 0x00, 0x00, 0x00, 0x00, 0x00,
  0x00, 0x00, 0x00, 0x00, 0x00, 0x00, 0x00, 0x00, 0x00, 0x00, 0x00, 0x00,
  0x00, 0x00, 0x00, 0x00, 0x00, 0x00, 0x00, 0x00, 0x00, 0x00, 0x00, 0x00,
  0x00, 0x00, 0x00, 0x00, 0x00, 0x00, 0x00, 0x00, 0x00, 0x00, 0x00, 0x00,
  0x00, 0x01, 0x00, 0x52, 0x01, 0x0e, 0x01, 0xca, 0x01, 0xca, 0x01, 0xcc,
  0x01, 0xce, 0x01, 0xd0, 0x01, 0xd0, 0x01, 0xd2, 0x01, 0xd2, 0x01, 0xd4,
  0x01, 0xd4, 0x01, 0xde, 0x01, 0xde, 0x01, 0xde, 0x01, 0xde, 0x01, 0xde,
  0x01, 0xde, 0x01, 0xe0, 0x01, 0xe4, 0x01, 0xe8, 0x01, 0xec, 0x01, 0xec,
  0x01, 0xec, 0x01, 0xee, 0x01, 0xee, 0x01, 0xee, 0x01, 0xee, 0x01, 0xee,
  0x01, 0xee, 0x01, 0xee, 0x01, 0xf0, 0x01, 0xf2, 0x01, 0xf2, 0x01, 0xf2,
  0x01, 0xf2, 0x01, 0xf2, 0x01, 0xf4, 0x01, 0xf4, 0x01, 0xf4, 0xff, 0xff,
  0x00, 0x03, 0x00, 0x04, 0x00, 0x05, 0x00, 0x06, 0x00, 0x07, 0x00, 0x08,
  0x00, 0x09, 0x00, 0x0a, 0x00, 0x0b, 0x00, 0x0c, 0x00, 0x0d, 0x00, 0x0e,
  0x00, 0x0f, 0x00, 0x10, 0x00, 0x11, 0x00, 0x12, 0x00, 0x13, 0x00, 0x14,
  0x00, 0x15, 0x00, 0x16, 0x00, 0x17, 0x00, 0x18, 0x00, 0x19, 0x00, 0x1a,
  0x00, 0x1b, 0x00, 0x1c, 0x00, 0x1d, 0x00, 0x1e, 0x00, 0x1f, 0x00, 0x20,
  0x00, 0x21, 0x00, 0x22, 0x00, 0x23, 0x00, 0x24, 0x00, 0x25, 0x00, 0x26,
  0x00, 0x27, 0x00, 0x28, 0x00, 0x29, 0x00, 0x2a, 0x00, 0x2b, 0x00, 0x2c,
  0x00, 0x2d, 0x00, 0x2e, 0x00, 0x2f, 0x00, 0x30, 0x00, 0x31, 0x00, 0x32,
  0x00, 0x33, 0x00, 0x34, 0x00, 0x35, 0x00, 0x36, 0x00, 0x37, 0x00, 0x38,
  0x00, 0x39, 0x00, 0x3a, 0x00, 0x3b, 0x00, 0x3c, 0x00, 0x3d, 0x00, 0x3e,
  0x00, 0x3f, 0x00, 0x40, 0x00, 0x41, 0x00, 0x42, 0x00, 0x43, 0x00, 0x44,
  0x00, 0x45, 0x00, 0x46, 0x00, 0x47, 0x00, 0x48, 0x00, 0x49, 0x00, 0x4a,
  0x00, 0x4b, 0x00, 0x4c, 0x00, 0x4d, 0x00, 0x4e, 0x00, 0x4f, 0x00, 0x50,
  0x00, 0x51, 0x00, 0x52, 0x00, 0x53, 0x00, 0x54, 0x00, 0x55, 0x00, 0x56,
  0x00, 0x57, 0x00, 0x58, 0x00, 0x59, 0x00, 0x5a, 0x00, 0x5b, 0x00, 0x5c,
  0x00, 0x5d, 0x00, 0x5e, 0x00, 0x5f, 0x00, 0x60, 0x00, 0x61, 0x00, 0x99,
  0x00, 0x84, 0x00, 0x85, 0x00, 0xad, 0x00, 0x92, 0x00, 0xca, 0x00, 0x86,
  0x00, 0x8e, 0x00, 0x8b, 0x00, 0x94, 0x00, 0x9c, 0x00, 0x9a, 0x00, 0xd1,
  0x00, 0x8a, 0x00, 0xc6, 0x00, 0x83, 0x00, 0x91, 0x00, 0xd4, 0x00, 0xd5,
  0x00, 0x8d, 0x00, 0x93, 0x00, 0x88, 0x00, 0xb1, 0x00, 0xc7, 0x00, 0xd3,
  0x00, 0x95, 0x00, 0x9d, 0x00, 0xd7, 0x00, 0xd6, 0x00, 0xd8, 0x00, 0x98,
  0x00, 0x9f, 0x00, 0xb7, 0x00, 0xb5, 0x00, 0xa0, 0x00, 0x62, 0x00, 0x63,
  0x00, 0x8f, 0x00, 0x64, 0x00, 0xb9, 0x00, 0x65, 0x00, 0xb6, 0x00, 0xb8,
  0x00, 0xbd, 0x00, 0xba, 0x00, 0xbb, 0x00, 0xbc, 0x00, 0xcb, 0x00, 0x66,
  0x00, 0xc0, 0x00, 0xbe, 0x00, 0xbf, 0x00, 0xa1, 0x00, 0x67, 0x00, 0xd2,
  0x00, 0x90, 0x00, 0xc3, 0x00, 0xc1, 0x00, 0xc2, 0x00, 0x68, 0x00, 0xcd,
  0x00, 0xcf, 0x00, 0x89, 0x00, 0x6a, 0x00, 0x69, 0x00, 0x6b, 0x00, 0x6d,
  0x00, 0x6c, 0x00, 0x6e, 0x00, 0x96, 0x00, 0x6f, 0x00, 0x71, 0x00, 0x70,
  0x00, 0x72, 0x00, 0x73, 0x00, 0x75, 0x00, 0x74, 0x00, 0x76, 0x00, 0x77,
  0x00, 0xcc, 0x00, 0x78, 0x00, 0x7a, 0x00, 0x79, 0x00, 0x7b, 0x00, 0x7d,
  0x00, 0x7c, 0x00, 0xaa, 0x00, 0x97, 0x00, 0x7f, 0x00, 0x7e, 0x00, 0x80,
  0x00, 0x81, 0x00, 0xce, 0x00, 0xd0, 0x00, 0xab, 0x00, 0xef, 0x00, 0xd9,
  0x00, 0xda, 0x00, 0xa2, 0x00, 0xa3, 0x00, 0xc8, 0x00, 0xc9, 0x00, 0xac,
  0x00, 0xdb, 0x00, 0xdc, 0x00, 0x9b, 0x00, 0xc4, 0x00, 0xf5, 0x00, 0xc6,
  0x00, 0xf0, 0x00, 0xf1, 0x00, 0xf2, 0x00, 0xf4, 0x00, 0xc5, 0x00, 0xf3,
  0x00, 0xe9, 0x00, 0xe6, 0x00, 0x93, 0x00, 0xe4, 0x00, 0x10, 0x00, 0xa4,
  0x00, 0xa5, 0x00, 0xa8, 0x00, 0xa9, 0x00, 0xb2, 0x00, 0xa6, 0x00, 0xa7,
  0x00, 0xb3, 0x00, 0x82, 0x00, 0xb0, 0x00, 0x87, 0x00, 0x9e, 0x00, 0xb4,
  0x00, 0xae, 0x00, 0xaf, 0x00, 0xeb, 0x00, 0x8c, 0x00, 0xe6, 0x00, 0xe1,
  0x00, 0xe9, 0x00, 0xe3, 0x00, 0xe2, 0x00, 0xd1, 0x00, 0xb1, 0x00, 0xe7,
  0x00, 0xde, 0x00, 0xe5, 0x00, 0xe8, 0x00, 0xdd, 0x00, 0xdf, 0x00, 0xe0,
  0x00, 0xe8, 0x00, 0xea, 0x00, 0xee, 0x00, 0xec, 0x00, 0xed, 0x00, 0x00,
  0x00, 0x00, 0x00, 0x10, 0x00, 0x00, 0x00, 0xf8, 0x09, 0x1b, 0x05, 0x00,
  0x03, 0x03, 0x03, 0x05, 0x07, 0x07, 0x07, 0x08, 0x02, 0x03, 0x03, 0x07,
  0x07, 0x03, 0x05, 0x02, 0x07, 0x07, 0x03, 0x07, 0x07, 0x07, 0x07, 0x07,
  0x06, 0x07, 0x07, 0x05, 0x05, 0x05, 0x07, 0x05, 0x06, 0x07, 0x07, 0x07,
  0x07, 0x07, 0x07, 0x07, 0x07, 0x07, 0x02, 0x06, 0x07, 0x06, 0x09, 0x07,
  0x07, 0x07, 0x07, 0x07, 0x07, 0x07, 0x07, 0x07, 0x09, 0x07, 0x07, 0x07,
  0x03, 0x07, 0x03, 0x05, 0x07, 0x03, 0x06, 0x06, 0x06, 0x06, 0x06, 0x03,
  0x06, 0x06, 0x02, 0x03, 0x06, 0x02, 0x09, 0x06, 0x06, 0x06, 0x06, 0x05,
  0x06, 0x05, 0x06, 0x06, 0x09, 0x06, 0x06, 0x06, 0x05, 0x05, 0x05, 0x06,
  0x07, 0x07, 0x07, 0x07, 0x07, 0x07, 0x07, 0x06, 0x06, 0x06, 0x06, 0x06,
  0x06, 0x06, 0x06, 0x06, 0x06, 0x06, 0x02, 0x02, 0x02, 0x02, 0x06, 0x06,
  0x06, 0x06, 0x06, 0x06, 0x06, 0x06, 0x06, 0x06, 0x05, 0x05, 0x07, 0x07,
  0x05, 0x02, 0x07, 0x06, 0x07, 0x07, 0x0a, 0x03, 0x06, 0x0b, 0x07, 0x07,
  0x07, 0x07, 0x05, 0x05, 0x09, 0x06, 0x06, 0x03, 0x07, 0x03, 0x07, 0x07,
  0x07, 0x07, 0x07, 0x07, 0x0b, 0x09, 0x05, 0x06, 0x05, 0x05, 0x02, 0x02,
  0x07, 0x06, 0x07, 0x08, 0x03, 0x03, 0x05, 0x02, 0x02, 0x05, 0x07, 0x07,
  0x07, 0x07, 0x07, 0x07, 0x02, 0x02, 0x02, 0x02, 0x07, 0x07, 0x07, 0x07,
  0x07, 0x07, 0x05, 0x06, 0x05, 0x03, 0x07, 0x06, 0x02, 0x08, 0x06, 0x07,
  0x06, 0x06, 0x06, 0x06, 0x06, 0x02, 0x05, 0x05, 0x09, 0x09, 0x0a, 0x07,
  0x05, 0x07, 0x06, 0x07, 0x07, 0x06, 0x06, 0x05, 0x07, 0x07, 0x07, 0x03,
  0x07, 0x07, 0x07, 0x07, 0x05, 0x07, 0x06, 0x06, 0x1b, 0x02, 0x05, 0x02,
  0x05, 0x05, 0x03, 0x05, 0x0a, 0x1e, 0x05, 0x00, 0x04, 0x04, 0x04, 0x05,
  0x08, 0x08, 0x08, 0x09, 0x03, 0x04, 0x04, 0x08, 0x08, 0x04, 0x05, 0x03,
  0x08, 0x08, 0x04, 0x08, 0x08, 0x08, 0x08, 0x08, 0x06, 0x08, 0x08, 0x05,
  0x05, 0x05, 0x08, 0x05, 0x06, 0x08, 0x08, 0x08, 0x08, 0x08, 0x08, 0x08,
  0x08, 0x08, 0x03, 0x06, 0x08, 0x06, 0x0a, 0x08, 0x08, 0x08, 0x08, 0x08,
  0x08, 0x08, 0x08, 0x08, 0x0a, 0x08, 0x08, 0x08, 0x04, 0x08, 0x04, 0x05,
  0x08, 0x04, 0x06, 0x06, 0x06, 0x06, 0x06, 0x04, 0x06, 0x06, 0x03, 0x04,
  0x06, 0x03, 0x0a, 0x06, 0x06, 0x06, 0x06, 0x05, 0x06, 0x05, 0x06, 0x06,
  0x0a, 0x06, 0x06, 0x06, 0x05, 0x05, 0x05, 0x06, 0x08, 0x08, 0x08, 0x08,
  0x08, 0x08, 0x08, 0x06, 0x06, 0x06, 0x06, 0x06, 0x06, 0x06, 0x06, 0x06,
  0x06, 0x06, 0x03, 0x03, 0x03, 0x03, 0x06, 0x06, 0x06, 0x06, 0x06, 0x06,
  0x06, 0x06, 0x06, 0x06, 0x05, 0x05, 0x08, 0x08, 0x05, 0x03, 0x08, 0x06,
  0x08, 0x08, 0x0b, 0x04, 0x06, 0x0d, 0x08, 0x08, 0x08, 0x08, 0x05, 0x05,
  0x0a, 0x06, 0x06, 0x04, 0x08, 0x04, 0x08, 0x08, 0x08, 0x08, 0x08, 0x08,
  0x0d, 0x0a, 0x05, 0x06, 0x05, 0x05, 0x03, 0x03, 0x08, 0x06, 0x08, 0x09,
  0x04, 0x04, 0x05, 0x03, 0x03, 0x05, 0x08, 0x08, 0x08, 0x08, 0x08, 0x08,
  0x03, 0x03, 0x03, 0x03, 0x08, 0x08, 0x08, 0x08, 0x08, 0x08, 0x05, 0x06,
  0x05, 0x04, 0x08, 0x06, 0x03, 0x09, 0x06, 0x08, 0x06, 0x06, 0x06, 0x06,
  0x06, 0x03, 0x05, 0x05, 0x0a, 0x0a, 0x0b, 0x08, 0x05, 0x08, 0x06, 0x08,
  0x08, 0x06, 0x06, 0x05, 0x08, 0x08, 0x08, 0x04, 0x08, 0x08, 0x08, 0x08,
  0x05, 0x08, 0x06, 0x06, 0x1e, 0x03, 0x05, 0x03, 0x05, 0x05, 0x04, 0x05,
  0x0b, 0x21, 0x06, 0x00, 0x04, 0x04, 0x04, 0x06, 0x08, 0x08, 0x08, 0x0a,
  0x03, 0x04, 0x04, 0x08, 0x08, 0x04, 0x06, 0x03, 0x08, 0x08, 0x04, 0x08,
  0x08, 0x08, 0x08, 0x08, 0x07, 0x08, 0x08, 0x06, 0x06, 0x06, 0x08, 0x06,
  0x07, 0x08, 0x08, 0x08, 0x08, 0x08, 0x08, 0x08, 0x08, 0x08, 0x03, 0x07,
  0x08, 0x07, 0x0b, 0x08, 0x08, 0x08, 0x08, 0x08, 0x08, 0x08, 0x08, 0x08,
  0x0b, 0x08, 0x08, 0x08, 0x04, 0x08, 0x04, 0x06, 0x08, 0x04, 0x07, 0x07,
  0x07, 0x07, 0x07, 0x04, 0x07, 0x07, 0x03, 0x04, 0x07, 0x03, 0x0b, 0x07,
  0x07, 0x07, 0x07, 0x06, 0x07, 0x06, 0x07, 0x07, 0x0b, 0x07, 0x07, 0x07,
  0x06, 0x06, 0x06, 0x07, 0x08, 0x08, 0x08, 0x08, 0x08, 0x08, 0x08, 0x07,
  0x07, 0x07, 0x07, 0x07, 0x07, 0x07, 0x07, 0x07, 0x07, 0x07, 0x03, 0x03,
  0x03, 0x03, 0x07, 0x07, 0x07, 0x07, 0x07, 0x07, 0x07, 0x07, 0x07, 0x07,
  0x06, 0x06, 0x08, 0x08, 0x06, 0x03, 0x08, 0x07, 0x08, 0x08, 0x0c, 0x04,
  0x07, 0x0e, 0x08, 0x08, 0x08, 0x08, 0x06, 0x06, 0x0b, 0x07, 0x07, 0x04,
  0x08, 0x04, 0x08, 0x08, 0x08, 0x08, 0x08, 0x08, 0x0e, 0x0b, 0x06, 0x07,
  0x06, 0x06, 0x03, 0x03, 0x08, 0x07, 0x08, 0x0a, 0x04, 0x04, 0x06, 0x03,
  0x03, 0x06, 0x08, 0x08, 0x08, 0x08, 0x08, 0x08, 0x03, 0x03, 0x03, 0x03,
  0x08, 0x08, 0x08, 0x08, 0x08, 0x08, 0x06, 0x07, 0x06, 0x04, 0x08, 0x07,
  0x03, 0x0a, 0x07, 0x08, 0x07, 0x07, 0x07, 0x07, 0x07, 0x03, 0x06, 0x06,
  0x0b, 0x0b, 0x0c, 0x08, 0x06, 0x08, 0x07, 0x08, 0x08, 0x07, 0x07, 0x06,
  0x08, 0x08, 0x08, 0x04, 0x08, 0x08, 0x08, 0x08, 0x06, 0x08, 0x07, 0x07,
  0x21, 0x03, 0x06, 0x03, 0x06, 0x06, 0x04, 0x06, 0x0c, 0x24, 0x06, 0x00,
  0x05, 0x05, 0x05, 0x06, 0x09, 0x09, 0x09, 0x0b, 0x03, 0x05, 0x05, 0x09,
  0x09, 0x05, 0x06, 0x03, 0x09, 0x09, 0x05, 0x09, 0x09, 0x09, 0x09, 0x09,
  0x08, 0x09, 0x09, 0x06, 0x06, 0x06, 0x09, 0x06, 0x08, 0x09, 0x09, 0x09,
  0x09, 0x09, 0x09, 0x09, 0x09, 0x09, 0x03, 0x08, 0x09, 0x08, 0x0c, 0x09,
  0x09, 0x09, 0x09, 0x09, 0x09, 0x09, 0x09, 0x09, 0x0c, 0x09, 0x09, 0x09,
  0x05, 0x09, 0x05, 0x06, 0x09, 0x05, 0x08, 0x08, 0x08, 0x08, 0x08, 0x05,
  0x08, 0x08, 0x03, 0x05, 0x08, 0x03, 0x0c, 0x08, 0x08, 0x08, 0x08, 0x06,
  0x08, 0x06, 0x08, 0x08, 0x0c, 0x08, 0x08, 0x08, 0x06, 0x06, 0x06, 0x08,
  0x09, 0x09, 0x09, 0x09, 0x09, 0x09, 0x09, 0x08, 0x08, 0x08, 0x08, 0x08,
  0x08, 0x08, 0x08, 0x08, 0x08, 0x08, 0x03, 0x03, 0x03, 0x03, 0x08, 0x08,
  0x08, 0x08, 0x08, 0x08, 0x08, 0x08, 0x08, 0x08, 0x06, 0x06, 0x09, 0x09,
  0x06, 0x03, 0x09, 0x08, 0x09, 0x09, 0x0e, 0x05, 0x08, 0x0f, 0x09, 0x09,
  0x09, 0x09, 0x06, 0x06, 0x0c, 0x08, 0x08, 0x05, 0x09, 0x05, 0x09, 0x09,
  0x09, 0x09, 0x09, 0x09, 0x0f, 0x0c, 0x06, 0x08, 0x06, 0x06, 0x03, 0x03,
  0x09, 0x08, 0x09, 0x0b, 0x05, 0x05, 0x06, 0x03, 0x03, 0x06, 0x09, 0x09,
  0x09, 0x09, 0x09, 0x09, 0x03, 0x03, 0x03, 0x03, 0x09, 0x09, 0x09, 0x09,
  0x09, 0x09, 0x06, 0x08, 0x06, 0x05, 0x09, 0x08, 0x03, 0x0b, 0x08, 0x09,
  0x08, 0x08, 0x08, 0x08, 0x08, 0x03, 0x06, 0x06, 0x0c, 0x0c, 0x0e, 0x09,
  0x06, 0x09, 0x08, 0x09, 0x09, 0x08, 0x08, 0x06, 0x09, 0x09, 0x09, 0x05,
  0x09, 0x09, 0x09, 0x09, 0x06, 0x09, 0x08, 0x08, 0x24, 0x03, 0x06, 0x03,
  0x06, 0x06, 0x05, 0x06, 0x0d, 0x27, 0x07, 0x00, 0x05, 0x05, 0x05, 0x07,
  0x0a, 0x0a, 0x0a, 0x0b, 0x03, 0x05, 0x05, 0x0a, 0x0a, 0x05, 0x07, 0x03,
  0x0a, 0x0a, 0x05, 0x0a, 0x0a, 0x0a, 0x0a, 0x0a, 0x08, 0x0a, 0x0a, 0x07,
  0x07, 0x07, 0x0a, 0x07, 0x08, 0x0a, 0x0a, 0x0a, 0x0a, 0x0a, 0x0a, 0x0a,
  0x0a, 0x0a, 0x03, 0x08, 0x0a, 0x08, 0x0d, 0x0a, 0x0a, 0x0a, 0x0a, 0x0a,
  0x0a, 0x0a, 0x0a, 0x0a, 0x0d, 0x0a, 0x0a, 0x0a, 0x05, 0x0a, 0x05, 0x07,
  0x0a, 0x05, 0x08, 0x08, 0x08, 0x08, 0x08, 0x05, 0x08, 0x08, 0x03, 0x05,
  0x08, 0x03, 0x0d, 0x08, 0x08, 0x08, 0x08, 0x07, 0x08, 0x07, 0x08, 0x08,
  0x0d, 0x08, 0x08, 0x08, 0x07, 0x07, 0x07, 0x08, 0x0a, 0x0a, 0x0a, 0x0a,
  0x0a, 0x0a, 0x0a, 0x08, 0x08, 0x08, 0x08, 0x08, 0x08, 0x08, 0x08, 0x08,
  0x08, 0x08, 0x03, 0x03, 0x03, 0x03, 0x08, 0x08, 0x08, 0x08, 0x08, 0x08,
  0x08, 0x08, 0x08, 0x08, 0x07, 0x07, 0x0a, 0x0a, 0x07, 0x03, 0x0a, 0x08,
  0x0a, 0x0a, 0x0f, 0x05, 0x08, 0x10, 0x0a, 0x0a, 0x0a, 0x0a, 0x07, 0x07,
  0x0d, 0x08, 0x08, 0x05, 0x0a, 0x05, 0x0a, 0x0a, 0x0a, 0x0a, 0x0a, 0x0a,
  0x10, 0x0d, 0x07, 0x08, 0x07, 0x07, 0x03, 0x03, 0x0a, 0x08, 0x0a, 0x0b,
  0x05, 0x05, 0x07, 0x03, 0x03, 0x07, 0x0a, 0x0a, 0x0a, 0x0a, 0x0a, 0x0a,
  0x03, 0x03, 0x03, 0x03, 0x0a, 0x0a, 0x0a, 0x0a, 0x0a, 0x0a, 0x07, 0x08,
  0x07, 0x05, 0x0a, 0x08, 0x03, 0x0b, 0x08, 0x0a, 0x08, 0x08, 0x08, 0x08,
  0x08, 0x03, 0x07, 0x07, 0x0d, 0x0d, 0x0f, 0x0a, 0x07, 0x0a, 0x08, 0x0a,
  0x0a, 0x08, 0x08, 0x07, 0x0a, 0x0a, 0x0a, 0x05, 0x0a, 0x0a, 0x0a, 0x0a,
  0x07, 0x0a, 0x08, 0x08, 0x27, 0x03, 0x07, 0x03, 0x07, 0x07, 0x05, 0x07,
  0x0e, 0x2a, 0x07, 0x00, 0x05, 0x05, 0x05, 0x07, 0x0b, 0x0b, 0x0b, 0x0c,
  0x04, 0x05, 0x05, 0x0b, 0x0b, 0x05, 0x07, 0x04, 0x0b, 0x0b, 0x05, 0x0b,
  0x0b, 0x0b, 0x0b, 0x0b, 0x09, 0x0b, 0x0b, 0x07, 0x07, 0x07, 0x0b, 0x07,
  0x09, 0x0b, 0x0b, 0x0b, 0x0b, 0x0b, 0x0b, 0x0b, 0x0b, 0x0b, 0x04, 0x09,
  0x0b, 0x09, 0x0e, 0x0b, 0x0b, 0x0b, 0x0b, 0x0b, 0x0b, 0x0b, 0x0b, 0x0b,
  0x0e, 0x0b, 0x0b, 0x0b, 0x05, 0x0b, 0x05, 0x07, 0x0b, 0x05, 0x09, 0x09,
  0x09, 0x09, 0x09, 0x05, 0x09, 0x09, 0x04, 0x05, 0x09, 0x04, 0x0e, 0x09,
  0x09, 0x09, 0x09, 0x07, 0x09, 0x07, 0x09, 0x09, 0x0e, 0x09, 0x09, 0x09,
  0x07, 0x07, 0x07, 0x09, 0x0b, 0x0b, 0x0b, 0x0b, 0x0b, 0x0b, 0x0b, 0x09,
  0x09, 0x09, 0x09, 0x09, 0x09, 0x09, 0x09, 0x09, 0x09, 0x09, 0x04, 0x04,
  0x04, 0x04, 0x09, 0x09, 0x09, 0x09, 0x09, 0x09, 0x09, 0x09, 0x09, 0x09,
  0x07, 0x07, 0x0b, 0x0b, 0x07, 0x04, 0x0b, 0x09, 0x0b, 0x0b, 0x10, 0x05,
  0x09, 0x12, 0x0b, 0x0b, 0x0b, 0x0b, 0x07, 0x07, 0x0e, 0x09, 0x09, 0x05,
  0x0b, 0x05, 0x0b, 0x0b, 0x0b, 0x0b, 0x0b, 0x0b, 0x12, 0x0e, 0x07, 0x09,
  0x07, 0x07, 0x04, 0x04, 0x0b, 0x09, 0x0b, 0x0c, 0x05, 0x05, 0x07, 0x04,
  0x04, 0x07, 0x0b, 0x0b, 0x0b, 0x0b, 0x0b, 0x0b, 0x04, 0x04, 0x04, 0x04,
  0x0b, 0x0b, 0x0b, 0x0b, 0x0b, 0x0b, 0x07, 0x09, 0x07, 0x05, 0x0b, 0x09,
  0x04, 0x0c, 0x09, 0x0b, 0x09, 0x09, 0x09, 0x09, 0x09, 0x04, 0x07, 0x07,
  0x0e, 0x0e, 0x10, 0x0b, 0x07, 0x0b, 0x09, 0x0b, 0x0b, 0x09, 0x09, 0x07,
  0x0b, 0x0b, 0x0b, 0x05, 0x0b, 0x0b, 0x0b, 0x0b, 0x07, 0x0b, 0x09, 0x09,
  0x2a, 0x04, 0x07, 0x04, 0x07, 0x07, 0x05, 0x07, 0x0f, 0x2d, 0x08, 0x00,
  0x06, 0x06, 0x06, 0x08, 0x0b, 0x0b, 0x0b, 0x0d, 0x04, 0x06, 0x06, 0x0b,
  0x0b, 0x06, 0x08, 0x04, 0x0b, 0x0b, 0x06, 0x0b, 0x0b, 0x0b, 0x0b, 0x0b,
  0x09, 0x0b, 0x0b, 0x08, 0x08, 0x08, 0x0b, 0x08, 0x09, 0x0b, 0x0b, 0x0b,
  0x0b, 0x0b, 0x0b, 0x0b, 0x0b, 0x0b, 0x04, 0x09, 0x0b, 0x09, 0x0f, 0x0b,
  0x0b, 0x0b, 0x0b, 0x0b, 0x0b, 0x0b, 0x0b, 0x0b, 0x0f, 0x0b, 0x0b, 0x0b,
  0x06, 0x0b, 0x06, 0x08, 0x0b, 0x06, 0x09, 0x09, 0x09, 0x09, 0x09, 0x06,
  0x09, 0x09, 0x04, 0x06, 0x09, 0x04, 0x0f, 0x09, 0x09, 0x09, 0x09, 0x08,
  0x09, 0x08, 0x09, 0x09, 0x0f, 0x09, 0x09, 0x09, 0x08, 0x08, 0x08, 0x09,
  0x0b, 0x0b, 0x0b, 0x0b, 0x0b, 0x0b, 0x0b, 0x09, 0x09, 0x09, 0x09, 0x09,
  0x09, 0x09, 0x09, 0x09, 0x09, 0x09, 0x04, 0x04, 0x04, 0x04, 0x09, 0x09,
  0x09, 0x09, 0x09, 0x09, 0x09, 0x09, 0x09, 0x09, 0x08, 0x08, 0x0b, 0x0b,
  0x08, 0x04, 0x0b, 0x09, 0x0b, 0x0b, 0x11, 0x06, 0x09, 0x13, 0x0b, 0x0b,
  0x0b, 0x0b, 0x08, 0x08, 0x0f, 0x09, 0x09, 0x06, 0x0b, 0x06, 0x0b, 0x0b,
  0x0b, 0x0b, 0x0b, 0x0b, 0x13, 0x0f, 0x08, 0x09, 0x08, 0x08, 0x04, 0x04,
  0x0b, 0x09, 0x0b, 0x0d, 0x06, 0x06, 0x08, 0x04, 0x04, 0x08, 0x0b, 0x0b,
  0x0b, 0x0b, 0x0b, 0x0b, 0x04, 0x04, 0x04, 0x04, 0x0b, 0x0b, 0x0b, 0x0b,
  0x0b, 0x0b, 0x08, 0x09, 0x08, 0x06, 0x0b, 0x09, 0x04, 0x0d, 0x09, 0x0b,
  0x09, 0x09, 0x09, 0x09, 0x09, 0x04, 0x08, 0x08, 0x0f, 0x0f, 0x11, 0x0b,
  0x08, 0x0b, 0x09, 0x0b, 0x0b, 0x09, 0x09, 0x08, 0x0b, 0x0b, 0x0b, 0x06,
  0x0b, 0x0b, 0x0b, 0x0b, 0x08, 0x0b, 0x09, 0x09, 0x2d, 0x04, 0x08, 0x04,
  0x08, 0x08, 0x06, 0x08, 0x10, 0x30, 0x08, 0x00, 0x06, 0x06, 0x06, 0x08,
  0x0c, 0x0c, 0x0c, 0x0e, 0x04, 0x06, 0x06, 0x0c, 0x0c, 0x06, 0x08, 0x04,
  0x0c, 0x0c, 0x06, 0x0c, 0x0c, 0x0c, 0x0c, 0x0c, 0x0a, 0x0c, 0x0c, 0x08,
  0x08, 0x08, 0x0c, 0x08, 0x0a, 0x0c, 0x0c, 0x0c, 0x0c, 0x0c, 0x0c, 0x0c,
  0x0c, 0x0c, 0x04, 0x0a, 0x0c, 0x0a, 0x10, 0x0c, 0x0c, 0x0c, 0x0c, 0x0c,
  0x0c, 0x0c, 0x0c, 0x0c, 0x10, 0x0c, 0x0c, 0x0c, 0x06, 0x0c, 0x06, 0x08,
  0x0c, 0x06, 0x0a, 0x0a, 0x0a, 0x0a, 0x0a, 0x06, 0x0a, 0x0a, 0x04, 0x06,
  0x0a, 0x04, 0x10, 0x0a, 0x0a, 0x0a, 0x0a, 0x08, 0x0a, 0x08, 0x0a, 0x0a,
  0x10, 0x0a, 0x0a, 0x0a, 0x08, 0x08, 0x08, 0x0a, 0x0c, 0x0c, 0x0c, 0x0c,
  0x0c, 0x0c, 0x0c, 0x0a, 0x0a, 0x0a, 0x0a, 0x0a, 0x0a, 0x0a, 0x0a, 0x0a,
  0x0a, 0x0a, 0x04, 0x04, 0x04, 0x04, 0x0a, 0x0a, 0x0a, 0x0a, 0x0a, 0x0a,
  0x0a, 0x0a, 0x0a, 0x0a, 0x08, 0x08, 0x0c, 0x0c, 0x08, 0x04, 0x0c, 0x0a,
  0x0c, 0x0c, 0x12, 0x06, 0x0a, 0x14, 0x0c, 0x0c, 0x0c, 0x0c, 0x08, 0x08,
  0x10, 0x0a, 0x0a, 0x06, 0x0c, 0x06, 0x0c, 0x0c, 0x0c, 0x0c, 0x0c, 0x0c,
  0x14, 0x10, 0x08, 0x0a, 0x08, 0x08, 0x04, 0x04, 0x0c, 0x0a, 0x0c, 0x0e,
  0x06, 0x06, 0x08, 0x04, 0x04, 0x08, 0x0c, 0x0c, 0x0c, 0x0c, 0x0c, 0x0c,
  0x04, 0x04, 0x04, 0x04, 0x0c, 0x0c, 0x0c, 0x0c, 0x0c, 0x0c, 0x08, 0x0a,
  0x08, 0x06, 0x0c, 0x0a, 0x04, 0x0e, 0x0a, 0x0c, 0x0a, 0x0a, 0x0a, 0x0a,
  0x0a, 0x04, 0x08, 0x08, 0x10, 0x10, 0x12, 0x0c, 0x08, 0x0c, 0x0a, 0x0c,
  0x0c, 0x0a, 0x0a, 0x08, 0x0c, 0x0c, 0x0c, 0x06, 0x0c, 0x0c, 0x0c, 0x0c,
  0x08, 0x0c, 0x0a, 0x0a, 0x30, 0x04, 0x08, 0x04, 0x08, 0x08, 0x06, 0x08,
  0x11, 0x33, 0x09, 0x00, 0x06, 0x06, 0x06, 0x09, 0x0d, 0x0d, 0x0d, 0x0f,
  0x04, 0x06, 0x06, 0x0d, 0x0d, 0x06, 0x09, 0x04, 0x0d, 0x0d, 0x06, 0x0d,
  0x0d, 0x0d, 0x0d, 0x0d, 0x0b, 0x0d, 0x0d, 0x09, 0x09, 0x09, 0x0d, 0x09,
  0x0b, 0x0d, 0x0d, 0x0d, 0x0d, 0x0d, 0x0d, 0x0d, 0x0d, 0x0d, 0x04, 0x0b,
  0x0d, 0x0b, 0x11, 0x0d, 0x0d, 0x0d, 0x0d, 0x0d, 0x0d, 0x0d, 0x0d, 0x0d,
  0x11, 0x0d, 0x0d, 0x0d, 0x06, 0x0d, 0x06, 0x09, 0x0d, 0x06, 0x0b, 0x0b,
  0x0b, 0x0b, 0x0b, 0x06, 0x0b, 0x0b, 0x04, 0x06, 0x0b, 0x04, 0x11, 0x0b,
  0x0b, 0x0b, 0x0b, 0x09, 0x0b, 0x09, 0x0b, 0x0b, 0x11, 0x0b, 0x0b, 0x0b,
  0x09, 0x09, 0x09, 0x0b, 0x0d, 0x0d, 0x0d, 0x0d, 0x0d, 0x0d, 0x0d, 0x0b,
  0x0b, 0x0b, 0x0b, 0x0b, 0x0b, 0x0b, 0x0b, 0x0b, 0x0b, 0x0b, 0x04, 0x04,
  0x04, 0x04, 0x0b, 0x0b, 0x0b, 0x0b, 0x0b, 0x0b, 0x0b, 0x0b, 0x0b, 0x0b,
  0x09, 0x09, 0x0d, 0x0d, 0x09, 0x04, 0x0d, 0x0b, 0x0d, 0x0d, 0x13, 0x06,
  0x0b, 0x15, 0x0d, 0x0d, 0x0d, 0x0d, 0x09, 0x09, 0x11, 0x0b, 0x0b, 0x06,
  0x0d, 0x06, 0x0d, 0x0d, 0x0d, 0x0d, 0x0d, 0x0d, 0x15, 0x11, 0x09, 0x0b,
  0x09, 0x09, 0x04, 0x04, 0x0d, 0x0b, 0x0d, 0x0f, 0x06, 0x06, 0x09, 0x04,
  0x04, 0x09, 0x0d, 0x0d, 0x0d, 0x0d, 0x0d, 0x0d, 0x04, 0x04, 0x04, 0x04,
  0x0d, 0x0d, 0x0d, 0x0d, 0x0d, 0x0d, 0x09, 0x0b, 0x09, 0x06, 0x0d, 0x0b,
  0x04, 0x0f, 0x0b, 0x0d, 0x0b, 0x0b, 0x0b, 0x0b, 0x0b, 0x04, 0x09, 0x09,
  0x11, 0x11, 0x13, 0x0d, 0x09, 0x0d, 0x0b, 0x0d, 0x0d, 0x0b, 0x0b, 0x09,
  0x0d, 0x0d, 0x0d, 0x06, 0x0d, 0x0d, 0x0d, 0x0d, 0x09, 0x0d, 0x0b, 0x0b,
  0x33, 0x04, 0x09, 0x04, 0x09, 0x09, 0x06, 0x09, 0x12, 0x36, 0x09, 0x00,
  0x07, 0x07, 0x07, 0x09, 0x0e, 0x0e, 0x0e, 0x10, 0x05, 0x07, 0x07, 0x0e,
  0x0e, 0x07, 0x09, 0x05, 0x0e, 0x0e, 0x07, 0x0e, 0x0e, 0x0e, 0x0e, 0x0e,
  0x0b, 0x0e, 0x0e, 0x09, 0x09, 0x09, 0x0e, 0x09, 0x0b, 0x0e, 0x0e, 0x0e,
  0x0e, 0x0e, 0x0e, 0x0e, 0x0e, 0x0e, 0x05, 0x0b, 0x0e, 0x0b, 0x12, 0x0e,
  0x0e, 0x0e, 0x0e, 0x0e, 0x0e, 0x0e, 0x0e, 0x0e, 0x12, 0x0e, 0x0e, 0x0e,
  0x07, 0x0e, 0x07, 0x09, 0x0e, 0x07, 0x0b, 0x0b, 0x0b, 0x0b, 0x0b, 0x07,
  0x0b, 0x0b, 0x05, 0x07, 0x0b, 0x05, 0x12, 0x0b, 0x0b, 0x0b, 0x0b, 0x09,
  0x0b, 0x09, 0x0b, 0x0b, 0x12, 0x0b, 0x0b, 0x0b, 0x09, 0x09, 0x09, 0x0b,
  0x0e, 0x0e, 0x0e, 0x0e, 0x0e, 0x0e, 0x0e, 0x0b, 0x0b, 0x0b, 0x0b, 0x0b,
  0x0b, 0x0b, 0x0b, 0x0b, 0x0b, 0x0b, 0x05, 0x05, 0x05, 0x05, 0x0b, 0x0b,
  0x0b, 0x0b, 0x0b, 0x0b, 0x0b, 0x0b, 0x0b, 0x0b, 0x09, 0x09, 0x0e, 0x0e,
  0x09, 0x05, 0x0e, 0x0b, 0x0e, 0x0e, 0x14, 0x07, 0x0b, 0x17, 0x0e, 0x0e,
  0x0e, 0x0e, 0x09, 0x09, 0x12, 0x0b, 0x0b, 0x07, 0x0e, 0x07, 0x0e, 0x0e,
  0x0e, 0x0e, 0x0e, 0x0e, 0x17, 0x12, 0x09, 0x0b, 0x09, 0x09, 0x05, 0x05,
  0x0e, 0x0b, 0x0e, 0x10, 0x07, 0x07, 0x09, 0x05, 0x05, 0x09, 0x0e, 0x0e,
  0x0e, 0x0e, 0x0e, 0x0e, 0x05, 0x05, 0x05, 0x05, 0x0e, 0x0e, 0x0e, 0x0e,
  0x0e, 0x0e, 0x09, 0x0b, 0x09, 0x07, 0x0e, 0x0b, 0x05, 0x10, 0x0b, 0x0e,
  0x0b, 0x0b, 0x0b, 0x0b, 0x0b, 0x05, 0x09, 0x09, 0x12, 0x12, 0x14, 0x0e,
  0x09, 0x0e, 0x0b, 0x0e, 0x0e, 0x0b, 0x0b, 0x09, 0x0e, 0x0e, 0x0e, 0x07,
  0x0e, 0x0e, 0x0e, 0x0e, 0x09, 0x0e, 0x0b, 0x0b, 0x36, 0x05, 0x09, 0x05,
  0x09, 0x09, 0x07, 0x09, 0x13, 0x39, 0x0a, 0x00, 0x07, 0x07, 0x07, 0x0a,
  0x0e, 0x0e, 0x0e, 0x11, 0x05, 0x07, 0x07, 0x0e, 0x0e, 0x07, 0x0a, 0x05,
  0x0e, 0x0e, 0x07, 0x0e, 0x0e, 0x0e, 0x0e, 0x0e, 0x0c, 0x0e, 0x0e, 0x0a,
  0x0a, 0x0a, 0x0e, 0x0a, 0x0c, 0x0e, 0x0e, 0x0e, 0x0e, 0x0e, 0x0e, 0x0e,
  0x0e, 0x0e, 0x05, 0x0c, 0x0e, 0x0c, 0x13, 0x0e, 0x0e, 0x0e, 0x0e, 0x0e,
  0x0e, 0x0e, 0x0e, 0x0e, 0x13, 0x0e, 0x0e, 0x0e, 0x07, 0x0e, 0x07, 0x0a,
  0x0e, 0x07, 0x0c, 0x0c, 0x0c, 0x0c, 0x0c, 0x07, 0x0c, 0x0c, 0x05, 0x07,
  0x0c, 0x05, 0x13, 0x0c, 0x0c, 0x0c, 0x0c, 0x0a, 0x0c, 0x0a, 0x0c, 0x0c,
  0x13, 0x0c, 0x0c, 0x0c, 0x0a, 0x0a, 0x0a, 0x0c, 0x0e, 0x0e, 0x0e, 0x0e,
  0x0e, 0x0e, 0x0e, 0x0c, 0x0c, 0x0c, 0x0c, 0x0c, 0x0c, 0x0c, 0x0c, 0x0c,
  0x0c, 0x0c, 0x05, 0x05, 0x05, 0x05, 0x0c, 0x0c, 0x0c, 0x0c, 0x0c, 0x0c,
  0x0c, 0x0c, 0x0c, 0x0c, 0x0a, 0x0a, 0x0e, 0x0e, 0x0a, 0x05, 0x0e, 0x0c,
  0x0e, 0x0e, 0x15, 0x07, 0x0c, 0x18, 0x0e, 0x0e, 0x0e, 0x0e, 0x0a, 0x0a,
  0x13, 0x0c, 0x0c, 0x07, 0x0e, 0x07, 0x0e, 0x0e, 0x0e, 0x0e, 0x0e, 0x0e,
  0x18, 0x13, 0x0a, 0x0c, 0x0a, 0x0a, 0x05, 0x05, 0x0e, 0x0c, 0x0e, 0x11,
  0x07, 0x07, 0x0a, 0x05, 0x05, 0x0a, 0x0e, 0x0e, 0x0e, 0x0e, 0x0e, 0x0e,
  0x05, 0x05, 0x05, 0x05, 0x0e, 0x0e, 0x0e, 0x0e, 0x0e, 0x0e, 0x0a, 0x0c,
  0x0a, 0x07, 0x0e, 0x0c, 0x05, 0x11, 0x0c, 0x0e, 0x0c, 0x0c, 0x0c, 0x0c,
  0x0c, 0x05, 0x0a, 0x0a, 0x13, 0x13, 0x15, 0x0e, 0x0a, 0x0e, 0x0c, 0x0e,
  0x0e, 0x0c, 0x0c, 0x0a, 0x0e, 0x0e, 0x0e, 0x07, 0x0e, 0x0e, 0x0e, 0x0e,
  0x0a, 0x0e, 0x0c, 0x0c, 0x39, 0x05, 0x0a, 0x05, 0x0a, 0x0a, 0x07, 0x0a,
  0x14, 0x3c, 0x0a, 0x00, 0x08, 0x08, 0x08, 0x0a, 0x0f, 0x0f, 0x0f, 0x12,
  0x05, 0x08, 0x08, 0x0f, 0x0f, 0x08, 0x0a, 0x05, 0x0f, 0x0f, 0x08, 0x0f,
  0x0f, 0x0f, 0x0f, 0x0f, 0x0d, 0x0f, 0x0f, 0x0a, 0x0a, 0x0a, 0x0f, 0x0a,
  0x0d, 0x0f, 0x0f, 0x0f, 0x0f, 0x0f, 0x0f, 0x0f, 0x0f, 0x0f, 0x05, 0x0d,
  0x0f, 0x0d, 0x14, 0x0f, 0x0f, 0x0f, 0x0f, 0x0f, 0x0f, 0x0f, 0x0f, 0x0f,
  0x14, 0x0f, 0x0f, 0x0f, 0x08, 0x0f, 0x08, 0x0a, 0x0f, 0x08, 0x0d, 0x0d,
  0x0d, 0x0d, 0x0d, 0x08, 0x0d, 0x0d, 0x05, 0x08, 0x0d, 0x05, 0x14, 0x0d,
  0x0d, 0x0d, 0x0d, 0x0a, 0x0d, 0x0a, 0x0d, 0x0d, 0x14, 0x0d, 0x0d, 0x0d,
  0x0a, 0x0a, 0x0a, 0x0d, 0x0f, 0x0f, 0x0f, 0x0f, 0x0f, 0x0f, 0x0f, 0x0d,
  0x0d, 0x0d, 0x0d, 0x0d, 0x0d, 0x0d, 0x0d, 0x0d, 0x0d, 0x0d, 0x05, 0x05,
  0x05, 0x05, 0x0d, 0x0d, 0x0d, 0x0d, 0x0d, 0x0d, 0x0d, 0x0d, 0x0d, 0x0d,
  0x0a, 0x0a, 0x0f, 0x0f, 0x0a, 0x05, 0x0f, 0x0d, 0x0f, 0x0f, 0x17, 0x08,
  0x0d, 0x19, 0x0f, 0x0f, 0x0f, 0x0f, 0x0a, 0x0a, 0x14, 0x0d, 0x0d, 0x08,
  0x0f, 0x08, 0x0f, 0x0f, 0x0f, 0x0f, 0x0f, 0x0f, 0x19, 0x14, 0x0a, 0x0d,
  0x0a, 0x0a, 0x05, 0x05, 0x0f, 0x0d, 0x0f, 0x12, 0x08, 0x08, 0x0a, 0x05,
  0x05, 0x0a, 0x0f, 0x0f, 0x0f, 0x0f, 0x0f, 0x0f, 0x05, 0x05, 0x05, 0x05,
  0x0f, 0x0f, 0x0f, 0x0f, 0x0f, 0x0f, 0x0a, 0x0d, 0x0a, 0x08, 0x0f, 0x0d,
  0x05, 0x12, 0x0d, 0x0f, 0x0d, 0x0d, 0x0d, 0x0d, 0x0d, 0x05, 0x0a, 0x0a,
  0x14, 0x14, 0x17, 0x0f, 0x0a, 0x0f, 0x0d, 0x0f, 0x0f, 0x0d, 0x0d, 0x0a,
  0x0f, 0x0f, 0x0f, 0x08, 0x0f, 0x0f, 0x0f, 0x0f, 0x0a, 0x0f, 0x0d, 0x0d,
  0x3c, 0x05, 0x0a, 0x05, 0x0a, 0x0a, 0x08, 0x0a, 0x15, 0x3f, 0x0b, 0x00,
  0x08, 0x08, 0x08, 0x0b, 0x10, 0x10, 0x10, 0x12, 0x05, 0x08, 0x08, 0x10,
  0x10, 0x08, 0x0b, 0x05, 0x10, 0x10, 0x08, 0x10, 0x10, 0x10, 0x10, 0x10,
  0x0d, 0x10, 0x10, 0x0b, 0x0b, 0x0b, 0x10, 0x0b, 0x0d, 0x10, 0x10, 0x10,
  0x10, 0x10, 0x10, 0x10, 0x10, 0x10, 0x05, 0x0d, 0x10, 0x0d, 0x15, 0x10,
  0x10, 0x10, 0x10, 0x10, 0x10, 0x10, 0x10, 0x10, 0x15, 0x10, 0x10, 0x10,
  0x08, 0x10, 0x08, 0x0b, 0x10, 0x08, 0x0d, 0x0d, 0x0d, 0x0d, 0x0d, 0x08,
  0x0d, 0x0d, 0x05, 0x08, 0x0d, 0x05, 0x15, 0x0d, 0x0d, 0x0d, 0x0d, 0x0b,
  0x0d, 0x0b, 0x0d, 0x0d, 0x15, 0x0d, 0x0d, 0x0d, 0x0b, 0x0b, 0x0b, 0x0d,
  0x10, 0x10, 0x10, 0x10, 0x10, 0x10, 0x10, 0x0d, 0x0d, 0x0d, 0x0d, 0x0d,
  0x0d, 0x0d, 0x0d, 0x0d, 0x0d, 0x0d, 0x05, 0x05, 0x05, 0x05, 0x0d, 0x0d,
  0x0d, 0x0d, 0x0d, 0x0d, 0x0d, 0x0d, 0x0d, 0x0d, 0x0b, 0x0b, 0x10, 0x10,
  0x0b, 0x05, 0x10, 0x0d, 0x10, 0x10, 0x18, 0x08, 0x0d, 0x1a, 0x10, 0x10,
  0x10, 0x10, 0x0b, 0x0b, 0x15, 0x0d, 0x0d, 0x08, 0x10, 0x08, 0x10, 0x10,
  0x10, 0x10, 0x10, 0x10, 0x1a, 0x15, 0x0b, 0x0d, 0x0b, 0x0b, 0x05, 0x05,
  0x10, 0x0d, 0x10, 0x12, 0x08, 0x08, 0x0b, 0x05, 0x05, 0x0b, 0x10, 0x10,
  0x10, 0x10, 0x10, 0x10, 0x05, 0x05, 0x05, 0x05, 0x10, 0x10, 0x10, 0x10,
  0x10, 0x10, 0x0b, 0x0d, 0x0b, 0x08, 0x10, 0x0d, 0x05, 0x12, 0x0d, 0x10,
  0x0d, 0x0d, 0x0d, 0x0d, 0x0d, 0x05, 0x0b, 0x0b, 0x15, 0x15, 0x18, 0x10,
  0x0b, 0x10, 0x0d, 0x10, 0x10, 0x0d, 0x0d, 0x0b, 0x10, 0x10, 0x10, 0x08,
  0x10, 0x10, 0x10, 0x10, 0x0b, 0x10, 0x0d, 0x0d, 0x3f, 0x05, 0x0b, 0x05,
  0x0b, 0x0b, 0x08, 0x0b, 0x16, 0x42, 0x0b, 0x00, 0x08, 0x08, 0x08, 0x0b,
  0x11, 0x11, 0x11, 0x13, 0x06, 0x08, 0x08, 0x11, 0x11, 0x08, 0x0b, 0x06,
  0x11, 0x11, 0x08, 0x11, 0x11, 0x11, 0x11, 0x11, 0x0e, 0x11, 0x11, 0x0b,
  0x0b, 0x0b, 0x11, 0x0b, 0x0e, 0x11, 0x11, 0x11, 0x11, 0x11, 0x11, 0x11,
  0x11, 0x11, 0x06, 0x0e, 0x11, 0x0e, 0x16, 0x11, 0x11, 0x11, 0x11, 0x11,
  0x11, 0x11, 0x11, 0x11, 0x16, 0x11, 0x11, 0x11, 0x08, 0x11, 0x08, 0x0b,
  0x11, 0x08, 0x0e, 0x0e, 0x0e, 0x0e, 0x0e, 0x08, 0x0e, 0x0e, 0x06, 0x08,
  0x0e, 0x06, 0x16, 0x0e, 0x0e, 0x0e, 0x0e, 0x0b, 0x0e, 0x0b, 0x0e, 0x0e,
  0x16, 0x0e, 0x0e, 0x0e, 0x0b, 0x0b, 0x0b, 0x0e, 0x11, 0x11, 0x11, 0x11,
  0x11, 0x11, 0x11, 0x0e, 0x0e, 0x0e, 0x0e, 0x0e, 0x0e, 0x0e, 0x0e, 0x0e,
  0x0e, 0x0e, 0x06, 0x06, 0x06, 0x06, 0x0e, 0x0e, 0x0e, 0x0e, 0x0e, 0x0e,
  0x0e, 0x0e, 0x0e, 0x0e, 0x0b, 0x0b, 0x11, 0x11, 0x0b, 0x06, 0x11, 0x0e,
  0x11, 0x11, 0x19, 0x08, 0x0e, 0x1c, 0x11, 0x11, 0x11, 0x11, 0x0b, 0x0b,
  0x16, 0x0e, 0x0e, 0x08, 0x11, 0x08, 0x11, 0x11, 0x11, 0x11, 0x11, 0x11,
  0x1c, 0x16, 0x0b, 0x0e, 0x0b, 0x0b, 0x06, 0x06, 0x11, 0x0e, 0x11, 0x13,
  0x08, 0x08, 0x0b, 0x06, 0x06, 0x0b, 0x11, 0x11, 0x11, 0x11, 0x11, 0x11,
  0x06, 0x06, 0x06, 0x06, 0x11, 0x11, 0x11, 0x11, 0x11, 0x11, 0x0b, 0x0e,
  0x0b, 0x08, 0x11, 0x0e, 0x06, 0x13, 0x0e, 0x11, 0x0e, 0x0e, 0x0e, 0x0e,
  0x0e, 0x06, 0x0b, 0x0b, 0x16, 0x16, 0x19, 0x11, 0x0b, 0x11, 0x0e, 0x11,
  0x11, 0x0e, 0x0e, 0x0b, 0x11, 0x11, 0x11, 0x08, 0x11, 0x11, 0x11, 0x11,
  0x0b, 0x11, 0x0e, 0x0e, 0x42, 0x06, 0x0b, 0x06, 0x0b, 0x0b, 0x08, 0x0b,
  0x17, 0x45, 0x0c, 0x00, 0x09, 0x09, 0x09, 0x0c, 0x11, 0x11, 0x11, 0x14,
  0x06, 0x09, 0x09, 0x11, 0x11, 0x09, 0x0c, 0x06, 0x11, 0x11, 0x09, 0x11,
  0x11, 0x11, 0x11, 0x11, 0x0e, 0x11, 0x11, 0x0c, 0x0c, 0x0c, 0x11, 0x0c,
  0x0e, 0x11, 0x11, 0x11, 0x11, 0x11, 0x11, 0x11, 0x11, 0x11, 0x06, 0x0e,
  0x11, 0x0e, 0x17, 0x11, 0x11, 0x11, 0x11, 0x11, 0x11, 0x11, 0x11, 0x11,
  0x17, 0x11, 0x11, 0x11, 0x09, 0x11, 0x09, 0x0c, 0x11, 0x09, 0x0e, 0x0e,
  0x0e, 0x0e, 0x0e, 0x09, 0x0e, 0x0e, 0x06, 0x09, 0x0e, 0x06, 0x17, 0x0e,
  0x0e, 0x0e, 0x0e, 0x0c, 0x0e, 0x0c, 0x0e, 0x0e, 0x17, 0x0e, 0x0e, 0x0e,
  0x0c, 0x0c, 0x0c, 0x0e, 0x11, 0x11, 0x11, 0x11, 0x11, 0x11, 0x11, 0x0e,
  0x0e, 0x0e, 0x0e, 0x0e, 0x0e, 0x0e, 0x0e, 0x0e, 0x0e, 0x0e, 0x06, 0x06,
  0x06, 0x06, 0x0e, 0x0e, 0x0e, 0x0e, 0x0e, 0x0e, 0x0e, 0x0e, 0x0e, 0x0e,
  0x0c, 0x0c, 0x11, 0x11, 0x0c, 0x06, 0x11, 0x0e, 0x11, 0x11, 0x1a, 0x09,
  0x0e, 0x1d, 0x11, 0x11, 0x11, 0x11, 0x0c, 0x0c, 0x17, 0x0e, 0x0e, 0x09,
  0x11, 0x09, 0x11, 0x11, 0x11, 0x11, 0x11, 0x11, 0x1d, 0x17, 0x0c, 0x0e,
  0x0c, 0x0c, 0x06, 0x06, 0x11, 0x0e, 0x11, 0x14, 0x09, 0x09, 0x0c, 0x06,
  0x06, 0x0c, 0x11, 0x11, 0x11, 0x11, 0x11, 0x11, 0x06, 0x06, 0x06, 0x06,
  0x11, 0x11, 0x11, 0x11, 0x11, 0x11, 0x0c, 0x0e, 0x0c, 0x09, 0x11, 0x0e,
  0x06, 0x14, 0x0e, 0x11, 0x0e, 0x0e, 0x0e, 0x0e, 0x0e, 0x06, 0x0c, 0x0c,
  0x17, 0x17, 0x1a, 0x11, 0x0c, 0x11, 0x0e, 0x11, 0x11, 0x0e, 0x0e, 0x0c,
  0x11, 0x11, 0x11, 0x09, 0x11, 0x11, 0x11, 0x11, 0x0c, 0x11, 0x0e, 0x0e,
  0x45, 0x06, 0x0c, 0x06, 0x0c, 0x0c, 0x09, 0x0c, 0x18, 0x48, 0x0c, 0x00,
  0x09, 0x09, 0x09, 0x0c, 0x12, 0x12, 0x12, 0x15, 0x06, 0x09, 0x09, 0x12,
  0x12, 0x09, 0x0c, 0x06, 0x12, 0x12, 0x09, 0x12, 0x12, 0x12, 0x12, 0x12,
  0x0f, 0x12, 0x12, 0x0c, 0x0c, 0x0c, 0x12, 0x0c, 0x0f, 0x12, 0x12, 0x12,
  0x12, 0x12, 0x12, 0x12, 0x12, 0x12, 0x06, 0x0f, 0x12, 0x0f, 0x18, 0x12,
  0x12, 0x12, 0x12, 0x12, 0x12, 0x12, 0x12, 0x12, 0x18, 0x12, 0x12, 0x12,
  0x09, 0x12, 0x09, 0x0c, 0x12, 0x09, 0x0f, 0x0f, 0x0f, 0x0f, 0x0f, 0x09,
  0x0f, 0x0f, 0x06, 0x09, 0x0f, 0x06, 0x18, 0x0f, 0x0f, 0x0f, 0x0f, 0x0c,
  0x0f, 0x0c, 0x0f, 0x0f, 0x18, 0x0f, 0x0f, 0x0f, 0x0c, 0x0c, 0x0c, 0x0f,
  0x12, 0x12, 0x12, 0x12, 0x12, 0x12, 0x12, 0x0f, 0x0f, 0x0f, 0x0f, 0x0f,
  0x0f, 0x0f, 0x0f, 0x0f, 0x0f, 0x0f, 0x06, 0x06, 0x06, 0x06, 0x0f, 0x0f,
  0x0f, 0x0f, 0x0f, 0x0f, 0x0f, 0x0f, 0x0f, 0x0f, 0x0c, 0x0c, 0x12, 0x12,
  0x0c, 0x06, 0x12, 0x0f, 0x12, 0x12, 0x1b, 0x09, 0x0f, 0x1e, 0x12, 0x12,
  0x12, 0x12, 0x0c, 0x0c, 0x18, 0x0f, 0x0f, 0x09, 0x12, 0x09, 0x12, 0x12,
  0x12, 0x12, 0x12, 0x12, 0x1e, 0x18, 0x0c, 0x0f, 0x0c, 0x0c, 0x06, 0x06,
  0x12, 0x0f, 0x12, 0x15, 0x09, 0x09, 0x0c, 0x06, 0x06, 0x0c, 0x12, 0x12,
  0x12, 0x12, 0x12, 0x12, 0x06, 0x06, 0x06, 0x06, 0x12, 0x12, 0x12, 0x12,
  0x12, 0x12, 0x0c, 0x0f, 0x0c, 0x09, 0x12, 0x0f, 0x06, 0x15, 0x0f, 0x12,
  0x0f, 0x0f, 0x0f, 0x0f, 0x0f, 0x06, 0x0c, 0x0c, 0x18, 0x18, 0x1b, 0x12,
  0x0c, 0x12, 0x0f, 0x12, 0x12, 0x0f, 0x0f, 0x0c, 0x12, 0x12, 0x12, 0x09,
  0x12, 0x12, 0x12, 0x12, 0x0c, 0x12, 0x0f, 0x0f, 0x48, 0x06, 0x0c, 0x06,
  0x0c, 0x0c, 0x09, 0x0c, 0x00, 0x00, 0x02, 0x1c, 0x01, 0x90, 0x00, 0x05,
  0x00, 0x01, 0x02, 0xbc, 0x02, 0x8a, 0x00, 0x00, 0x00, 0x8f, 0x02, 0xbc,
  0x02, 0x8a, 0x00, 0x00, 0x01, 0xc5, 0x00, 0x32, 0x01, 0x03, 0x00, 0x00,
  0x00, 0x00, 0x04, 0x00, 0x00, 0x00, 0x00, 0x00, 0x00, 0x00, 0x00, 0x00,
  0x00, 0x00, 0x00, 0x00, 0x00, 0x00, 0x00, 0x00, 0x00, 0x00, 0x00, 0x00,
  0x00, 0x00, 0x41, 0x6c, 0x74, 0x73, 0x00, 0x40, 0x00, 0x20, 0xf0, 0x02,
  0x03, 0x6b, 0xff, 0x06, 0x00, 0x00, 0x03, 0xe9, 0x00, 0xfa, 0x00, 0x00,
  0x00, 0x01, 0x00, 0x00, 0x00, 0x01, 0x00, 0x00, 0x60, 0xfe, 0x1a, 0xfd,
  0x5f, 0x0f, 0x3c, 0xf5, 0x00, 0x00, 0x03, 0xe8, 0x00, 0x00, 0x00, 0x00,
  0xb8, 0x56, 0x03, 0x5d, 0x00, 0x00, 0x00, 0x00, 0xb8, 0x56, 0x03, 0x5d,
  0xff, 0x83, 0xff, 0x06, 0x0b, 0x3b, 0x03, 0xe9, 0x00, 0x00, 0x00, 0x03,
  0x00, 0x02, 0x00, 0x01, 0x00, 0x00, 0x00, 0x00, 0x00, 0x01, 0x00, 0x00,
  0x03, 0x6b, 0xff, 0x06, 0x00, 0x00, 0x0b, 0xb8, 0xff, 0x83, 0x00, 0x00,
  0x0b, 0x3b, 0x00, 0x01, 0x00, 0x00, 0x00, 0x00, 0x00, 0x00, 0x00, 0x00,
  0x00, 0x00, 0x00, 0x00, 0x00, 0x00, 0x00, 0xf6, 0x00, 0x01, 0x00, 0x00,
  0x00, 0xf6, 0x00, 0x2e, 0x00, 0x06, 0x00, 0x00, 0x00, 0x00, 0x00, 0x02,
  0x00, 0x08, 0x00, 0x40, 0x00, 0x0a, 0x00, 0x00, 0x00, 0x76, 0x00, 0xcc,
  0x00, 0x01, 0x00, 0x01
};
int hooge_05_53_ttf_len = 48952;
